dataset,filename,stem,extension,size_bytes,width,height,mode,md5,phash,path
dataset_A,a8b8f6be161a4bdcabcc947b3e72f8b2.jpg,a8b8f6be161a4bdcabcc947b3e72f8b2,.jpg,184836,1007,669,RGB,503e934b87c83e0b99bce1eb3f4eb2c9,97ca6e97529a2827,data\raw\dataset_A\a8b8f6be161a4bdcabcc947b3e72f8b2.jpg
dataset_A,Capture.JPG,Capture,.jpg,19225,450,226,RGB,4ebe82d6f27b175ebd18b29b71614ffd,bc708f9cc18fd807,data\raw\dataset_A\Capture.JPG
dataset_A,IMG20221107210304.jpg,IMG20221107210304,.jpg,4819710,3456,4608,RGB,2aa7aa9459bef96d5b457274b0999627,9c9cd9d90d2d4cc9,data\raw\dataset_A\Pics\IMG20221107210304.jpg
dataset_A,IMG20221107210333.jpg,IMG20221107210333,.jpg,5233899,3456,4608,RGB,3536c3845c5fd1f30108a519cdc2fb08,d0c322e3d495157f,data\raw\dataset_A\Pics\IMG20221107210333.jpg
dataset_A,IMG20221107210338.jpg,IMG20221107210338,.jpg,5453194,3456,4608,RGB,4e347c23409c57572327cb4b56a5f743,b6afc9c002eda786,data\raw\dataset_A\Pics\IMG20221107210338.jpg
dataset_A,IMG20221107210347.jpg,IMG20221107210347,.jpg,5306988,3456,4608,RGB,9bd67c4962c6dbc13c1cd7af1a26d2a9,d69687a1031f9d9c,data\raw\dataset_A\Pics\IMG20221107210347.jpg
dataset_A,IMG20221107210349.jpg,IMG20221107210349,.jpg,5203090,3456,4608,RGB,b454cea475d6e4f43c66e9eec1bd6838,ce8c8dbc183e3a33,data\raw\dataset_A\Pics\IMG20221107210349.jpg
dataset_A,IMG20221107210403.jpg,IMG20221107210403,.jpg,5037233,3456,4608,RGB,931d79f31217d6d1df2e606cd5aa1066,9497cb8b898d8f32,data\raw\dataset_A\Pics\IMG20221107210403.jpg
dataset_A,IMG20221107210405.jpg,IMG20221107210405,.jpg,4977577,3456,4608,RGB,fc65c54c2d4925d6f1d97e47e4ce5e4e,93838e0e45657b7a,data\raw\dataset_A\Pics\IMG20221107210405.jpg
dataset_A,IMG20221107210407.jpg,IMG20221107210407,.jpg,5378965,3456,4608,RGB,68eedc5aab381d5792a9a466819751bc,9696869e4e47752c,data\raw\dataset_A\Pics\IMG20221107210407.jpg
dataset_A,IMG20221107210411.jpg,IMG20221107210411,.jpg,5373524,3456,4608,RGB,70c9fb114252c49ccdea1740c4ab7f37,b591d3d284637077,data\raw\dataset_A\Pics\IMG20221107210411.jpg
dataset_A,IMG20221107210417.jpg,IMG20221107210417,.jpg,5441623,3456,4608,RGB,b40fe4530157102a5e28a1025f70c44a,bb981b3b77616482,data\raw\dataset_A\Pics\IMG20221107210417.jpg
dataset_A,IMG20221107210433.jpg,IMG20221107210433,.jpg,5001813,3456,4608,RGB,6d34ace73c2e374dddd8a67a6ce70429,99d991c1731b9b07,data\raw\dataset_A\Pics\IMG20221107210433.jpg
dataset_A,IMG20221107210442.jpg,IMG20221107210442,.jpg,4468666,3456,4608,RGB,389eca69401daa8379ba14d57afa641f,89898d6c1dc9f89e,data\raw\dataset_A\Pics\IMG20221107210442.jpg
dataset_A,IMG20221107210444.jpg,IMG20221107210444,.jpg,5172958,3456,4608,RGB,62795a0894a71002aad14512d3034942,c7959d651404f99d,data\raw\dataset_A\Pics\IMG20221107210444.jpg
dataset_A,IMG20221107210529.jpg,IMG20221107210529,.jpg,5558213,3456,4608,RGB,58789df29b62d27f4200a1f8886dac5a,c3eb8a91198ccedc,data\raw\dataset_A\Pics\IMG20221107210529.jpg
dataset_A,IMG20221107210548.jpg,IMG20221107210548,.jpg,6192742,3456,4608,RGB,f8317d9774f3a088da34588d5384334e,d6e625252d787a52,data\raw\dataset_A\Pics\IMG20221107210548.jpg
dataset_A,IMG20221107210552.jpg,IMG20221107210552,.jpg,5647935,3456,4608,RGB,fd8478d630ce207d41dcf241995ae6dd,d9888676d5919177,data\raw\dataset_A\Pics\IMG20221107210552.jpg
dataset_A,IMG20221107210559.jpg,IMG20221107210559,.jpg,6232341,3456,4608,RGB,e5e3a25e8a65c11f884253640ea5d545,da9b3f2565c13232,data\raw\dataset_A\Pics\IMG20221107210559.jpg
dataset_A,IMG20221107210600.jpg,IMG20221107210600,.jpg,5174093,3456,4608,RGB,3d744277890efaf099586568bfda46d9,c0d23f6dc0c69f19,data\raw\dataset_A\Pics\IMG20221107210600.jpg
dataset_A,IMG20221107210603.jpg,IMG20221107210603,.jpg,5039000,3456,4608,RGB,2315598f8e09d3475bcf176e3d1bcc3e,ca8abf272b68d8c2,data\raw\dataset_A\Pics\IMG20221107210603.jpg
dataset_A,IMG20221107210614.jpg,IMG20221107210614,.jpg,4893101,3456,4608,RGB,d28171c5fbf933159ddf6abe2ec20c3a,f3e283c3961c3e4c,data\raw\dataset_A\Pics\IMG20221107210614.jpg
dataset_A,IMG20221107210627.jpg,IMG20221107210627,.jpg,6651818,3456,4608,RGB,87d7c640a9956dfe96963d8d5134a524,e0e4247478d3737c,data\raw\dataset_A\Pics\IMG20221107210627.jpg
dataset_A,IMG20221107210628.jpg,IMG20221107210628,.jpg,5416081,3456,4608,RGB,41de92b58c89b15280f55691b34f3b3e,c1c14a7ebc2f6970,data\raw\dataset_A\Pics\IMG20221107210628.jpg
dataset_A,IMG20221107210643.jpg,IMG20221107210643,.jpg,5760969,3456,4608,RGB,f8fe163319538cb84ccc1c8fdee635a9,d8e9a7a0a8d8dae1,data\raw\dataset_A\Pics\IMG20221107210643.jpg
dataset_A,IMG20221107210649.jpg,IMG20221107210649,.jpg,5625727,3456,4608,RGB,1b00bd6b742055724e061fb6ec09d513,ffd682260c991b1b,data\raw\dataset_A\Pics\IMG20221107210649.jpg
dataset_A,IMG20221107210651.jpg,IMG20221107210651,.jpg,5147562,3456,4608,RGB,8028b5637b604514e43e0c5149e3c56c,f0f59f30307063c7,data\raw\dataset_A\Pics\IMG20221107210651.jpg
dataset_A,IMG20221107211402.jpg,IMG20221107211402,.jpg,4693840,3456,4608,RGB,ee043a1bfb53b73174e37feccecaa5ea,86a6fb93c44c383b,data\raw\dataset_A\Pics\IMG20221107211402.jpg
dataset_A,IMG20221109100804.jpg,IMG20221109100804,.jpg,3193208,3456,4608,RGB,343f857ac19dbfcc9ebff654704d0f6d,f074b60b4b888f8f,data\raw\dataset_A\Pics\IMG20221109100804.jpg
dataset_A,IMG20221109100805.jpg,IMG20221109100805,.jpg,3116800,3456,4608,RGB,3ae8a05e9676d4221aa79c6ad7538790,f474f4024e9fb1e0,data\raw\dataset_A\Pics\IMG20221109100805.jpg
dataset_A,IMG20221109100809.jpg,IMG20221109100809,.jpg,3325537,3456,4608,RGB,1171fc5ce91de01876173de93eb09332,cc0cce8b20e5deba,data\raw\dataset_A\Pics\IMG20221109100809.jpg
dataset_A,IMG20221109100815.jpg,IMG20221109100815,.jpg,3003965,3456,4608,RGB,2aee6c24532e4a09ab38cbef6b1a443b,83a3ab542d8dc637,data\raw\dataset_A\Pics\IMG20221109100815.jpg
dataset_A,IMG20221109100819.jpg,IMG20221109100819,.jpg,2649384,3456,4608,RGB,39cea474cb5ae524e6c7cf7af4b8da2b,90f68e0bc9a6cb8d,data\raw\dataset_A\Pics\IMG20221109100819.jpg
dataset_A,IMG20221109100905.jpg,IMG20221109100905,.jpg,3572312,3456,4608,RGB,0010de21f41a24898896f975fdcf7d3d,f6bebe42c13cc1a0,data\raw\dataset_A\Pics\IMG20221109100905.jpg
dataset_A,IMG20221109100908.jpg,IMG20221109100908,.jpg,3315985,3456,4608,RGB,f6df791aca7c90aaa9c73f29d795ead8,8c4dcd9f2a6a9615,data\raw\dataset_A\Pics\IMG20221109100908.jpg
dataset_A,IMG20221109100924.jpg,IMG20221109100924,.jpg,2994333,3456,4608,RGB,387eb651198042fbcaced65acda2de4e,eb63e3a020ce1e3d,data\raw\dataset_A\Pics\IMG20221109100924.jpg
dataset_A,IMG20221109100940.jpg,IMG20221109100940,.jpg,3040910,3456,4608,RGB,d11e41ed99326e6bfbe072948f26cfa6,9f1fdab239c58064,data\raw\dataset_A\Pics\IMG20221109100940.jpg
dataset_A,IMG20221109100941.jpg,IMG20221109100941,.jpg,2955119,3456,4608,RGB,93651fa2e22b4ee61563e609f7010d81,da7afaba2c4e0921,data\raw\dataset_A\Pics\IMG20221109100941.jpg
dataset_A,IMG20221109100942.jpg,IMG20221109100942,.jpg,3068064,3456,4608,RGB,3d010b79f09430dcfc7710caf564481c,b131d19a3c6d1d95,data\raw\dataset_A\Pics\IMG20221109100942.jpg
dataset_A,IMG20221109101000.jpg,IMG20221109101000,.jpg,3310255,3456,4608,RGB,7aeb2f44896e84a9cc1068db522b2ccb,d4d89b3944c0bf3c,data\raw\dataset_A\Pics\IMG20221109101000.jpg
dataset_A,IMG20221109101014.jpg,IMG20221109101014,.jpg,5367186,3456,4608,RGB,19b15a2d1599a989501cf5fe113ed778,8587d3fa293896c6,data\raw\dataset_A\Pics\IMG20221109101014.jpg
dataset_A,IMG20221109101015.jpg,IMG20221109101015,.jpg,5370278,3456,4608,RGB,53b8b919c1bb9da1f5315aced3728695,c6c2c2c2f2f5558d,data\raw\dataset_A\Pics\IMG20221109101015.jpg
dataset_A,IMG20221109101024.jpg,IMG20221109101024,.jpg,7073171,3456,4608,RGB,dd96f5012518f6e35bc3306f83ff6004,d7270ae278393b07,data\raw\dataset_A\Pics\IMG20221109101024.jpg
dataset_A,IMG20221109101039.jpg,IMG20221109101039,.jpg,5036846,3456,4608,RGB,b68c02e361d38ac390c1d9388f3de8bb,c9e9c98389c8da73,data\raw\dataset_A\Pics\IMG20221109101039.jpg
dataset_A,IMG20221109101041.jpg,IMG20221109101041,.jpg,6674761,3456,4608,RGB,856729f8af9755aa1a17789ad977b8dd,e6e6c784ac2d6923,data\raw\dataset_A\Pics\IMG20221109101041.jpg
dataset_A,IMG20221109101042.jpg,IMG20221109101042,.jpg,6582126,3456,4608,RGB,2132dba6116eeb8b7155af61a877c5f5,cec4c98bda3b431a,data\raw\dataset_A\Pics\IMG20221109101042.jpg
dataset_A,IMG20221109101044.jpg,IMG20221109101044,.jpg,7041441,3456,4608,RGB,640637210fec3bfb9178a02fc3214461,fdc1c6d98b2e0952,data\raw\dataset_A\Pics\IMG20221109101044.jpg
dataset_A,IMG20221109101046.jpg,IMG20221109101046,.jpg,5641446,3456,4608,RGB,8318dd20195763fea906a9639e78dc7d,f6c9c396a5405fb0,data\raw\dataset_A\Pics\IMG20221109101046.jpg
dataset_A,IMG20221109101049.jpg,IMG20221109101049,.jpg,6680782,3456,4608,RGB,25cba35dc5e3b7f612fb0d3bf702fd19,afafa9b13504e8a8,data\raw\dataset_A\Pics\IMG20221109101049.jpg
dataset_A,IMG20221109101050.jpg,IMG20221109101050,.jpg,7205310,3456,4608,RGB,454da62a874c3cacffa462b18befb5a5,b191d59147e6a4ad,data\raw\dataset_A\Pics\IMG20221109101050.jpg
dataset_A,IMG20221109101139.jpg,IMG20221109101139,.jpg,6108386,3456,4608,RGB,d1b1877db4ca5efc339fec917434fc7d,957c52d6170733b1,data\raw\dataset_A\Pics\IMG20221109101139.jpg
dataset_A,IMG20221109101152.jpg,IMG20221109101152,.jpg,4493941,3456,4608,RGB,58c2f38f15666e463d6dff4a87881941,f677afc29810164d,data\raw\dataset_A\Pics\IMG20221109101152.jpg
dataset_A,IMG20221109101210.jpg,IMG20221109101210,.jpg,7079126,3456,4608,RGB,51d9b3b6ff832a6f36a2cb29ec49bd77,b9b1b7e0db568103,data\raw\dataset_A\Pics\IMG20221109101210.jpg
dataset_A,IMG20221109101219.jpg,IMG20221109101219,.jpg,5785206,3456,4608,RGB,a53184b397d8fc540e9575eda7b34684,f8fa3d04f0525e4a,data\raw\dataset_A\Pics\IMG20221109101219.jpg
dataset_A,IMG20221109101220.jpg,IMG20221109101220,.jpg,6115958,3456,4608,RGB,36f8fbe27d6ac37b725e0b41afa5ebad,adbd0442dad8f343,data\raw\dataset_A\Pics\IMG20221109101220.jpg
dataset_A,IMG20221109101225.jpg,IMG20221109101225,.jpg,6685347,3456,4608,RGB,92251cbbcd1034574b17a8acc2fd31ea,82678cb1a2accddd,data\raw\dataset_A\Pics\IMG20221109101225.jpg
dataset_A,IMG20221109101229.jpg,IMG20221109101229,.jpg,5119262,3456,4608,RGB,d12d3b8b94a4450844efd4ac10af37bf,812f6eec2c0f4f0b,data\raw\dataset_A\Pics\IMG20221109101229.jpg
dataset_A,IMG20221109101617.jpg,IMG20221109101617,.jpg,6641731,3456,4608,RGB,9a8aa86a3ad229402630f8f55f62c0f0,edada5d59585212a,data\raw\dataset_A\Pics\IMG20221109101617.jpg
dataset_A,IMG20221109101621.jpg,IMG20221109101621,.jpg,5414110,3456,4608,RGB,1b21022a55d6d00e780bba70dd54ebed,b999d9db822614dc,data\raw\dataset_A\Pics\IMG20221109101621.jpg
dataset_A,IMG20221109101623.jpg,IMG20221109101623,.jpg,5174055,3456,4608,RGB,c9bba5fe53a1cb523572bb7c30540bf8,fdbfb434909007ac,data\raw\dataset_A\Pics\IMG20221109101623.jpg
dataset_A,IMG20221109101624.jpg,IMG20221109101624,.jpg,6373254,3456,4608,RGB,d7749bc5145d54c785967da462435057,f5e1e17106ae5931,data\raw\dataset_A\Pics\IMG20221109101624.jpg
dataset_A,IMG20221109101625.jpg,IMG20221109101625,.jpg,5401520,3456,4608,RGB,da003c731f858a1c61e3a1125a3e01b7,e5e3e70e089c256b,data\raw\dataset_A\Pics\IMG20221109101625.jpg
dataset_A,IMG20221109101626.jpg,IMG20221109101626,.jpg,6746402,3456,4608,RGB,41b53f14b7f645f8707b3b3ded29aa6f,fafcf420629ccc68,data\raw\dataset_A\Pics\IMG20221109101626.jpg
dataset_A,IMG20221109101628.jpg,IMG20221109101628,.jpg,6472918,3456,4608,RGB,1fa730c0cf0acfc14fa8ae9afd16b24a,c892c2e2d99c97ea,data\raw\dataset_A\Pics\IMG20221109101628.jpg
dataset_A,IMG20221109101629.jpg,IMG20221109101629,.jpg,6282484,3456,4608,RGB,9751621abb0aa6ebf555643e032b2e3a,f9b9496583d89a1a,data\raw\dataset_A\Pics\IMG20221109101629.jpg
dataset_A,IMG20221109101632.jpg,IMG20221109101632,.jpg,5237477,3456,4608,RGB,15b78561bb5435cc06c0322360faba37,d0d889e9d889e1f3,data\raw\dataset_A\Pics\IMG20221109101632.jpg
dataset_A,IMG20221109101633.jpg,IMG20221109101633,.jpg,5357975,3456,4608,RGB,6d2099b8ac908677f482a3a2927315d2,e0d1e16687ecf8d0,data\raw\dataset_A\Pics\IMG20221109101633.jpg
dataset_A,IMG20221109101634.jpg,IMG20221109101634,.jpg,5016250,3456,4608,RGB,492c646eda05c5234cbb6c2845348349,cac8d074c5c3c5ee,data\raw\dataset_A\Pics\IMG20221109101634.jpg
dataset_A,IMG20221109101635.jpg,IMG20221109101635,.jpg,5971507,3456,4608,RGB,bd3391adfa94961cd04af6c30c7ac683,dfba6063858e4c5a,data\raw\dataset_A\Pics\IMG20221109101635.jpg
dataset_A,IMG20221109101637.jpg,IMG20221109101637,.jpg,5849781,3456,4608,RGB,948c9154c3153d2acb1a02a313daa205,8f1e733387063cf0,data\raw\dataset_A\Pics\IMG20221109101637.jpg
dataset_A,IMG20221109101638.jpg,IMG20221109101638,.jpg,5288027,3456,4608,RGB,1752e844d041abb6a668759ac0876887,d088e87095ceeef4,data\raw\dataset_A\Pics\IMG20221109101638.jpg
dataset_A,IMG20221109101640.jpg,IMG20221109101640,.jpg,5116474,3456,4608,RGB,59ad1f0398db914a8f2295fa9efa453e,f8f8173e282484fe,data\raw\dataset_A\Pics\IMG20221109101640.jpg
dataset_A,IMG20221109101643.jpg,IMG20221109101643,.jpg,5897157,3456,4608,RGB,308b6e162d5b6654e2e81bf1252fd268,c40e577e3e94c0f4,data\raw\dataset_A\Pics\IMG20221109101643.jpg
dataset_A,IMG20221109101643_01.jpg,IMG20221109101643_01,.jpg,5882531,3456,4608,RGB,17c3ca06d2039cd3a69fddaaf4c7e6ee,e120273babfa78a8,data\raw\dataset_A\Pics\IMG20221109101643_01.jpg
dataset_A,IMG20221109101645.jpg,IMG20221109101645,.jpg,6162988,3456,4608,RGB,00470ab3def95c7e401617d0e27660ab,d707896a368e4e78,data\raw\dataset_A\Pics\IMG20221109101645.jpg
dataset_A,IMG20221109101647.jpg,IMG20221109101647,.jpg,5925950,3456,4608,RGB,b27fa3898448a88b2a77a765a4386a4b,f830851b09c1ff2f,data\raw\dataset_A\Pics\IMG20221109101647.jpg
dataset_A,IMG20221109101649.jpg,IMG20221109101649,.jpg,6251569,3456,4608,RGB,b8fdff78d74ac7d1d80692b01e00145e,ce1599ea7815894f,data\raw\dataset_A\Pics\IMG20221109101649.jpg
dataset_A,IMG20221109101650.jpg,IMG20221109101650,.jpg,6014657,3456,4608,RGB,845b1854b67c40559cc1d4d39dd2d863,c800d77f3e97e250,data\raw\dataset_A\Pics\IMG20221109101650.jpg
dataset_A,IMG20221109101650_01.jpg,IMG20221109101650_01,.jpg,6526134,3456,4608,RGB,19cad7c1075af20acfa738749f125c3b,f074d53f1fc0283a,data\raw\dataset_A\Pics\IMG20221109101650_01.jpg
dataset_A,IMG20221109101652.jpg,IMG20221109101652,.jpg,5728505,3456,4608,RGB,e0b2ae22b8069a22a18852fe878aa87d,8b9e5e6b31303a2d,data\raw\dataset_A\Pics\IMG20221109101652.jpg
dataset_A,IMG20221109101653.jpg,IMG20221109101653,.jpg,4960557,3456,4608,RGB,fdbc2c87abe68ecbad0060cca8ff450c,8786434f3e1e4f4a,data\raw\dataset_A\Pics\IMG20221109101653.jpg
dataset_A,IMG20221109101654.jpg,IMG20221109101654,.jpg,5591545,3456,4608,RGB,a28c8e0c8c5d6211bba7d539233ea27d,ea55d3f670c0e033,data\raw\dataset_A\Pics\IMG20221109101654.jpg
dataset_A,IMG20221109101655.jpg,IMG20221109101655,.jpg,5234237,3456,4608,RGB,e9a60931ba66d61597816d531bb99bdd,d294f57390c2279e,data\raw\dataset_A\Pics\IMG20221109101655.jpg
dataset_A,IMG20221109101656.jpg,IMG20221109101656,.jpg,5779582,3456,4608,RGB,d81f8d0521d83d178131bbf4c29ad3e7,ce8ef4e3c6442cc6,data\raw\dataset_A\Pics\IMG20221109101656.jpg
dataset_A,IMG20221109101657.jpg,IMG20221109101657,.jpg,6635487,3456,4608,RGB,f4978b436035a1c26fdf4ff04d093212,a7dd6b40993e8135,data\raw\dataset_A\Pics\IMG20221109101657.jpg
dataset_A,IMG20221109101659.jpg,IMG20221109101659,.jpg,6571251,3456,4608,RGB,fe3dc43eb171eea375740313788c3a6d,d28aaa7ad2609b9e,data\raw\dataset_A\Pics\IMG20221109101659.jpg
dataset_A,IMG20221109101700.jpg,IMG20221109101700,.jpg,6300612,3456,4608,RGB,d6f9e8f232b3b1c877c9f3653aaa720e,cf8ffc60a545b80c,data\raw\dataset_A\Pics\IMG20221109101700.jpg
dataset_A,IMG20221109101715.jpg,IMG20221109101715,.jpg,6512398,3456,4608,RGB,c7bcc61b93001420d04052d4cf1fd72d,baff8126c2941fc8,data\raw\dataset_A\Pics\IMG20221109101715.jpg
dataset_A,IMG20221109120204.jpg,IMG20221109120204,.jpg,3441055,3456,4608,RGB,8261d3c3821301232b7539c0be352012,a3f4f420213dd567,data\raw\dataset_A\Pics\IMG20221109120204.jpg
dataset_A,IMG20221109120207.jpg,IMG20221109120207,.jpg,3814329,3456,4608,RGB,6d17081bc12ea008f6211a23c0f8d03f,a482c23f3f83c1d7,data\raw\dataset_A\Pics\IMG20221109120207.jpg
dataset_A,IMG20221109120213.jpg,IMG20221109120213,.jpg,4584240,3456,4608,RGB,449191fa398c40a828e5a05eef571c05,cb4b507c6ca4d25b,data\raw\dataset_A\Pics\IMG20221109120213.jpg
dataset_A,IMG20221109120214.jpg,IMG20221109120214,.jpg,4380202,3456,4608,RGB,d0324a9cfba23b8ec98ac4dccb27b5a8,c94b525c6cb4d34b,data\raw\dataset_A\Pics\IMG20221109120214.jpg
dataset_A,IMG20221109120219.jpg,IMG20221109120219,.jpg,4701505,3456,4608,RGB,d50098853fccc85b94dedf2daec28136,f0305c9d6357d4d4,data\raw\dataset_A\Pics\IMG20221109120219.jpg
dataset_A,IMG20221109120220.jpg,IMG20221109120220,.jpg,3698754,3456,4608,RGB,85e0fa53b69322acc592bbdc6c2fff8c,bf47863878843771,data\raw\dataset_A\Pics\IMG20221109120220.jpg
dataset_A,IMG20221109120222.jpg,IMG20221109120222,.jpg,3636051,3456,4608,RGB,f94afd3c5d529f5cac33dd113b4e05a9,d562c1a72fc39172,data\raw\dataset_A\Pics\IMG20221109120222.jpg
dataset_A,IMG20221109120227.jpg,IMG20221109120227,.jpg,3343825,3456,4608,RGB,a78b6c324fa8a64d6e5089fe2a0ae339,956aca4888979e7e,data\raw\dataset_A\Pics\IMG20221109120227.jpg
dataset_A,IMG20221109120243.jpg,IMG20221109120243,.jpg,2001109,2448,3264,RGB,a2060d2634b36b0566753bf56b481329,c07e3f80b97c68c5,data\raw\dataset_A\Pics\IMG20221109120243.jpg
dataset_A,IMG20221109120246.jpg,IMG20221109120246,.jpg,5536581,3456,4608,RGB,1f57f8b2a300b4b7bd6ef2c760e99569,c07b87901f1eb0f9,data\raw\dataset_A\Pics\IMG20221109120246.jpg
dataset_A,IMG20221109120248.jpg,IMG20221109120248,.jpg,4445796,3456,4608,RGB,fe5e10b7523cbd4ac3cd062eb5dfe03d,f645e97496a629c1,data\raw\dataset_A\Pics\IMG20221109120248.jpg
dataset_A,IMG20221109120250.jpg,IMG20221109120250,.jpg,3665482,3456,4608,RGB,9ac904a1dbc8c815213ad6ca64b48fa6,e0809cfe8f6a981f,data\raw\dataset_A\Pics\IMG20221109120250.jpg
dataset_A,IMG20221109120255.jpg,IMG20221109120255,.jpg,4579029,3456,4608,RGB,9a904eed518e6d44ac7e79d07a9f7aef,8c04958f1e9cb1fd,data\raw\dataset_A\Pics\IMG20221109120255.jpg
dataset_A,IMG20221109120257.jpg,IMG20221109120257,.jpg,5036506,3456,4608,RGB,f272f791b854427935c56d3cbaa897fb,bf2fc5507814d6b0,data\raw\dataset_A\Pics\IMG20221109120257.jpg
dataset_A,IMG20221109152520.jpg,IMG20221109152520,.jpg,2613544,3456,4608,RGB,213660013f3ada070d058acb1b886f5d,ec6cf71301a03e7c,data\raw\dataset_A\Pics\IMG20221109152520.jpg
dataset_A,IMG20221109152524.jpg,IMG20221109152524,.jpg,2559854,3456,4608,RGB,a5ec9523ece5fb65499d021f8a8d52a0,bacd863fbd028b24,data\raw\dataset_A\Pics\IMG20221109152524.jpg
dataset_A,IMG20221109152528.jpg,IMG20221109152528,.jpg,3156629,3456,4608,RGB,286ed727ff3e79cc33d4b2fb8ad0b810,c1c99cc663d99c6c,data\raw\dataset_A\Pics\IMG20221109152528.jpg
dataset_A,IMG20221109152920.jpg,IMG20221109152920,.jpg,3226018,3456,4608,RGB,42b2603269dacfdfa8a2e2c95fcd0c59,a676de9c21ac9e48,data\raw\dataset_A\Pics\IMG20221109152920.jpg
dataset_A,IMG20221109152921.jpg,IMG20221109152921,.jpg,3090260,3456,4608,RGB,c2cf5537875d0a68d7395f8a34144047,ea5070e070fabcf4,data\raw\dataset_A\Pics\IMG20221109152921.jpg
dataset_A,IMG20221109153018.jpg,IMG20221109153018,.jpg,3610514,3456,4608,RGB,a428398db4ef29327e740a10032c9c26,d476d6c1699d1a68,data\raw\dataset_A\Pics\IMG20221109153018.jpg
dataset_A,IMG20221109153019.jpg,IMG20221109153019,.jpg,4751239,3456,4608,RGB,9d70c07e0232d158997549ed12481f73,8666ddcd66e28a70,data\raw\dataset_A\Pics\IMG20221109153019.jpg
dataset_A,IMG20221109153113.jpg,IMG20221109153113,.jpg,6492435,3456,4608,RGB,0228c56c89dcec5ba48f6dfa7b04bd46,ca6cbcbb9a32a229,data\raw\dataset_A\Pics\IMG20221109153113.jpg
dataset_A,IMG20221109153114.jpg,IMG20221109153114,.jpg,6060700,3456,4608,RGB,6641ff27e07da97dbe12d06c91c884fd,c56d32563f4929a5,data\raw\dataset_A\Pics\IMG20221109153114.jpg
dataset_A,IMG20221109153115.jpg,IMG20221109153115,.jpg,6580617,3456,4608,RGB,0b5b55e0d2892d3866766d7bec2da581,cab2b52d266c879a,data\raw\dataset_A\Pics\IMG20221109153115.jpg
dataset_A,IMG20221109153116.jpg,IMG20221109153116,.jpg,7090635,3456,4608,RGB,4aa0ce384a19a5014479ab1bdafc82a2,f37050d8f2f2d2c8,data\raw\dataset_A\Pics\IMG20221109153116.jpg
dataset_A,IMG20221109153117.jpg,IMG20221109153117,.jpg,6986796,3456,4608,RGB,65c35dd362332e19ce6829127a0693aa,e724507067e5d9d8,data\raw\dataset_A\Pics\IMG20221109153117.jpg
dataset_A,IMG20221109153118.jpg,IMG20221109153118,.jpg,6598585,3456,4608,RGB,eaef5a36895abda0b3651d7066a4cd68,e3099d25667a1b4d,data\raw\dataset_A\Pics\IMG20221109153118.jpg
dataset_A,IMG20221109153122.jpg,IMG20221109153122,.jpg,6395691,3456,4608,RGB,2b6348acbb9f6f72c6720823340f1b74,c7c38393a1e5c587,data\raw\dataset_A\Pics\IMG20221109153122.jpg
dataset_A,IMG20221109153124.jpg,IMG20221109153124,.jpg,6332484,3456,4608,RGB,525d4fb3c82584e91e486ca3bc325815,e1f5c5ceb8002bbc,data\raw\dataset_A\Pics\IMG20221109153124.jpg
dataset_A,IMG20221109153126.jpg,IMG20221109153126,.jpg,6315578,3456,4608,RGB,34bc7f110ac64afbcd55f48722d055be,f2f2ccd93bab8005,data\raw\dataset_A\Pics\IMG20221109153126.jpg
dataset_A,IMG20221109153127.jpg,IMG20221109153127,.jpg,8855932,3456,4608,RGB,15fa830d21c6f412cc4931f4c53b5904,e461b6dc74b4e168,data\raw\dataset_A\Pics\IMG20221109153127.jpg
dataset_A,IMG20221109153130.jpg,IMG20221109153130,.jpg,8679514,3456,4608,RGB,6e78223f2ab845c8f6104bfd6e5e6b19,c9c9ccd858b5359a,data\raw\dataset_A\Pics\IMG20221109153130.jpg
dataset_A,IMG20221109153131.jpg,IMG20221109153131,.jpg,7739236,3456,4608,RGB,932858849ccb141a1e29688530c353c0,9263ccd5c764d998,data\raw\dataset_A\Pics\IMG20221109153131.jpg
dataset_A,IMG20221109153132.jpg,IMG20221109153132,.jpg,7050507,3456,4608,RGB,1d5b11173daae69e6f5ffda6711ca58b,e4c992c8daf2b465,data\raw\dataset_A\Pics\IMG20221109153132.jpg
dataset_A,IMG20221109153133.jpg,IMG20221109153133,.jpg,7957027,3456,4608,RGB,7d4dda904d902826c8647fa26b3ad8ea,e2e296deb43aa4e0,data\raw\dataset_A\Pics\IMG20221109153133.jpg
dataset_A,IMG20221109153136.jpg,IMG20221109153136,.jpg,8926218,3456,4608,RGB,6b4c88f8fcd5be94f712bc47f2f44621,84ce5cdbdec072e0,data\raw\dataset_A\Pics\IMG20221109153136.jpg
dataset_A,IMG20221109153139.jpg,IMG20221109153139,.jpg,9080702,3456,4608,RGB,2c3a0adaae252b834f4bb262b92462da,8f8af067033f381e,data\raw\dataset_A\Pics\IMG20221109153139.jpg
dataset_A,IMG20221109153140.jpg,IMG20221109153140,.jpg,8838446,3456,4608,RGB,fec6d4bc9f7ac69a89b9272d2736362b,bf8328f85f470507,data\raw\dataset_A\Pics\IMG20221109153140.jpg
dataset_A,IMG20221109153141.jpg,IMG20221109153141,.jpg,7035186,3456,4608,RGB,c7825ad7ed6ad8268157336d562f2929,e44396871e969db2,data\raw\dataset_A\Pics\IMG20221109153141.jpg
dataset_A,IMG20221109153145.jpg,IMG20221109153145,.jpg,5451948,3456,4608,RGB,3b1a4084c97cac936f6e4a6ef962624b,f8e0b298ece5930e,data\raw\dataset_A\Pics\IMG20221109153145.jpg
dataset_A,IMG20221109153147.jpg,IMG20221109153147,.jpg,5221347,3456,4608,RGB,eb1eae1a97bebffed358be9e01e7305d,9ccf5bd8f2764030,data\raw\dataset_A\Pics\IMG20221109153147.jpg
dataset_A,IMG20221109153151.jpg,IMG20221109153151,.jpg,6765031,3456,4608,RGB,48e084bd815b68bca9e4e33dedf44ce4,c5e5858dacc0d3d3,data\raw\dataset_A\Pics\IMG20221109153151.jpg
dataset_A,IMG20221109153152.jpg,IMG20221109153152,.jpg,7969908,3456,4608,RGB,26aa43cbde6d751e65ed737bb6c5c847,c7b3949878d095b6,data\raw\dataset_A\Pics\IMG20221109153152.jpg
dataset_A,IMG20221109153154.jpg,IMG20221109153154,.jpg,5560785,3456,4608,RGB,f9a89d9556a2577174030f989a10755a,f6e29b9d610f1c03,data\raw\dataset_A\Pics\IMG20221109153154.jpg
dataset_A,IMG20221109153159.jpg,IMG20221109153159,.jpg,5282494,3456,4608,RGB,29681e6e218a45654d43807d243c1a32,98e1df9c945ce194,data\raw\dataset_A\Pics\IMG20221109153159.jpg
dataset_A,IMG20221109153203.jpg,IMG20221109153203,.jpg,5603487,3456,4608,RGB,140f979988215c801a7d7989749bc498,b8f0919cf0657f82,data\raw\dataset_A\Pics\IMG20221109153203.jpg
dataset_A,IMG20221109153209.jpg,IMG20221109153209,.jpg,5357774,3456,4608,RGB,17a68cc1faaefe5c015db88a9e3066bb,b9f99194bdf19280,data\raw\dataset_A\Pics\IMG20221109153209.jpg
dataset_A,IMG20221109153214.jpg,IMG20221109153214,.jpg,6260370,3456,4608,RGB,aff8dfd693ad1fbc3303d280ff35f0a3,ebf99184389b84e5,data\raw\dataset_A\Pics\IMG20221109153214.jpg
dataset_A,IMG20221109153218.jpg,IMG20221109153218,.jpg,7560473,3456,4608,RGB,60bf38fd8667de829565988b41cafd9e,86e28b9fce2892f4,data\raw\dataset_A\Pics\IMG20221109153218.jpg
dataset_A,IMG20221109153221.jpg,IMG20221109153221,.jpg,6501787,3456,4608,RGB,9a81c3c14dfd48d17a460495d3fbfc5e,b9c71c9291c1cb97,data\raw\dataset_A\Pics\IMG20221109153221.jpg
dataset_A,IMG20221109153222.jpg,IMG20221109153222,.jpg,7212613,3456,4608,RGB,ba5b745503ed2c77f67390e75004929b,a1e007933ecdd9c6,data\raw\dataset_A\Pics\IMG20221109153222.jpg
dataset_A,IMG20221109153226.jpg,IMG20221109153226,.jpg,6357526,3456,4608,RGB,30c879f71730c84cf6b2557fad03ec1a,f58191fc3893a9e8,data\raw\dataset_A\Pics\IMG20221109153226.jpg
dataset_A,IMG20221109153227.jpg,IMG20221109153227,.jpg,7925839,3456,4608,RGB,0704b563be1e24895ddcb708a444ed99,c5b3be9698e890c5,data\raw\dataset_A\Pics\IMG20221109153227.jpg
dataset_A,IMG20221109153230.jpg,IMG20221109153230,.jpg,6485365,3456,4608,RGB,4b373285cb8b3ba91b5b81fa10cddb54,e1c194d569263f4e,data\raw\dataset_A\Pics\IMG20221109153230.jpg
dataset_A,IMG20221109153232.jpg,IMG20221109153232,.jpg,6552049,3456,4608,RGB,ccc31ac0a39bde7d9f876ec5f98e8614,efc281d795cdb0a0,data\raw\dataset_A\Pics\IMG20221109153232.jpg
dataset_A,IMG20221109153235.jpg,IMG20221109153235,.jpg,5917781,3456,4608,RGB,54c4c8315cf8bec507477cba28006071,c1f9cdc87f22242d,data\raw\dataset_A\Pics\IMG20221109153235.jpg
dataset_A,IMG20221109153237.jpg,IMG20221109153237,.jpg,6700574,3456,4608,RGB,cfd249995f2f49db314720f90e02db6a,c7eaf8991e64a207,data\raw\dataset_A\Pics\IMG20221109153237.jpg
dataset_A,IMG20221109153239.jpg,IMG20221109153239,.jpg,7989201,3456,4608,RGB,ed1e2bc25e49d14ce0b304e8ac1c08db,ec6ddb82107c1e1e,data\raw\dataset_A\Pics\IMG20221109153239.jpg
dataset_A,IMG20221109153241.jpg,IMG20221109153241,.jpg,6563357,3456,4608,RGB,8d7f65130350337839aa381be488dc2a,cade95303d33a1e2,data\raw\dataset_A\Pics\IMG20221109153241.jpg
dataset_A,IMG20221109153243.jpg,IMG20221109153243,.jpg,5865348,3456,4608,RGB,0dfceb6f084e74b5203f63360c738980,a6c91db4a36aba91,data\raw\dataset_A\Pics\IMG20221109153243.jpg
dataset_A,IMG20221109153245.jpg,IMG20221109153245,.jpg,6961186,3456,4608,RGB,555518fad5e57514c2dbdc4b54944e09,cbcaa07a75b72161,data\raw\dataset_A\Pics\IMG20221109153245.jpg
dataset_A,IMG20221109153245_01.jpg,IMG20221109153245_01,.jpg,8004848,3456,4608,RGB,682f14b80687332574f1cc517e5d6162,d0d2952cea68e3d3,data\raw\dataset_A\Pics\IMG20221109153245_01.jpg
dataset_A,IMG20221109153248.jpg,IMG20221109153248,.jpg,6720786,3456,4608,RGB,02aeff8f66a3c5c71700465251b6851e,b7d18cc33a8fc360,data\raw\dataset_A\Pics\IMG20221109153248.jpg
dataset_A,IMG20221109153249.jpg,IMG20221109153249,.jpg,7039435,3456,4608,RGB,afd269a79b6ffca2c64880e3687c057f,eb7c90a46b960793,data\raw\dataset_A\Pics\IMG20221109153249.jpg
dataset_A,IMG20221109153250.jpg,IMG20221109153250,.jpg,8549644,3456,4608,RGB,9435fc6795052866cd48e2f56494ed24,c680b13d3f12ddc6,data\raw\dataset_A\Pics\IMG20221109153250.jpg
dataset_A,IMG20221109153252.jpg,IMG20221109153252,.jpg,6723829,3456,4608,RGB,5221911dcf75fe5ae3c89135014a4d0d,a8ee139655799817,data\raw\dataset_A\Pics\IMG20221109153252.jpg
dataset_A,IMG20221109153253.jpg,IMG20221109153253,.jpg,7891441,3456,4608,RGB,cf236bc206fe0714651f105720e80db9,dfc89e4910b53a69,data\raw\dataset_A\Pics\IMG20221109153253.jpg
dataset_A,IMG20221109153256.jpg,IMG20221109153256,.jpg,5318299,3456,4608,RGB,35f49a6bfc645817c171cc5f48755a25,f8c91b90577a1c96,data\raw\dataset_A\Pics\IMG20221109153256.jpg
dataset_A,IMG20221109153257.jpg,IMG20221109153257,.jpg,7693002,3456,4608,RGB,e052f08edf48cbc256a4dbeb48f0cbf8,ee4a95e93e84f0a1,data\raw\dataset_A\Pics\IMG20221109153257.jpg
dataset_A,IMG20221109153258.jpg,IMG20221109153258,.jpg,8846671,3456,4608,RGB,ee41698f354bf706e39d604ea3cecfb4,fcdc8d2230bce2e4,data\raw\dataset_A\Pics\IMG20221109153258.jpg
dataset_A,IMG20221109153317.jpg,IMG20221109153317,.jpg,8513401,3456,4608,RGB,aab352bc8dfccbd0346d87f6da3c555f,ccecc7d6a7181913,data\raw\dataset_A\Pics\IMG20221109153317.jpg
dataset_A,IMG20221109153319.jpg,IMG20221109153319,.jpg,7903204,3456,4608,RGB,ab9b0348c7d2113e2733846923d4fa7d,cd674cc2e2684bc7,data\raw\dataset_A\Pics\IMG20221109153319.jpg
dataset_A,IMG20221109153321.jpg,IMG20221109153321,.jpg,7605266,3456,4608,RGB,b874c3af679cdaf8e789a2d465d32250,f0e0b272d3c2e5e2,data\raw\dataset_A\Pics\IMG20221109153321.jpg
dataset_A,IMG20221109153338.jpg,IMG20221109153338,.jpg,8615623,3456,4608,RGB,51d0d3f1649763935bd97f2d5948793c,ef7b7ac0250e82c3,data\raw\dataset_A\Pics\IMG20221109153338.jpg
dataset_A,IMG20221109153717.jpg,IMG20221109153717,.jpg,6221514,3456,4608,RGB,8cfc75ba81dd7e8a698118a56596d6b2,c2c0f0b0d6ceeda5,data\raw\dataset_A\Pics\IMG20221109153717.jpg
dataset_A,IMG20221109153719.jpg,IMG20221109153719,.jpg,6520605,3456,4608,RGB,99538c3d48a6e3767d94065d5dc1a83e,bbbad6d40d8c829a,data\raw\dataset_A\Pics\IMG20221109153719.jpg
dataset_A,IMG20221109153730.jpg,IMG20221109153730,.jpg,6090083,3456,4608,RGB,40e03d3b4e81b3cdb2c3ba2955d376b0,94bc5d554153fa58,data\raw\dataset_A\Pics\IMG20221109153730.jpg
dataset_A,IMG20221109153732.jpg,IMG20221109153732,.jpg,5265419,3456,4608,RGB,4de31a07d93c3a6182d0250b6801fda6,9b9301b1703dada7,data\raw\dataset_A\Pics\IMG20221109153732.jpg
dataset_A,IMG20221109153733.jpg,IMG20221109153733,.jpg,6145636,3456,4608,RGB,e1d76f555e92530ec56cc47fde052895,8ecccf9ce2e0154b,data\raw\dataset_A\Pics\IMG20221109153733.jpg
dataset_A,IMG20221109153734.jpg,IMG20221109153734,.jpg,5854240,3456,4608,RGB,44beba390e2a5e7f19aafd4b71515118,cfce98b911ca4e91,data\raw\dataset_A\Pics\IMG20221109153734.jpg
dataset_A,IMG20221109153738.jpg,IMG20221109153738,.jpg,6293685,3456,4608,RGB,77a4f959965c488a2924ade9a104ed7b,b1396dcc46f29686,data\raw\dataset_A\Pics\IMG20221109153738.jpg
dataset_A,IMG20221109153739.jpg,IMG20221109153739,.jpg,5092564,3456,4608,RGB,b693520b7c0cb640023f3c78ed507a3c,a42466f2125a57f7,data\raw\dataset_A\Pics\IMG20221109153739.jpg
dataset_A,IMG20221109153740.jpg,IMG20221109153740,.jpg,4660280,3456,4608,RGB,7fd33bbf0f90d9af5b34ce7c2f649666,c0e0e07e7ea79358,data\raw\dataset_A\Pics\IMG20221109153740.jpg
dataset_A,IMG20221109153741.jpg,IMG20221109153741,.jpg,6023964,3456,4608,RGB,1f21a23cd12ad2f086ddb7097204a61c,d767e4b643813037,data\raw\dataset_A\Pics\IMG20221109153741.jpg
dataset_A,IMG20221109153745.jpg,IMG20221109153745,.jpg,5594408,3456,4608,RGB,a9b5400a8b23934a8ab01dead88a0f67,dfffacc052233448,data\raw\dataset_A\Pics\IMG20221109153745.jpg
dataset_A,IMG20221109153747.jpg,IMG20221109153747,.jpg,5530701,3456,4608,RGB,557e8b043202e85e046b4903c7f19494,8c6de50cf792364a,data\raw\dataset_A\Pics\IMG20221109153747.jpg
dataset_A,IMG20221109153748.jpg,IMG20221109153748,.jpg,5882504,3456,4608,RGB,67bd12d302b78ab8d4b7c8ab7d234cdb,a3319107fc9c31e7,data\raw\dataset_A\Pics\IMG20221109153748.jpg
dataset_A,IMG20221109153751.jpg,IMG20221109153751,.jpg,5883200,3456,4608,RGB,0e969bfa63e60cc441315a8edbffe767,dfffcc1130ce40c1,data\raw\dataset_A\Pics\IMG20221109153751.jpg
dataset_A,IMG20221109153752.jpg,IMG20221109153752,.jpg,3704405,3456,4608,RGB,cfec9aa57d25c91d158911105eaeaa94,e170d49c1d59b636,data\raw\dataset_A\Pics\IMG20221109153752.jpg
dataset_A,IMG20221109153754.jpg,IMG20221109153754,.jpg,3468001,3456,4608,RGB,a3868a05aa8a6bd9360e5fb03efbf992,d95994962bac526b,data\raw\dataset_A\Pics\IMG20221109153754.jpg
dataset_A,IMG20221109153755.jpg,IMG20221109153755,.jpg,3681602,3456,4608,RGB,a624f5938241645b39687ec63610c78f,9676f88d63229c55,data\raw\dataset_A\Pics\IMG20221109153755.jpg
dataset_A,IMG20221109153757.jpg,IMG20221109153757,.jpg,3629280,3456,4608,RGB,a11c6cb89f78294340d5091f9cc41fae,dc5ccc9717a0b45a,data\raw\dataset_A\Pics\IMG20221109153757.jpg
dataset_A,IMG20221109153759.jpg,IMG20221109153759,.jpg,3970363,3456,4608,RGB,d30b4f6d03b0b33f747f3744b40a3a93,de4e81b53da19552,data\raw\dataset_A\Pics\IMG20221109153759.jpg
dataset_A,IMG20221109153801.jpg,IMG20221109153801,.jpg,5488432,3456,4608,RGB,94a5df7387acedde01199e61750d6aaf,c1c3e1d62aa7d25a,data\raw\dataset_A\Pics\IMG20221109153801.jpg
dataset_A,IMG20221109153803.jpg,IMG20221109153803,.jpg,4668218,3456,4608,RGB,314f979672ecad0d5d64775bf184d0e9,c1c7d7f24c86b270,data\raw\dataset_A\Pics\IMG20221109153803.jpg
dataset_A,IMG20221109153805.jpg,IMG20221109153805,.jpg,4629461,3456,4608,RGB,aa9fce94b5a64693f8480e4441e5eac5,ccdde09f9a4798a0,data\raw\dataset_A\Pics\IMG20221109153805.jpg
dataset_A,IMG20221109153820.jpg,IMG20221109153820,.jpg,4120628,3456,4608,RGB,a45835969614478d2eca189f463c1fa0,c7c37b42994cb349,data\raw\dataset_A\Pics\IMG20221109153820.jpg
dataset_A,IMG20221109153830.jpg,IMG20221109153830,.jpg,6504036,3456,4608,RGB,622a164de8d2298d24e589025a21a58e,891a12b767cf3a32,data\raw\dataset_A\Pics\IMG20221109153830.jpg
dataset_A,IMG20221109153831.jpg,IMG20221109153831,.jpg,5240911,3456,4608,RGB,6698b220f552e3b06567ade53ad42fc5,bcacad9594c45666,data\raw\dataset_A\Pics\IMG20221109153831.jpg
dataset_A,IMG20221109153836.jpg,IMG20221109153836,.jpg,5852801,3456,4608,RGB,74825f813c1d5354c3316b3273d7a53d,aa6b3985b13fc03a,data\raw\dataset_A\Pics\IMG20221109153836.jpg
dataset_A,IMG20221109153837.jpg,IMG20221109153837,.jpg,4991134,3456,4608,RGB,72f9f9f6d1bea387d2d98a4580337b66,8cf0f29b63c038cf,data\raw\dataset_A\Pics\IMG20221109153837.jpg
dataset_A,IMG20221109153846.jpg,IMG20221109153846,.jpg,5916256,3456,4608,RGB,1e1a063fbc547644785b4418e0bde16d,da6a2ea7554d9911,data\raw\dataset_A\Pics\IMG20221109153846.jpg
dataset_A,IMG20221109153849.jpg,IMG20221109153849,.jpg,6263558,3456,4608,RGB,2dea4b8a0026a672ca76d96046cacb16,a727c9513666ecc8,data\raw\dataset_A\Pics\IMG20221109153849.jpg
dataset_A,IMG20221109153854.jpg,IMG20221109153854,.jpg,4204531,3456,4608,RGB,af67175f291112f558d1f2073b301884,9999cbd3b286c8b1,data\raw\dataset_A\Pics\IMG20221109153854.jpg
dataset_A,IMG20221109153910.jpg,IMG20221109153910,.jpg,3979588,3456,4608,RGB,e4a664f0d93db0a693b5aeae3aee2395,b7b5b50a02c77c70,data\raw\dataset_A\Pics\IMG20221109153910.jpg
dataset_A,IMG20221109153932.jpg,IMG20221109153932,.jpg,5578311,3456,4608,RGB,5e9de88bdab09dfee508c59a00c9bfde,fa189aea3a94a46b,data\raw\dataset_A\Pics\IMG20221109153932.jpg
dataset_A,IMG20221109153933.jpg,IMG20221109153933,.jpg,4950133,3456,4608,RGB,2d179f3d59e0d6cb6ba4471be9b5d083,e061c3a172a9df4b,data\raw\dataset_A\Pics\IMG20221109153933.jpg
dataset_A,IMG20221110102417.jpg,IMG20221110102417,.jpg,4520614,3456,4608,RGB,a5c54597d5bdb29f4702b1bd20337339,c2c390343c8fef71,data\raw\dataset_A\Pics\IMG20221110102417.jpg
dataset_A,IMG20221110102420.jpg,IMG20221110102420,.jpg,4290150,3456,4608,RGB,429f47b701d2089b602bd8dcc40f73d2,c4858f6b239e4c67,data\raw\dataset_A\Pics\IMG20221110102420.jpg
dataset_A,IMG20221110102421.jpg,IMG20221110102421,.jpg,4459861,3456,4608,RGB,3945cbd895b79ec3d09639fff093402d,c290b43cbf4b63b8,data\raw\dataset_A\Pics\IMG20221110102421.jpg
dataset_A,IMG20221110102422.jpg,IMG20221110102422,.jpg,4456810,3456,4608,RGB,16ac985b27690fb73b0bf1c51eff39ad,c291942cbd4be7b8,data\raw\dataset_A\Pics\IMG20221110102422.jpg
dataset_A,IMG20221110102427.jpg,IMG20221110102427,.jpg,4256712,3456,4608,RGB,e2ed708f2865d6280a27dc37eff447d5,c587566330d867b6,data\raw\dataset_A\Pics\IMG20221110102427.jpg
dataset_A,IMG20221110102428.jpg,IMG20221110102428,.jpg,4541111,3456,4608,RGB,1cdd5a16fcee14c7f6965c6866708d0b,d680683e9f46b359,data\raw\dataset_A\Pics\IMG20221110102428.jpg
dataset_A,IMG20221110102441.jpg,IMG20221110102441,.jpg,5819515,3456,4608,RGB,f03e88321159c98fc3f1085cbafb03d1,c1c34f39a30ee94b,data\raw\dataset_A\Pics\IMG20221110102441.jpg
dataset_A,IMG20221110102442.jpg,IMG20221110102442,.jpg,5949811,3456,4608,RGB,48487b2a8b4e7e403d1459f9bda524cb,b7b4c9c835668d2c,data\raw\dataset_A\Pics\IMG20221110102442.jpg
dataset_A,IMG20221110105350.jpg,IMG20221110105350,.jpg,5795330,3456,4608,RGB,897f9d2b8d5e8b7950f672c6f1c2baf3,e33190ce6a4e99a7,data\raw\dataset_A\Pics\IMG20221110105350.jpg
dataset_A,IMG20221110105351.jpg,IMG20221110105351,.jpg,5775122,3456,4608,RGB,aae60213497381f424ecef0811a6cec0,f838d0476b669cb1,data\raw\dataset_A\Pics\IMG20221110105351.jpg
dataset_A,IMG20221110105352.jpg,IMG20221110105352,.jpg,5551261,3456,4608,RGB,b2bb1c1308cf8091faebec133a560849,bf979fc00c786146,data\raw\dataset_A\Pics\IMG20221110105352.jpg
dataset_A,IMG20221110105433.jpg,IMG20221110105433,.jpg,6085203,3456,4608,RGB,e8a2881a8a6c6ed2ec6cdf89989cf077,ac44d0b82d8ffa78,data\raw\dataset_A\Pics\IMG20221110105433.jpg
dataset_A,IMG20221110105434.jpg,IMG20221110105434,.jpg,5674402,3456,4608,RGB,a77be66902e541a6749643c478e9cd98,90646799cdde6784,data\raw\dataset_A\Pics\IMG20221110105434.jpg
dataset_A,IMG20221110105435.jpg,IMG20221110105435,.jpg,5844236,3456,4608,RGB,8c600d4ece415abe5f624b80ed43b282,81256fcf3f8344cc,data\raw\dataset_A\Pics\IMG20221110105435.jpg
dataset_A,IMG20221110105450.jpg,IMG20221110105450,.jpg,5430524,3456,4608,RGB,b99bb78edd0b40fcbb6a58423d105ffd,81137feb16587354,data\raw\dataset_A\Pics\IMG20221110105450.jpg
dataset_A,IMG20221110105452.jpg,IMG20221110105452,.jpg,5492650,3456,4608,RGB,fa8bff87d674d830b4471cbfeb4790da,a2ad4b4a1b32bcbc,data\raw\dataset_A\Pics\IMG20221110105452.jpg
dataset_A,IMG20221110105455.jpg,IMG20221110105455,.jpg,5651072,3456,4608,RGB,84d02554c434b96f66803385ae5141d6,9ba563c61db8a507,data\raw\dataset_A\Pics\IMG20221110105455.jpg
dataset_A,IMG20221110105504.jpg,IMG20221110105504,.jpg,5769035,3456,4608,RGB,ceff30a48392cc6ba99af48e4551fcef,b1138b137ccf0769,data\raw\dataset_A\Pics\IMG20221110105504.jpg
dataset_A,IMG20221110105508.jpg,IMG20221110105508,.jpg,5805030,3456,4608,RGB,71998abed304562b4ff26ed3c537c350,b078499d34c6e676,data\raw\dataset_A\Pics\IMG20221110105508.jpg
dataset_A,IMG20221110105511.jpg,IMG20221110105511,.jpg,5967561,3456,4608,RGB,ccc9c4fa6fb50585556f2ebf73dd749d,9e25e68d296b6561,data\raw\dataset_A\Pics\IMG20221110105511.jpg
dataset_A,IMG20221110105514.jpg,IMG20221110105514,.jpg,5181674,3456,4608,RGB,64d4acfb42836a31d99071df94095f5c,eae8d83c1d4327ac,data\raw\dataset_A\Pics\IMG20221110105514.jpg
dataset_A,IMG20221110105515.jpg,IMG20221110105515,.jpg,5751789,3456,4608,RGB,f61c82ea27765968530cb87727e0d653,a1697d1694cca7e2,data\raw\dataset_A\Pics\IMG20221110105515.jpg
dataset_A,IMG20221110123444.jpg,IMG20221110123444,.jpg,4563061,3456,4608,RGB,d816ef962464e619ad0c86477721a936,fcfca1426cbdd060,data\raw\dataset_A\Pics\IMG20221110123444.jpg
dataset_A,IMG20221110123448.jpg,IMG20221110123448,.jpg,5436684,3456,4608,RGB,47241fc1aa4fc1981f4e744ea7f3e30d,dcc4b72b58dca720,data\raw\dataset_A\Pics\IMG20221110123448.jpg
dataset_A,IMG20221110123507.jpg,IMG20221110123507,.jpg,6538848,3456,4608,RGB,33f27f861a56753c7e415b19fc37b118,f96943c7f7764080,data\raw\dataset_A\Pics\IMG20221110123507.jpg
dataset_A,IMG20221110123508.jpg,IMG20221110123508,.jpg,6451874,3456,4608,RGB,4db1dbad9b3456390cb2c015ba2719e7,9a787ce427b77081,data\raw\dataset_A\Pics\IMG20221110123508.jpg
dataset_A,IMG20221110123510.jpg,IMG20221110123510,.jpg,6337782,3456,4608,RGB,a6d67dc0a449b9a9ad1d967ad098cc01,8222287979991ffe,data\raw\dataset_A\Pics\IMG20221110123510.jpg
dataset_A,IMG20221110123514.jpg,IMG20221110123514,.jpg,6224854,3456,4608,RGB,0679ec382d93504e11d1eba964aa2ea6,8149696b7b73031f,data\raw\dataset_A\Pics\IMG20221110123514.jpg
dataset_A,IMG20221110123521.jpg,IMG20221110123521,.jpg,8058905,3456,4608,RGB,b1be67fce08402470cd7d40c1c4008ce,f636c2c3be6cc848,data\raw\dataset_A\Pics\IMG20221110123521.jpg
dataset_A,IMG20221110123523.jpg,IMG20221110123523,.jpg,7414781,3456,4608,RGB,f6f584b1630f7ec4a9153ad10b72b192,8908fcb43627575b,data\raw\dataset_A\Pics\IMG20221110123523.jpg
dataset_A,IMG20221110123526.jpg,IMG20221110123526,.jpg,6967736,3456,4608,RGB,96bc1e93b0503b860ffe57880f443f10,93134e2e2e675b19,data\raw\dataset_A\Pics\IMG20221110123526.jpg
dataset_A,IMG20221110123532.jpg,IMG20221110123532,.jpg,7447810,3456,4608,RGB,d275e3c3852eeb57ba12d6d0d72c658c,964f6f2960f29691,data\raw\dataset_A\Pics\IMG20221110123532.jpg
dataset_A,IMG20221110123535.jpg,IMG20221110123535,.jpg,6955291,3456,4608,RGB,c013cf2a8ac2ff992e91c44153c3517f,9616c76b286cd476,data\raw\dataset_A\Pics\IMG20221110123535.jpg
dataset_A,IMG20221110123536.jpg,IMG20221110123536,.jpg,6151595,3456,4608,RGB,c42847184967801f4f0a8325ce639fa4,d2526f2f25c4527a,data\raw\dataset_A\Pics\IMG20221110123536.jpg
dataset_A,IMG20221110123538.jpg,IMG20221110123538,.jpg,7300112,3456,4608,RGB,0067f278094ebd565fb6f07bb1707743,b8384c6bb9aee388,data\raw\dataset_A\Pics\IMG20221110123538.jpg
dataset_A,IMG20221110123538_01.jpg,IMG20221110123538_01,.jpg,7329454,3456,4608,RGB,31685aca5a193895159644df21206e2a,951d6a6a25d5f0e1,data\raw\dataset_A\Pics\IMG20221110123538_01.jpg
dataset_A,IMG20221110123540.jpg,IMG20221110123540,.jpg,8353008,3456,4608,RGB,be294ee5bf785e6df652ddf67e75b6fc,8d0c66f6b32969cc,data\raw\dataset_A\Pics\IMG20221110123540.jpg
dataset_A,IMG20221110123542.jpg,IMG20221110123542,.jpg,7961407,3456,4608,RGB,73ef344bf48bd3b2d4fe6481149c92a4,b23a5bc8a0f2fa92,data\raw\dataset_A\Pics\IMG20221110123542.jpg
dataset_A,frame0.jpg,frame0,.jpg,28063,256,256,RGB,cca79800a8519e79a7e4b5a45d25b893,9c9cd9d90d2d4cc9,data\raw\dataset_A\pics_re1\pics_re1\frame0.jpg
dataset_A,frame1.jpg,frame1,.jpg,36896,256,256,RGB,0e4653ac124936fc94d94da9a27c4653,d0c322e3d495157f,data\raw\dataset_A\pics_re1\pics_re1\frame1.jpg
dataset_A,frame10.jpg,frame10,.jpg,40217,256,256,RGB,4d2774aa01d5fe032f2b60d52016e705,99d991c1731b9b07,data\raw\dataset_A\pics_re1\pics_re1\frame10.jpg
dataset_A,frame100.jpg,frame100,.jpg,34051,256,256,RGB,80bfb3bb7ba6196b61eabaf8c8548d70,ec6cf71301a03e7c,data\raw\dataset_A\pics_re1\pics_re1\frame100.jpg
dataset_A,frame101.jpg,frame101,.jpg,34798,256,256,RGB,2691c97b906e56c7b19315d22e5f844c,bacd863fbd028b24,data\raw\dataset_A\pics_re1\pics_re1\frame101.jpg
dataset_A,frame102.jpg,frame102,.jpg,33842,256,256,RGB,dafe718d264e883f0ea98f933e2bbf5c,c1c89ec663d99c6c,data\raw\dataset_A\pics_re1\pics_re1\frame102.jpg
dataset_A,frame103.jpg,frame103,.jpg,42695,256,256,RGB,bcd4edda928045ab47fc210e1c344f17,a676de9c21ac9e48,data\raw\dataset_A\pics_re1\pics_re1\frame103.jpg
dataset_A,frame104.jpg,frame104,.jpg,41006,256,256,RGB,06133c026d971e12574a3261ad1d2254,ea5070e070fabcf4,data\raw\dataset_A\pics_re1\pics_re1\frame104.jpg
dataset_A,frame105.jpg,frame105,.jpg,42515,256,256,RGB,3d436965b6f18663e03add474b71f71d,d476d6c3699d1868,data\raw\dataset_A\pics_re1\pics_re1\frame105.jpg
dataset_A,frame106.jpg,frame106,.jpg,47039,256,256,RGB,ea554c1ea32a8e26c66c421696b09bd3,8666ddcd66e28a70,data\raw\dataset_A\pics_re1\pics_re1\frame106.jpg
dataset_A,frame107.jpg,frame107,.jpg,45947,256,256,RGB,47bef0bf2745cf634f1632b21f2a2b58,ca6cbcbb9a32a229,data\raw\dataset_A\pics_re1\pics_re1\frame107.jpg
dataset_A,frame108.jpg,frame108,.jpg,44474,256,256,RGB,134a85dee6a09bce2e25fed0ce83f18b,c56d32563f4929a5,data\raw\dataset_A\pics_re1\pics_re1\frame108.jpg
dataset_A,frame109.jpg,frame109,.jpg,44880,256,256,RGB,70135677099182b51310840eca41512a,cab2b529266ca79a,data\raw\dataset_A\pics_re1\pics_re1\frame109.jpg
dataset_A,frame11.jpg,frame11,.jpg,36559,256,256,RGB,af5bc197e20d76b50b7e767a768a9106,89898d6c1dc9f89e,data\raw\dataset_A\pics_re1\pics_re1\frame11.jpg
dataset_A,frame110.jpg,frame110,.jpg,46623,256,256,RGB,0412782b52f50ee883da2061f3ccbdfd,f37058d8f0f2d2c8,data\raw\dataset_A\pics_re1\pics_re1\frame110.jpg
dataset_A,frame111.jpg,frame111,.jpg,47261,256,256,RGB,ddbc2f9ce093b52607cf1737345a0c1c,e724507067e5d9d8,data\raw\dataset_A\pics_re1\pics_re1\frame111.jpg
dataset_A,frame112.jpg,frame112,.jpg,44910,256,256,RGB,f2da9ab54353b5efb84a3c08f185011c,e3019d25667a1bcd,data\raw\dataset_A\pics_re1\pics_re1\frame112.jpg
dataset_A,frame113.jpg,frame113,.jpg,43487,256,256,RGB,563d6926ab88313d356b7e683fd005b5,c7c38393a1e1c787,data\raw\dataset_A\pics_re1\pics_re1\frame113.jpg
dataset_A,frame114.jpg,frame114,.jpg,43364,256,256,RGB,524708b86183d6d53f79b3275f134b0e,e1e5c5cfb8002bbc,data\raw\dataset_A\pics_re1\pics_re1\frame114.jpg
dataset_A,frame115.jpg,frame115,.jpg,45186,256,256,RGB,5200a9805c6fb8c39f89f3b984426a71,f2f2ccd93bab8005,data\raw\dataset_A\pics_re1\pics_re1\frame115.jpg
dataset_A,frame116.jpg,frame116,.jpg,51402,256,256,RGB,9e35eac0895647f493a4aa4fd785449c,e461b6dc74b4e168,data\raw\dataset_A\pics_re1\pics_re1\frame116.jpg
dataset_A,frame117.jpg,frame117,.jpg,49473,256,256,RGB,0500df9fe39f41e8ea87d804efd25888,c9c9ccd858bd3598,data\raw\dataset_A\pics_re1\pics_re1\frame117.jpg
dataset_A,frame118.jpg,frame118,.jpg,48965,256,256,RGB,75c2ad969dad83c49e3c28966593dc7c,9263ccd5c764d998,data\raw\dataset_A\pics_re1\pics_re1\frame118.jpg
dataset_A,frame119.jpg,frame119,.jpg,46340,256,256,RGB,91916af7be8ece700cd8fbd5ac29ecc8,e4c992c8daf2b465,data\raw\dataset_A\pics_re1\pics_re1\frame119.jpg
dataset_A,frame12.jpg,frame12,.jpg,39239,256,256,RGB,409fbcc8a595a895c28f9a3dc1efa1c7,c7959d651404f99d,data\raw\dataset_A\pics_re1\pics_re1\frame12.jpg
dataset_A,frame120.jpg,frame120,.jpg,47027,256,256,RGB,d6239ada02c48751ab387ecc9594a91b,e3c296deb43aa4e0,data\raw\dataset_A\pics_re1\pics_re1\frame120.jpg
dataset_A,frame121.jpg,frame121,.jpg,49615,256,256,RGB,684f7cd804d107997c56755d06152da8,84ce5cdbdec072e0,data\raw\dataset_A\pics_re1\pics_re1\frame121.jpg
dataset_A,frame122.jpg,frame122,.jpg,49503,256,256,RGB,e6dea91f35b819c6739662753656a836,8f8af067033f381e,data\raw\dataset_A\pics_re1\pics_re1\frame122.jpg
dataset_A,frame123.jpg,frame123,.jpg,47252,256,256,RGB,937394d92103c29b4d8edd4d22fbd669,bf032af85f470507,data\raw\dataset_A\pics_re1\pics_re1\frame123.jpg
dataset_A,frame124.jpg,frame124,.jpg,46302,256,256,RGB,f5369c5e3975f6ce7b92f37636606157,e44396871e969db2,data\raw\dataset_A\pics_re1\pics_re1\frame124.jpg
dataset_A,frame125.jpg,frame125,.jpg,39378,256,256,RGB,afee5bc70182e092e9c3bd71a36dad86,f8e0b298ece5930e,data\raw\dataset_A\pics_re1\pics_re1\frame125.jpg
dataset_A,frame126.jpg,frame126,.jpg,41839,256,256,RGB,d6dbdeffe2a65b12d0a16fb1d3d0981c,9ccf5bd8f2764030,data\raw\dataset_A\pics_re1\pics_re1\frame126.jpg
dataset_A,frame127.jpg,frame127,.jpg,46713,256,256,RGB,04579945453fb976c75f97e5a51d6258,c5e5858dacc0d3d3,data\raw\dataset_A\pics_re1\pics_re1\frame127.jpg
dataset_A,frame128.jpg,frame128,.jpg,47305,256,256,RGB,14ef3f3dedc60c2101910687acb20e02,c7f3949878d095a6,data\raw\dataset_A\pics_re1\pics_re1\frame128.jpg
dataset_A,frame129.jpg,frame129,.jpg,40056,256,256,RGB,3e2ad1897c9d8d4e642a8ac39cc938ea,f6e29b9d610f1c03,data\raw\dataset_A\pics_re1\pics_re1\frame129.jpg
dataset_A,frame13.jpg,frame13,.jpg,36395,256,256,RGB,b517db0fd27518499cb034874eb861ea,cbeb8a91118ccedc,data\raw\dataset_A\pics_re1\pics_re1\frame13.jpg
dataset_A,frame130.jpg,frame130,.jpg,41606,256,256,RGB,337b9e6f343a9a59c19dd6a0357cc63a,98e1df9c945ce194,data\raw\dataset_A\pics_re1\pics_re1\frame130.jpg
dataset_A,frame131.jpg,frame131,.jpg,42942,256,256,RGB,41c7c1cbc5b660fde3f9698d5aecc746,b8f0919cf065fb82,data\raw\dataset_A\pics_re1\pics_re1\frame131.jpg
dataset_A,frame132.jpg,frame132,.jpg,42261,256,256,RGB,2f23e3966a5cf09aa8067da6927d3da2,b9f99194bdf19280,data\raw\dataset_A\pics_re1\pics_re1\frame132.jpg
dataset_A,frame133.jpg,frame133,.jpg,44148,256,256,RGB,9061fb97a903f8cce2a978ef65c423dc,ebf99184389b84e5,data\raw\dataset_A\pics_re1\pics_re1\frame133.jpg
dataset_A,frame134.jpg,frame134,.jpg,44568,256,256,RGB,9fa5f91089118c30c4932df5ec6183f0,86e28b9fce2892f4,data\raw\dataset_A\pics_re1\pics_re1\frame134.jpg
dataset_A,frame135.jpg,frame135,.jpg,43089,256,256,RGB,f9c46b710f974e40a69201c19f310609,b9c71c9291c1cb97,data\raw\dataset_A\pics_re1\pics_re1\frame135.jpg
dataset_A,frame136.jpg,frame136,.jpg,46349,256,256,RGB,23f6480510c2dc61b52639e047c47579,a1e007933ecdd9c6,data\raw\dataset_A\pics_re1\pics_re1\frame136.jpg
dataset_A,frame137.jpg,frame137,.jpg,41157,256,256,RGB,f9f0fdf51fbf43c0d011a7d37914b674,f58191fc3893a9e8,data\raw\dataset_A\pics_re1\pics_re1\frame137.jpg
dataset_A,frame138.jpg,frame138,.jpg,43460,256,256,RGB,276ee67c25f5d7b405dc7d8351b4d49e,c5b3be9698e890c5,data\raw\dataset_A\pics_re1\pics_re1\frame138.jpg
dataset_A,frame139.jpg,frame139,.jpg,41182,256,256,RGB,05c36079c7f45e3f523baf4bf20b8689,e1c194d569263f4e,data\raw\dataset_A\pics_re1\pics_re1\frame139.jpg
dataset_A,frame14.jpg,frame14,.jpg,43213,256,256,RGB,ca7ce891f4d3473c219b1d9cf970ebaa,d6e625252d787a52,data\raw\dataset_A\pics_re1\pics_re1\frame14.jpg
dataset_A,frame140.jpg,frame140,.jpg,44406,256,256,RGB,6837c021f97989e20f60261828fca7d8,efc381d795ccb0a0,data\raw\dataset_A\pics_re1\pics_re1\frame140.jpg
dataset_A,frame141.jpg,frame141,.jpg,42650,256,256,RGB,490d15040ccf8d3d4cb1ab1c018036fd,c1f9cdc87f22242d,data\raw\dataset_A\pics_re1\pics_re1\frame141.jpg
dataset_A,frame142.jpg,frame142,.jpg,45205,256,256,RGB,eb0d3454044061fad0f87b3af5aef271,c7eaf8991e64a207,data\raw\dataset_A\pics_re1\pics_re1\frame142.jpg
dataset_A,frame143.jpg,frame143,.jpg,45272,256,256,RGB,9dc5d47ed700925cd49e83dfc42e12d3,ec6ddb82107c1e1e,data\raw\dataset_A\pics_re1\pics_re1\frame143.jpg
dataset_A,frame144.jpg,frame144,.jpg,40002,256,256,RGB,c1ed72f8f44d80d0b7e4465c4bed5d5f,cade95303d33a1e2,data\raw\dataset_A\pics_re1\pics_re1\frame144.jpg
dataset_A,frame145.jpg,frame145,.jpg,43234,256,256,RGB,66f9ce3e5cb931f24f8021e37024ffa2,a6c91db4a36aba91,data\raw\dataset_A\pics_re1\pics_re1\frame145.jpg
dataset_A,frame146.jpg,frame146,.jpg,43023,256,256,RGB,4dfdfe9337cfb4d7e5b21de9eac8409f,cbcaa07a75b72161,data\raw\dataset_A\pics_re1\pics_re1\frame146.jpg
dataset_A,frame147.jpg,frame147,.jpg,42918,256,256,RGB,77b556568dd7a430dba9e3b8c5413b03,d0d2952cea68e3d3,data\raw\dataset_A\pics_re1\pics_re1\frame147.jpg
dataset_A,frame148.jpg,frame148,.jpg,43640,256,256,RGB,e84097aec0b8312938b115e0efa759ef,b7d18cc33a8fc360,data\raw\dataset_A\pics_re1\pics_re1\frame148.jpg
dataset_A,frame149.jpg,frame149,.jpg,44994,256,256,RGB,1c81061bd20e0cdb894d19b72a99d891,eb7c90a46b960793,data\raw\dataset_A\pics_re1\pics_re1\frame149.jpg
dataset_A,frame15.jpg,frame15,.jpg,34768,256,256,RGB,59689e5840389c62f1a5fd7e226a671c,d9888676d5919177,data\raw\dataset_A\pics_re1\pics_re1\frame15.jpg
dataset_A,frame150.jpg,frame150,.jpg,47264,256,256,RGB,61be3a5b5c7dba316cac928002912e63,c680b13d3f12ddc6,data\raw\dataset_A\pics_re1\pics_re1\frame150.jpg
dataset_A,frame151.jpg,frame151,.jpg,44321,256,256,RGB,769e15b12de5f0f8527956906aeab07d,a8ee139745799817,data\raw\dataset_A\pics_re1\pics_re1\frame151.jpg
dataset_A,frame152.jpg,frame152,.jpg,46731,256,256,RGB,fe33e208715a34185032a94cadb1df45,dfc89e4910b53a69,data\raw\dataset_A\pics_re1\pics_re1\frame152.jpg
dataset_A,frame153.jpg,frame153,.jpg,38159,256,256,RGB,834087ad92970ed9423aedb352eef28d,f8c91b90577a1c96,data\raw\dataset_A\pics_re1\pics_re1\frame153.jpg
dataset_A,frame154.jpg,frame154,.jpg,44885,256,256,RGB,e08f58e3259335c5ae1ef0c7038e1410,ee4a95e93e84f0a1,data\raw\dataset_A\pics_re1\pics_re1\frame154.jpg
dataset_A,frame155.jpg,frame155,.jpg,45713,256,256,RGB,c3fee63726fc002f5e80ba750cae6c88,fcdc8d2330b8e2e4,data\raw\dataset_A\pics_re1\pics_re1\frame155.jpg
dataset_A,frame156.jpg,frame156,.jpg,48344,256,256,RGB,ee09d10d6bd077f9ba4b90d0dbbd8314,ccecc7d2a71a1913,data\raw\dataset_A\pics_re1\pics_re1\frame156.jpg
dataset_A,frame157.jpg,frame157,.jpg,48583,256,256,RGB,21c383d6b4583ee01c247681552aee8d,cd674cd0e2684bc7,data\raw\dataset_A\pics_re1\pics_re1\frame157.jpg
dataset_A,frame158.jpg,frame158,.jpg,48500,256,256,RGB,d3a6b86da3aa4a21314a59a7996a2091,f2e0b272d3c2e562,data\raw\dataset_A\pics_re1\pics_re1\frame158.jpg
dataset_A,frame159.jpg,frame159,.jpg,51921,256,256,RGB,35295d7e3a4b33f06022424d7a42baa3,ef7b7ac0250e82c3,data\raw\dataset_A\pics_re1\pics_re1\frame159.jpg
dataset_A,frame16.jpg,frame16,.jpg,39540,256,256,RGB,6da9d4d218be907db7877d5d854eb910,da9b3f2565c13232,data\raw\dataset_A\pics_re1\pics_re1\frame16.jpg
dataset_A,frame160.jpg,frame160,.jpg,41271,256,256,RGB,1b138bd4c1b7c0ab1e77637209aaf063,c2c0f0b0d6ceeda5,data\raw\dataset_A\pics_re1\pics_re1\frame160.jpg
dataset_A,frame161.jpg,frame161,.jpg,42329,256,256,RGB,67eead2efaa982cc060270e238c61046,bbbad6d40d8c829a,data\raw\dataset_A\pics_re1\pics_re1\frame161.jpg
dataset_A,frame162.jpg,frame162,.jpg,41604,256,256,RGB,74f7cea6e5589c0c5f655333bba2a004,94bc5d554153fa58,data\raw\dataset_A\pics_re1\pics_re1\frame162.jpg
dataset_A,frame163.jpg,frame163,.jpg,37467,256,256,RGB,417729dece5aee92f96ee9b6affe7ff6,9b9301b1703cade7,data\raw\dataset_A\pics_re1\pics_re1\frame163.jpg
dataset_A,frame164.jpg,frame164,.jpg,42445,256,256,RGB,1bbbcb3e0baeeee6bb1abac16771e772,8ecccf8ce2e0155b,data\raw\dataset_A\pics_re1\pics_re1\frame164.jpg
dataset_A,frame165.jpg,frame165,.jpg,37302,256,256,RGB,6d68a63dec0824318f513d531896d1d1,cfce98b911ca4e91,data\raw\dataset_A\pics_re1\pics_re1\frame165.jpg
dataset_A,frame166.jpg,frame166,.jpg,36528,256,256,RGB,7bfc6e9a00ee8658108a18bdb540827a,b1396dcc46f29686,data\raw\dataset_A\pics_re1\pics_re1\frame166.jpg
dataset_A,frame167.jpg,frame167,.jpg,34185,256,256,RGB,c0a4cdf7e629eb745c52d0f434dff141,a42466f6121a57f7,data\raw\dataset_A\pics_re1\pics_re1\frame167.jpg
dataset_A,frame168.jpg,frame168,.jpg,31194,256,256,RGB,fde99621d4197e29589fd39e3375be09,c0e0e07e7ea79358,data\raw\dataset_A\pics_re1\pics_re1\frame168.jpg
dataset_A,frame169.jpg,frame169,.jpg,35549,256,256,RGB,cf3d24fc826a325b6d95c7adb45e59a7,d767e4b643813037,data\raw\dataset_A\pics_re1\pics_re1\frame169.jpg
dataset_A,frame17.jpg,frame17,.jpg,35723,256,256,RGB,92ebe34a58ed02f780d4ee3dd58e34a8,c0d23f6dc0c69f19,data\raw\dataset_A\pics_re1\pics_re1\frame17.jpg
dataset_A,frame170.jpg,frame170,.jpg,34414,256,256,RGB,8be5a3b54b4b9299556740a3f5b3b81b,dfffacc052233448,data\raw\dataset_A\pics_re1\pics_re1\frame170.jpg
dataset_A,frame171.jpg,frame171,.jpg,39048,256,256,RGB,c06db9789fc3e03c8546ad31eade5ff1,8c6de50cf792364a,data\raw\dataset_A\pics_re1\pics_re1\frame171.jpg
dataset_A,frame172.jpg,frame172,.jpg,34856,256,256,RGB,838d5e9f8fae992c02afcc1e0c55095d,a331d107fc9c31e6,data\raw\dataset_A\pics_re1\pics_re1\frame172.jpg
dataset_A,frame173.jpg,frame173,.jpg,34617,256,256,RGB,f4bda815344259b47844c8b5d388296e,dfffcc1130ce40c1,data\raw\dataset_A\pics_re1\pics_re1\frame173.jpg
dataset_A,frame174.jpg,frame174,.jpg,29540,256,256,RGB,d7a7f10e7cbe170ec79edb05f063479e,e170d49c1d59b636,data\raw\dataset_A\pics_re1\pics_re1\frame174.jpg
dataset_A,frame175.jpg,frame175,.jpg,28186,256,256,RGB,3e6ef75bc1fe105318de7c8fd46b1b03,d95994972ba4526b,data\raw\dataset_A\pics_re1\pics_re1\frame175.jpg
dataset_A,frame176.jpg,frame176,.jpg,32631,256,256,RGB,1eaacf5fafe6a087089b0d1b7747bd84,9676f88d63229c55,data\raw\dataset_A\pics_re1\pics_re1\frame176.jpg
dataset_A,frame177.jpg,frame177,.jpg,26174,256,256,RGB,72c6b7f291ff0c9753f8815f44154b05,dc5ccc9717a0b45a,data\raw\dataset_A\pics_re1\pics_re1\frame177.jpg
dataset_A,frame178.jpg,frame178,.jpg,33074,256,256,RGB,5340b8a68a08fa0d164a3703ec158e21,de4e81b53da19552,data\raw\dataset_A\pics_re1\pics_re1\frame178.jpg
dataset_A,frame179.jpg,frame179,.jpg,32693,256,256,RGB,505a629473d5f9e1f420c67fcb5a569a,c1c3e1d62aa7d25a,data\raw\dataset_A\pics_re1\pics_re1\frame179.jpg
dataset_A,frame18.jpg,frame18,.jpg,34536,256,256,RGB,5bd30bc5a913c821f13c03bb3f255484,ca8abf272368d8c3,data\raw\dataset_A\pics_re1\pics_re1\frame18.jpg
dataset_A,frame180.jpg,frame180,.jpg,31094,256,256,RGB,73238c99c260cb2e16f63b0f438b6d12,c1c7d6f24e86b270,data\raw\dataset_A\pics_re1\pics_re1\frame180.jpg
dataset_A,frame181.jpg,frame181,.jpg,32781,256,256,RGB,cdf4730f19ab96ef1362d68dab0a1363,ccdde09f9a4798a0,data\raw\dataset_A\pics_re1\pics_re1\frame181.jpg
dataset_A,frame182.jpg,frame182,.jpg,35579,256,256,RGB,452290300c816abf18b4cc52539e9f99,c7c37b42994cb349,data\raw\dataset_A\pics_re1\pics_re1\frame182.jpg
dataset_A,frame183.jpg,frame183,.jpg,32396,256,256,RGB,a3d1b2b5d66286ee52aa3f5c3e5997e1,891a12b767cf3a32,data\raw\dataset_A\pics_re1\pics_re1\frame183.jpg
dataset_A,frame184.jpg,frame184,.jpg,35228,256,256,RGB,cbd9df4a98d8dfcf85830a5b02524142,bcacad9594c45666,data\raw\dataset_A\pics_re1\pics_re1\frame184.jpg
dataset_A,frame185.jpg,frame185,.jpg,37580,256,256,RGB,cd9e4074e01d8ee185b4324ff4c01231,aa6b3985b13fc03a,data\raw\dataset_A\pics_re1\pics_re1\frame185.jpg
dataset_A,frame186.jpg,frame186,.jpg,34641,256,256,RGB,3bee8297d0f2044daf5e7c8ece13920e,88f1f29b63c038cf,data\raw\dataset_A\pics_re1\pics_re1\frame186.jpg
dataset_A,frame187.jpg,frame187,.jpg,34551,256,256,RGB,8417153f01f846d86e789e030ada43f7,da6a2ea75d0d9911,data\raw\dataset_A\pics_re1\pics_re1\frame187.jpg
dataset_A,frame188.jpg,frame188,.jpg,43359,256,256,RGB,e97e69fede87208f9033f75396932e98,a727c9513666e4e8,data\raw\dataset_A\pics_re1\pics_re1\frame188.jpg
dataset_A,frame189.jpg,frame189,.jpg,33393,256,256,RGB,11a00da337c36dfc1c873082490d878a,9999cbd3b2c6c0b1,data\raw\dataset_A\pics_re1\pics_re1\frame189.jpg
dataset_A,frame19.jpg,frame19,.jpg,32934,256,256,RGB,f997da4b10881d2fb68c81456822c44d,f3e283c3961c3e4c,data\raw\dataset_A\pics_re1\pics_re1\frame19.jpg
dataset_A,frame190.jpg,frame190,.jpg,31400,256,256,RGB,1cf7fb5f41dcf966f0b6f8e7f10e0971,b7b5b50a02c77c70,data\raw\dataset_A\pics_re1\pics_re1\frame190.jpg
dataset_A,frame191.jpg,frame191,.jpg,32760,256,256,RGB,ed1cad0d8dca67b35cf5d92e76012018,fa189aea3a94a46b,data\raw\dataset_A\pics_re1\pics_re1\frame191.jpg
dataset_A,frame192.jpg,frame192,.jpg,35420,256,256,RGB,06bd49af4e427e7f04200dbe0cefa2f4,e061c3a172a9df4b,data\raw\dataset_A\pics_re1\pics_re1\frame192.jpg
dataset_A,frame193.jpg,frame193,.jpg,34051,256,256,RGB,8c6b415664482431e4d7b69408846a0a,c2c390343c8fef71,data\raw\dataset_A\pics_re1\pics_re1\frame193.jpg
dataset_A,frame194.jpg,frame194,.jpg,33417,256,256,RGB,35c6906f1b6cb919153b96ba0961e70e,c4858f6b239e4c67,data\raw\dataset_A\pics_re1\pics_re1\frame194.jpg
dataset_A,frame195.jpg,frame195,.jpg,34945,256,256,RGB,4f8a7d5591e26d0d8828ed5db0e6e9bd,c290b03dbf4b63b8,data\raw\dataset_A\pics_re1\pics_re1\frame195.jpg
dataset_A,frame196.jpg,frame196,.jpg,34880,256,256,RGB,4119c2ae842718b52b0a12ae79834499,c291942cbd4be7b8,data\raw\dataset_A\pics_re1\pics_re1\frame196.jpg
dataset_A,frame197.jpg,frame197,.jpg,32645,256,256,RGB,a6714f5ea634fe8f6b4908d02ce85694,c587566330d867b6,data\raw\dataset_A\pics_re1\pics_re1\frame197.jpg
dataset_A,frame198.jpg,frame198,.jpg,36225,256,256,RGB,c6640eacfa3f8d8cbcc5b4a00cdf52d6,d680683e9f46b359,data\raw\dataset_A\pics_re1\pics_re1\frame198.jpg
dataset_A,frame199.jpg,frame199,.jpg,44046,256,256,RGB,edaa0d2fdda480b7972d2df2e4988044,c1c34f39a30ee94b,data\raw\dataset_A\pics_re1\pics_re1\frame199.jpg
dataset_A,frame2.jpg,frame2,.jpg,40951,256,256,RGB,4e143bd84ee99270b28b3675a408c815,b6afc9c002eda786,data\raw\dataset_A\pics_re1\pics_re1\frame2.jpg
dataset_A,frame20.jpg,frame20,.jpg,41882,256,256,RGB,a4d382387b06d5ac3224b11d344afffa,e0e4247478d3737c,data\raw\dataset_A\pics_re1\pics_re1\frame20.jpg
dataset_A,frame200.jpg,frame200,.jpg,44035,256,256,RGB,a3d26d15a6f00deb7e7979d390077f0d,b7b4c9c835668d2c,data\raw\dataset_A\pics_re1\pics_re1\frame200.jpg
dataset_A,frame201.jpg,frame201,.jpg,40927,256,256,RGB,87d1b834432b7cdbeae6fa58e2a65245,e33190ce6a4e99a7,data\raw\dataset_A\pics_re1\pics_re1\frame201.jpg
dataset_A,frame202.jpg,frame202,.jpg,40028,256,256,RGB,6472d4cdcc4de76a60ee2ad4483c34e7,f038d04f6b669cb1,data\raw\dataset_A\pics_re1\pics_re1\frame202.jpg
dataset_A,frame203.jpg,frame203,.jpg,38366,256,256,RGB,e0c15c02bd853029a65e0858d55d2fbf,bf979fc00c786146,data\raw\dataset_A\pics_re1\pics_re1\frame203.jpg
dataset_A,frame204.jpg,frame204,.jpg,40687,256,256,RGB,19dd1ac973511697e28497c23aee2ec0,ac44d0b82d8ffa78,data\raw\dataset_A\pics_re1\pics_re1\frame204.jpg
dataset_A,frame205.jpg,frame205,.jpg,38429,256,256,RGB,d75e35bb7239552890a6f0d2b9772f68,90646799cfdc6784,data\raw\dataset_A\pics_re1\pics_re1\frame205.jpg
dataset_A,frame206.jpg,frame206,.jpg,39521,256,256,RGB,a878d7aec098a61348f4060bb327e23c,81256fcf7f8144cc,data\raw\dataset_A\pics_re1\pics_re1\frame206.jpg
dataset_A,frame207.jpg,frame207,.jpg,41132,256,256,RGB,8faba73867b55d03eced1d12872e601f,81137feb16587354,data\raw\dataset_A\pics_re1\pics_re1\frame207.jpg
dataset_A,frame208.jpg,frame208,.jpg,40416,256,256,RGB,9d68523a447205cf4b200d3648d45581,a2ad4b4a1b32bcbc,data\raw\dataset_A\pics_re1\pics_re1\frame208.jpg
dataset_A,frame209.jpg,frame209,.jpg,39432,256,256,RGB,95d1f6ee4f1b7895c7e97d469a948255,9ba563c61db89507,data\raw\dataset_A\pics_re1\pics_re1\frame209.jpg
dataset_A,frame21.jpg,frame21,.jpg,32161,256,256,RGB,e11ffe2510cb4d783a685b0a7716bbfe,c1c14a7ebc2f6970,data\raw\dataset_A\pics_re1\pics_re1\frame21.jpg
dataset_A,frame210.jpg,frame210,.jpg,40437,256,256,RGB,91a1fe768e41dafe8c16f9c74d9a73b5,b1138b137ccf0769,data\raw\dataset_A\pics_re1\pics_re1\frame210.jpg
dataset_A,frame211.jpg,frame211,.jpg,40645,256,256,RGB,8b8efe78289a483f906f043988a48d57,b078499d34c6e676,data\raw\dataset_A\pics_re1\pics_re1\frame211.jpg
dataset_A,frame212.jpg,frame212,.jpg,39940,256,256,RGB,4030240158044efed8381ccb8dd1b498,9e25e68d296b6561,data\raw\dataset_A\pics_re1\pics_re1\frame212.jpg
dataset_A,frame213.jpg,frame213,.jpg,37940,256,256,RGB,038fdf9f4ef024ffbc96a486a4111e18,eae8d83c1d4327ac,data\raw\dataset_A\pics_re1\pics_re1\frame213.jpg
dataset_A,frame214.jpg,frame214,.jpg,39829,256,256,RGB,3b75676c5a0d359bb5403a39083b270e,a1697d1694cca7e2,data\raw\dataset_A\pics_re1\pics_re1\frame214.jpg
dataset_A,frame215.jpg,frame215,.jpg,30589,256,256,RGB,6e3c135eaa9f56085d5b9aed8969507f,fcfca1426cbdd060,data\raw\dataset_A\pics_re1\pics_re1\frame215.jpg
dataset_A,frame216.jpg,frame216,.jpg,38438,256,256,RGB,0cc25d99fc7c50bfb6a46138ae92ebc6,dcc4b72b58dca720,data\raw\dataset_A\pics_re1\pics_re1\frame216.jpg
dataset_A,frame217.jpg,frame217,.jpg,40087,256,256,RGB,bcdf524249da559b4aee759be8a4252b,fb6943c7f7724080,data\raw\dataset_A\pics_re1\pics_re1\frame217.jpg
dataset_A,frame218.jpg,frame218,.jpg,37487,256,256,RGB,b396487de5b0c4c59b37ab647681b4d4,9a787ce427b77081,data\raw\dataset_A\pics_re1\pics_re1\frame218.jpg
dataset_A,frame219.jpg,frame219,.jpg,36008,256,256,RGB,3c0ce812af3c0cc69c74cd545c5368b6,8222287979991ffe,data\raw\dataset_A\pics_re1\pics_re1\frame219.jpg
dataset_A,frame22.jpg,frame22,.jpg,37108,256,256,RGB,795ef43c03596b2316b6fc861b595115,d8e987a0a8d8dae3,data\raw\dataset_A\pics_re1\pics_re1\frame22.jpg
dataset_A,frame220.jpg,frame220,.jpg,35801,256,256,RGB,d911b959f7f81159e18e99a36a5ed74f,8149696b7b73031f,data\raw\dataset_A\pics_re1\pics_re1\frame220.jpg
dataset_A,frame221.jpg,frame221,.jpg,46241,256,256,RGB,0c0b5da69992b25a95cdeff53fce0921,f636c6c2be6cc848,data\raw\dataset_A\pics_re1\pics_re1\frame221.jpg
dataset_A,frame222.jpg,frame222,.jpg,43209,256,256,RGB,5dff0a7a48b4d096870fd43ff4551a5e,8908fcb43627575b,data\raw\dataset_A\pics_re1\pics_re1\frame222.jpg
dataset_A,frame223.jpg,frame223,.jpg,40160,256,256,RGB,a6ff97d5bedccee33703743e6f2f3770,93136c2e2e675b19,data\raw\dataset_A\pics_re1\pics_re1\frame223.jpg
dataset_A,frame224.jpg,frame224,.jpg,45690,256,256,RGB,d05e4da11773ba159783b9da4c720e25,964f6f2960f29691,data\raw\dataset_A\pics_re1\pics_re1\frame224.jpg
dataset_A,frame225.jpg,frame225,.jpg,41925,256,256,RGB,586d27fc26f3957030054f112623c2dc,9616c76b286cd476,data\raw\dataset_A\pics_re1\pics_re1\frame225.jpg
dataset_A,frame226.jpg,frame226,.jpg,37355,256,256,RGB,6436debd9d1d2926613c75448232e96f,d2526f2f25c4527a,data\raw\dataset_A\pics_re1\pics_re1\frame226.jpg
dataset_A,frame227.jpg,frame227,.jpg,43889,256,256,RGB,bc6f5494e87272d23cb391090ce16cc1,b8184e6bb9aee388,data\raw\dataset_A\pics_re1\pics_re1\frame227.jpg
dataset_A,frame228.jpg,frame228,.jpg,43745,256,256,RGB,8dca3e300d6f68c6cea6c3fae2034649,951d6a6a25d5f0e1,data\raw\dataset_A\pics_re1\pics_re1\frame228.jpg
dataset_A,frame229.jpg,frame229,.jpg,46116,256,256,RGB,4dd5eaac9b7a94f69ae0ffc7a727655d,8d0c66f6b32969cc,data\raw\dataset_A\pics_re1\pics_re1\frame229.jpg
dataset_A,frame23.jpg,frame23,.jpg,35571,256,256,RGB,c5031b10f676238fe69aa01dd4bc84ae,ffd682260c991b1b,data\raw\dataset_A\pics_re1\pics_re1\frame23.jpg
dataset_A,frame230.jpg,frame230,.jpg,46666,256,256,RGB,91fa2db38b63f2ffc71e4f81637a48d7,b23a5bc8a0f2fa92,data\raw\dataset_A\pics_re1\pics_re1\frame230.jpg
dataset_A,frame24.jpg,frame24,.jpg,35245,256,256,RGB,cf629156d86ca370865539b8fb115ad8,f0f59f30307063c7,data\raw\dataset_A\pics_re1\pics_re1\frame24.jpg
dataset_A,frame25.jpg,frame25,.jpg,37797,256,256,RGB,e44fef3f37e53f4bd41322fb3e22dc79,86a6fb93c44c383b,data\raw\dataset_A\pics_re1\pics_re1\frame25.jpg
dataset_A,frame26.jpg,frame26,.jpg,38923,256,256,RGB,40c8c109a34fe3aff576f3908f6fd009,f074b60b4b888f8f,data\raw\dataset_A\pics_re1\pics_re1\frame26.jpg
dataset_A,frame27.jpg,frame27,.jpg,39767,256,256,RGB,31765a55e71d380a91c935babc45e083,f474f4024e9fb1e0,data\raw\dataset_A\pics_re1\pics_re1\frame27.jpg
dataset_A,frame28.jpg,frame28,.jpg,43146,256,256,RGB,5930e72f6788093a41a69c1ec7af5d0c,cc0cce8b20e5deba,data\raw\dataset_A\pics_re1\pics_re1\frame28.jpg
dataset_A,frame29.jpg,frame29,.jpg,35691,256,256,RGB,81a2121ffe6619d50f96d43e8bfb8708,83a3ab542d8dc637,data\raw\dataset_A\pics_re1\pics_re1\frame29.jpg
dataset_A,frame3.jpg,frame3,.jpg,35521,256,256,RGB,21492f8ce349213669f16e04f5bee699,d69687a1031f9d9c,data\raw\dataset_A\pics_re1\pics_re1\frame3.jpg
dataset_A,frame30.jpg,frame30,.jpg,35471,256,256,RGB,bbc8b0d60dbe351c67834c0f329cc1a4,90f68e0bc9a6cb8d,data\raw\dataset_A\pics_re1\pics_re1\frame30.jpg
dataset_A,frame31.jpg,frame31,.jpg,44541,256,256,RGB,5f3a8907d6e80a069d917a4155aaa944,f6bebe42c13cc1a0,data\raw\dataset_A\pics_re1\pics_re1\frame31.jpg
dataset_A,frame32.jpg,frame32,.jpg,42765,256,256,RGB,df348363797dbbb8474354cba6e1ebfb,8d4ccd9f2a6a9615,data\raw\dataset_A\pics_re1\pics_re1\frame32.jpg
dataset_A,frame33.jpg,frame33,.jpg,41268,256,256,RGB,bef4a13f611ee35a1cc880ced5f719bf,eb63e3a020ce1e3d,data\raw\dataset_A\pics_re1\pics_re1\frame33.jpg
dataset_A,frame34.jpg,frame34,.jpg,42043,256,256,RGB,44f200cec673fc35896566395f6bb2ee,9f1fdab239878064,data\raw\dataset_A\pics_re1\pics_re1\frame34.jpg
dataset_A,frame35.jpg,frame35,.jpg,39888,256,256,RGB,b009e85447b112ec20f00f975b53c7b6,da7afaba2c4e0921,data\raw\dataset_A\pics_re1\pics_re1\frame35.jpg
dataset_A,frame36.jpg,frame36,.jpg,41325,256,256,RGB,da5c8ccbab67cba810f5e4ce32907572,b131d19a3c6d1d95,data\raw\dataset_A\pics_re1\pics_re1\frame36.jpg
dataset_A,frame37.jpg,frame37,.jpg,38172,256,256,RGB,db3ffd7592aa8e6428961ecdb4828565,d4d89b3944c0bf3c,data\raw\dataset_A\pics_re1\pics_re1\frame37.jpg
dataset_A,frame38.jpg,frame38,.jpg,41743,256,256,RGB,9885010560389c10626fc50b706ed1f7,8587d3fa293896c6,data\raw\dataset_A\pics_re1\pics_re1\frame38.jpg
dataset_A,frame39.jpg,frame39,.jpg,37547,256,256,RGB,4dc2374a7a8c06c6dd66cab3215f162a,c6c2c2c2f2f5558d,data\raw\dataset_A\pics_re1\pics_re1\frame39.jpg
dataset_A,frame4.jpg,frame4,.jpg,34878,256,256,RGB,287b3968ca720b5c9622df061c810cab,ce8c8dbc183e3a33,data\raw\dataset_A\pics_re1\pics_re1\frame4.jpg
dataset_A,frame40.jpg,frame40,.jpg,45394,256,256,RGB,b250053cfa35c4097e60a877d31403e3,d7270ae278393b07,data\raw\dataset_A\pics_re1\pics_re1\frame40.jpg
dataset_A,frame41.jpg,frame41,.jpg,37377,256,256,RGB,43e2ef9358ca184121b339d2babe35e3,c9e9c98389c8da73,data\raw\dataset_A\pics_re1\pics_re1\frame41.jpg
dataset_A,frame42.jpg,frame42,.jpg,41567,256,256,RGB,d4b906c6dba245dceb0f69e341b724ab,e6e6c7a4ac2d6922,data\raw\dataset_A\pics_re1\pics_re1\frame42.jpg
dataset_A,frame43.jpg,frame43,.jpg,41722,256,256,RGB,2ccdc7f8c92c1ab7f7f43c095c88bc81,cec4cd8bda39431a,data\raw\dataset_A\pics_re1\pics_re1\frame43.jpg
dataset_A,frame44.jpg,frame44,.jpg,43994,256,256,RGB,dd3363a27a7dfeb472b71b8b2727abab,fdc1c6d98b2e0952,data\raw\dataset_A\pics_re1\pics_re1\frame44.jpg
dataset_A,frame45.jpg,frame45,.jpg,43955,256,256,RGB,bafab1cf2d5481ce3be14ad073f563fa,f6c9c396a5405fb0,data\raw\dataset_A\pics_re1\pics_re1\frame45.jpg
dataset_A,frame46.jpg,frame46,.jpg,42393,256,256,RGB,29c121de1ce937c9cddcf62925c2e3f5,afafa9b13504e8a8,data\raw\dataset_A\pics_re1\pics_re1\frame46.jpg
dataset_A,frame47.jpg,frame47,.jpg,45347,256,256,RGB,9a81e64bc58522bdba87859364e392c5,b191d59147e6a4ad,data\raw\dataset_A\pics_re1\pics_re1\frame47.jpg
dataset_A,frame48.jpg,frame48,.jpg,45704,256,256,RGB,a9160a663532b14e7fd59d5dffb74b66,957c52d6170733b1,data\raw\dataset_A\pics_re1\pics_re1\frame48.jpg
dataset_A,frame49.jpg,frame49,.jpg,43088,256,256,RGB,d75f0765ac71b7ab0e8f03a483ffaff3,f637afc2d810164d,data\raw\dataset_A\pics_re1\pics_re1\frame49.jpg
dataset_A,frame5.jpg,frame5,.jpg,33649,256,256,RGB,c21128f3c6fce1fadeb6845894d61569,9497cb8b898d8f32,data\raw\dataset_A\pics_re1\pics_re1\frame5.jpg
dataset_A,frame50.jpg,frame50,.jpg,45359,256,256,RGB,f3975d4d251481d5059a1be1d16acef6,b9b1b7e0db568103,data\raw\dataset_A\pics_re1\pics_re1\frame50.jpg
dataset_A,frame51.jpg,frame51,.jpg,44489,256,256,RGB,52e271c54399d27d7138fc6546a9a602,f8fa3d04f0525e4a,data\raw\dataset_A\pics_re1\pics_re1\frame51.jpg
dataset_A,frame52.jpg,frame52,.jpg,40378,256,256,RGB,d39c98276dd70bfbd15d71a14cba71c3,adbd0442dad8f343,data\raw\dataset_A\pics_re1\pics_re1\frame52.jpg
dataset_A,frame53.jpg,frame53,.jpg,47815,256,256,RGB,c24464a3254c01c928d74df911571265,82678cb1a2accddd,data\raw\dataset_A\pics_re1\pics_re1\frame53.jpg
dataset_A,frame54.jpg,frame54,.jpg,34051,256,256,RGB,807a7aae2019498eb8e5003db31e68ad,812f6eec2c0f4f0b,data\raw\dataset_A\pics_re1\pics_re1\frame54.jpg
dataset_A,frame55.jpg,frame55,.jpg,41587,256,256,RGB,185062e903966c6c59dad63cb4e8e260,edada5d59585212a,data\raw\dataset_A\pics_re1\pics_re1\frame55.jpg
dataset_A,frame56.jpg,frame56,.jpg,38344,256,256,RGB,10eb78be01fafc52cd1be94815db33cc,b999d9db822614dc,data\raw\dataset_A\pics_re1\pics_re1\frame56.jpg
dataset_A,frame57.jpg,frame57,.jpg,39823,256,256,RGB,70f675995f229f935e4b998570db564b,fdbfb434909007ac,data\raw\dataset_A\pics_re1\pics_re1\frame57.jpg
dataset_A,frame58.jpg,frame58,.jpg,43572,256,256,RGB,39a856eaa53994b0d78bcdaa4e9401c4,f5e1e17106ae5931,data\raw\dataset_A\pics_re1\pics_re1\frame58.jpg
dataset_A,frame59.jpg,frame59,.jpg,42389,256,256,RGB,c9b0dd677fe688b6c0ceafa958f8110b,e5e3e70e089c256b,data\raw\dataset_A\pics_re1\pics_re1\frame59.jpg
dataset_A,frame6.jpg,frame6,.jpg,33999,256,256,RGB,9dcf218e74165db98c9da2520cd92eee,93838e0e45657b7a,data\raw\dataset_A\pics_re1\pics_re1\frame6.jpg
dataset_A,frame60.jpg,frame60,.jpg,45273,256,256,RGB,40f784ad7aa22fc5af042a67acc0ca63,fafcf420629ccc68,data\raw\dataset_A\pics_re1\pics_re1\frame60.jpg
dataset_A,frame61.jpg,frame61,.jpg,44685,256,256,RGB,b5c85aec4ccc08e2dfe2af8b93c389db,c892c2e2d99c97ea,data\raw\dataset_A\pics_re1\pics_re1\frame61.jpg
dataset_A,frame62.jpg,frame62,.jpg,45480,256,256,RGB,2b8009bf51fbcbc78b8958b5e3463e30,f9b9496583d89a1a,data\raw\dataset_A\pics_re1\pics_re1\frame62.jpg
dataset_A,frame63.jpg,frame63,.jpg,42811,256,256,RGB,0fb32d1055dd6352aa2ff3e71782c09a,d0d889e9d889e1f3,data\raw\dataset_A\pics_re1\pics_re1\frame63.jpg
dataset_A,frame64.jpg,frame64,.jpg,43797,256,256,RGB,01ef6dc335083974478714e827416f3e,e0d1e16687ecf8d0,data\raw\dataset_A\pics_re1\pics_re1\frame64.jpg
dataset_A,frame65.jpg,frame65,.jpg,40287,256,256,RGB,30919fbeef8d5b77935865d9078afd4d,cac8d074c5c3c5ee,data\raw\dataset_A\pics_re1\pics_re1\frame65.jpg
dataset_A,frame66.jpg,frame66,.jpg,41853,256,256,RGB,8240b12c57e39ea409077d602c8c7100,dfba6063858e4c5a,data\raw\dataset_A\pics_re1\pics_re1\frame66.jpg
dataset_A,frame67.jpg,frame67,.jpg,40571,256,256,RGB,3f98a0c1da2aae63e1e2cff2c9db0edb,8f1e733387063cf0,data\raw\dataset_A\pics_re1\pics_re1\frame67.jpg
dataset_A,frame68.jpg,frame68,.jpg,40690,256,256,RGB,67d74026971d4fd38c029812457008f6,d088e87095ceeef4,data\raw\dataset_A\pics_re1\pics_re1\frame68.jpg
dataset_A,frame69.jpg,frame69,.jpg,32878,256,256,RGB,ae3a1b85455a90805e995293aaa118f6,f9f8173f282484f8,data\raw\dataset_A\pics_re1\pics_re1\frame69.jpg
dataset_A,frame7.jpg,frame7,.jpg,37472,256,256,RGB,930915555a3ca59da31fcadf3574480d,9696869e4e47752c,data\raw\dataset_A\pics_re1\pics_re1\frame7.jpg
dataset_A,frame70.jpg,frame70,.jpg,40544,256,256,RGB,d8330d7e72f5832153229e59d0e098f9,c40e577e3e94c0f4,data\raw\dataset_A\pics_re1\pics_re1\frame70.jpg
dataset_A,frame71.jpg,frame71,.jpg,38227,256,256,RGB,248cf6800d7f0a53bec94ab8fba7ae41,e120273babf27ca8,data\raw\dataset_A\pics_re1\pics_re1\frame71.jpg
dataset_A,frame72.jpg,frame72,.jpg,44027,256,256,RGB,92a9db777f33e27f98ab3668c1834fee,d717896a368e0e78,data\raw\dataset_A\pics_re1\pics_re1\frame72.jpg
dataset_A,frame73.jpg,frame73,.jpg,40485,256,256,RGB,aad908ec76dc9c28630a4f5e6f211feb,f830851b09c1ff2f,data\raw\dataset_A\pics_re1\pics_re1\frame73.jpg
dataset_A,frame74.jpg,frame74,.jpg,43419,256,256,RGB,c48eb7f59d80fbfabc80189f5d008b8c,ce1599ea7815894f,data\raw\dataset_A\pics_re1\pics_re1\frame74.jpg
dataset_A,frame75.jpg,frame75,.jpg,42102,256,256,RGB,b04cbd53807bb2973b80b8a3d8f94bc2,c800d77f3e97e250,data\raw\dataset_A\pics_re1\pics_re1\frame75.jpg
dataset_A,frame76.jpg,frame76,.jpg,42561,256,256,RGB,e279f98e5e2b907fdefe3725b3a02441,f070d53f1fc028ba,data\raw\dataset_A\pics_re1\pics_re1\frame76.jpg
dataset_A,frame77.jpg,frame77,.jpg,40379,256,256,RGB,3bd5ef1b3253c94c43cb5dd4c37de3fd,8b9e5e6b31303a2d,data\raw\dataset_A\pics_re1\pics_re1\frame77.jpg
dataset_A,frame78.jpg,frame78,.jpg,37742,256,256,RGB,8e247a740aa227bc8b9076d8b27ba206,8786434f3e1e4f4a,data\raw\dataset_A\pics_re1\pics_re1\frame78.jpg
dataset_A,frame79.jpg,frame79,.jpg,41105,256,256,RGB,19c95c6c51a755e2593e9d4f51db7a6c,ea55d3f670c0e033,data\raw\dataset_A\pics_re1\pics_re1\frame79.jpg
dataset_A,frame8.jpg,frame8,.jpg,39495,256,256,RGB,06f37f48a0b78666ed635d19d974e1ed,b79193d284637077,data\raw\dataset_A\pics_re1\pics_re1\frame8.jpg
dataset_A,frame80.jpg,frame80,.jpg,40762,256,256,RGB,c48d45d8e51f8a93f06f21a9f8c491ac,d294f57390c2279e,data\raw\dataset_A\pics_re1\pics_re1\frame80.jpg
dataset_A,frame81.jpg,frame81,.jpg,41203,256,256,RGB,f4444fae9f8d6757ed4e7b4ba488324f,ce8cfce3c6442cc6,data\raw\dataset_A\pics_re1\pics_re1\frame81.jpg
dataset_A,frame82.jpg,frame82,.jpg,43310,256,256,RGB,0f5e7c6184826beb03b8f17aba74e0cd,a7dd6b40993e8135,data\raw\dataset_A\pics_re1\pics_re1\frame82.jpg
dataset_A,frame83.jpg,frame83,.jpg,44388,256,256,RGB,714144c28c38c6903e747b7d570b659f,d28aaa7ad2609b9e,data\raw\dataset_A\pics_re1\pics_re1\frame83.jpg
dataset_A,frame84.jpg,frame84,.jpg,43405,256,256,RGB,9be173dc3f13f9ee3eb63b88122a534b,cf8ffc60a545b80c,data\raw\dataset_A\pics_re1\pics_re1\frame84.jpg
dataset_A,frame85.jpg,frame85,.jpg,47285,256,256,RGB,a570b30f27d0101bbbd7cc3d68d04ddc,baff8126c2941fc8,data\raw\dataset_A\pics_re1\pics_re1\frame85.jpg
dataset_A,frame86.jpg,frame86,.jpg,37552,256,256,RGB,3ad9130064c4439af14e7c35fe8f6aa1,a3f4f420213dd567,data\raw\dataset_A\pics_re1\pics_re1\frame86.jpg
dataset_A,frame87.jpg,frame87,.jpg,37324,256,256,RGB,a6e7e80e431c0cacf20cdfd430aea2ad,a482c23f3f83c1d7,data\raw\dataset_A\pics_re1\pics_re1\frame87.jpg
dataset_A,frame88.jpg,frame88,.jpg,44439,256,256,RGB,76943ef6ce2099504851f1d672ad8eb2,cb5b507c6ca4d25a,data\raw\dataset_A\pics_re1\pics_re1\frame88.jpg
dataset_A,frame89.jpg,frame89,.jpg,42950,256,256,RGB,b3d2b2e4a71babb2ce678306d0172d70,c94b525c6cb4d34b,data\raw\dataset_A\pics_re1\pics_re1\frame89.jpg
dataset_A,frame9.jpg,frame9,.jpg,37390,256,256,RGB,3433633989ad8a6bd27f3a882ab17037,bb981b3b77616482,data\raw\dataset_A\pics_re1\pics_re1\frame9.jpg
dataset_A,frame90.jpg,frame90,.jpg,45095,256,256,RGB,584627b84ebdff9cdf67cdcabb72ec17,f0385c956357d4d4,data\raw\dataset_A\pics_re1\pics_re1\frame90.jpg
dataset_A,frame91.jpg,frame91,.jpg,44520,256,256,RGB,95d975a55a45dd04a140a69fa3905741,bf47863878843771,data\raw\dataset_A\pics_re1\pics_re1\frame91.jpg
dataset_A,frame92.jpg,frame92,.jpg,43703,256,256,RGB,b7674055cbf197ef5661ff0be8ba53ad,d562e1a52fc39172,data\raw\dataset_A\pics_re1\pics_re1\frame92.jpg
dataset_A,frame93.jpg,frame93,.jpg,40094,256,256,RGB,3d24d00fe02c3039fb13558b4b2ab02d,956aca4888979e7e,data\raw\dataset_A\pics_re1\pics_re1\frame93.jpg
dataset_A,frame94.jpg,frame94,.jpg,37332,256,256,RGB,a32e05b761cd9b61129490c24c38653a,c07e3f80b97c68c5,data\raw\dataset_A\pics_re1\pics_re1\frame94.jpg
dataset_A,frame95.jpg,frame95,.jpg,41871,256,256,RGB,ddf40f87a36e2894d65a5752debb9dd2,c07b87901f1eb0f9,data\raw\dataset_A\pics_re1\pics_re1\frame95.jpg
dataset_A,frame96.jpg,frame96,.jpg,47414,256,256,RGB,cfeebcd2e665f305d819a71f273e281a,f645e97496a629c1,data\raw\dataset_A\pics_re1\pics_re1\frame96.jpg
dataset_A,frame97.jpg,frame97,.jpg,36713,256,256,RGB,8b322ae4a33cc47309de0b67c253c58a,e0809cfe8f6ab01f,data\raw\dataset_A\pics_re1\pics_re1\frame97.jpg
dataset_A,frame98.jpg,frame98,.jpg,47005,256,256,RGB,7db9d9c77b9e67f12255816b5e45898c,8c04918f1e9cb9fd,data\raw\dataset_A\pics_re1\pics_re1\frame98.jpg
dataset_A,frame99.jpg,frame99,.jpg,49675,256,256,RGB,11c4226e69a0fb43e39236e7ef5441da,bf2fc5507814d6b0,data\raw\dataset_A\pics_re1\pics_re1\frame99.jpg
dataset_B,0001.jpg,0001,.jpg,66497,720,734,RGB,fb5cf5572e859ee8a5a37984e3ad3415,e1169fa89ef77080,data\raw\dataset_B\EALPR Vechicles dataset\Vehicles\0001.jpg
dataset_B,0002.jpg,0002,.jpg,68194,640,480,RGB,49019b7b7adf9aaae83620a92bd8f766,b71f0d4dd3c9e084,data\raw\dataset_B\EALPR Vechicles dataset\Vehicles\0002.jpg
dataset_B,0003.jpg,0003,.jpg,62728,480,640,RGB,d968ef924c439fc158df547afcd4dd30,eda59f5fc28a3880,data\raw\dataset_B\EALPR Vechicles dataset\Vehicles\0003.jpg
dataset_B,0004.jpg,0004,.jpg,71660,720,960,RGB,0193bf528da1f386615092db06a18b94,e43fc0df1e4a6834,data\raw\dataset_B\EALPR Vechicles dataset\Vehicles\0004.jpg
dataset_B,0005.jpg,0005,.jpg,98033,960,720,RGB,05f4717a092f4e51b3b53f500ab64c3f,ed278f8e8e998681,data\raw\dataset_B\EALPR Vechicles dataset\Vehicles\0005.jpg
dataset_B,0006.jpg,0006,.jpg,116499,960,720,RGB,48dc94b3bf8282cbdc21d79b58e1e850,e9c35331bab09371,data\raw\dataset_B\EALPR Vechicles dataset\Vehicles\0006.jpg
dataset_B,0007.jpg,0007,.jpg,75597,960,720,RGB,185b179b29f1617476283d59a9083c09,e4de239989a9c565,data\raw\dataset_B\EALPR Vechicles dataset\Vehicles\0007.jpg
dataset_B,0008.jpg,0008,.jpg,99845,454,960,RGB,493a35cc8403dbde92b0a8d84afa9226,e4c0c9a393b27c7a,data\raw\dataset_B\EALPR Vechicles dataset\Vehicles\0008.jpg
dataset_B,0009.jpg,0009,.jpg,9943,240,480,RGB,b265796c2f86ac21ded4a022305c232d,aad5aed5d12a462a,data\raw\dataset_B\EALPR Vechicles dataset\Vehicles\0009.jpg
dataset_B,0010.jpg,0010,.jpg,55572,432,960,RGB,2ad2a3e8b6df56dbe2fac4b7a2d0ed41,8a85c3d26d7f160d,data\raw\dataset_B\EALPR Vechicles dataset\Vehicles\0010.jpg
dataset_B,0011.jpg,0011,.jpg,61829,720,960,RGB,694d28f3cceb34f8af45a51e967ae2ad,da4a616084c76bbf,data\raw\dataset_B\EALPR Vechicles dataset\Vehicles\0011.jpg
dataset_B,0012.jpg,0012,.jpg,56361,443,960,RGB,bc7991e8b1fc065758559c2361ddd1b6,a9e0c69ed7d5282a,data\raw\dataset_B\EALPR Vechicles dataset\Vehicles\0012.jpg
dataset_B,0013.jpg,0013,.jpg,144002,720,960,RGB,37245b0b3b11b218935b827ffe923d5f,edd782293b5e3430,data\raw\dataset_B\EALPR Vechicles dataset\Vehicles\0013.jpg
dataset_B,0014.jpg,0014,.jpg,55321,540,960,RGB,0cb0f14df7932479ddf19e7856dd830b,eae1ef6eeac2c080,data\raw\dataset_B\EALPR Vechicles dataset\Vehicles\0014.jpg
dataset_B,0015.jpg,0015,.jpg,58630,540,960,RGB,23ad50446e990c099c9a2a199b665626,a13f5a6b85646ca6,data\raw\dataset_B\EALPR Vechicles dataset\Vehicles\0015.jpg
dataset_B,0016.jpg,0016,.jpg,186407,960,720,RGB,9dfbad48020498493d24defbf9ff87fa,e48e47bca6f0d813,data\raw\dataset_B\EALPR Vechicles dataset\Vehicles\0016.jpg
dataset_B,0017.jpg,0017,.jpg,118424,720,960,RGB,eab8e1994c5deb5375e4b17a28c423d7,e5969e6a8ea4843d,data\raw\dataset_B\EALPR Vechicles dataset\Vehicles\0017.jpg
dataset_B,0018.jpg,0018,.jpg,74043,432,960,RGB,0641d00220b281138dd1c18ace44a728,8d1d959d0a82e66f,data\raw\dataset_B\EALPR Vechicles dataset\Vehicles\0018.jpg
dataset_B,0019.jpg,0019,.jpg,67362,432,960,RGB,710b6eedbd25f11dca0dfb774ade4362,eb8391b09ec4656d,data\raw\dataset_B\EALPR Vechicles dataset\Vehicles\0019.jpg
dataset_B,0020.jpg,0020,.jpg,49307,960,444,RGB,603d47102ad7d2762573a589126b8c38,c8533c35c8c9f39c,data\raw\dataset_B\EALPR Vechicles dataset\Vehicles\0020.jpg
dataset_B,0021.jpg,0021,.jpg,139181,960,720,RGB,c0c66653fd4cb570d1dcb816a9dabdd8,83bc3cc3c9cf6530,data\raw\dataset_B\EALPR Vechicles dataset\Vehicles\0021.jpg
dataset_B,0022.jpg,0022,.jpg,67458,720,960,RGB,597289e9929f9347e23f85def51849aa,d7d38a83d8743478,data\raw\dataset_B\EALPR Vechicles dataset\Vehicles\0022.jpg
dataset_B,0023.jpg,0023,.jpg,65937,720,960,RGB,b3935796056a06c9f45e982af67bcc07,87c258947a6a7a5d,data\raw\dataset_B\EALPR Vechicles dataset\Vehicles\0023.jpg
dataset_B,0024.jpg,0024,.jpg,83994,720,960,RGB,7f836cb1fb2268316ecb5a68cf215713,d7d7838383cacac2,data\raw\dataset_B\EALPR Vechicles dataset\Vehicles\0024.jpg
dataset_B,0025.jpg,0025,.jpg,75042,576,960,RGB,55a8ff68eeb8eb8be469bc0e0943d554,ef8135af82ad2992,data\raw\dataset_B\EALPR Vechicles dataset\Vehicles\0025.jpg
dataset_B,0026.jpg,0026,.jpg,69757,960,720,RGB,75cfa7bbf6c8e46194828cd56e067a6b,add77a2897dc8a20,data\raw\dataset_B\EALPR Vechicles dataset\Vehicles\0026.jpg
dataset_B,0027.jpg,0027,.jpg,67000,960,720,RGB,d79e59dff6a37fbfa0073c35bcb36b2d,d03f8bc2823df2b1,data\raw\dataset_B\EALPR Vechicles dataset\Vehicles\0027.jpg
dataset_B,0028.jpg,0028,.jpg,69550,960,720,RGB,628b90983f9d2216a75f45321e02493d,add77a1897dc8a20,data\raw\dataset_B\EALPR Vechicles dataset\Vehicles\0028.jpg
dataset_B,0029.jpg,0029,.jpg,86615,720,960,RGB,50d9a394b2fe3e27ba1d9dc3d8482e31,d7d78303a3cacac2,data\raw\dataset_B\EALPR Vechicles dataset\Vehicles\0029.jpg
dataset_B,0030.jpg,0030,.jpg,67458,720,960,RGB,6a69b67253b7b2d25b6b21eb0f00129e,d7d38a83d8743478,data\raw\dataset_B\EALPR Vechicles dataset\Vehicles\0030.jpg
dataset_B,0031.jpg,0031,.jpg,65937,720,960,RGB,0100e2397f1d12ff49a68b7a125d7b78,87c258947a6a7a5d,data\raw\dataset_B\EALPR Vechicles dataset\Vehicles\0031.jpg
dataset_B,0032.jpg,0032,.jpg,71147,960,720,RGB,69e2ea03be1b36d7ad01c50c84c2d404,c9d0f0b0838fde33,data\raw\dataset_B\EALPR Vechicles dataset\Vehicles\0032.jpg
dataset_B,0033.jpg,0033,.jpg,60399,960,720,RGB,e3dfffbb046e4b5692b8519b8d7da539,8785a1c2e17913df,data\raw\dataset_B\EALPR Vechicles dataset\Vehicles\0033.jpg
dataset_B,0034.jpg,0034,.jpg,100682,842,842,RGB,30b8bb72f968ae92f46ad21933c3160e,f841936cf1098ede,data\raw\dataset_B\EALPR Vechicles dataset\Vehicles\0034.jpg
dataset_B,0035.jpg,0035,.jpg,255490,1080,1350,RGB,db76c5c2fb4a8590738a067c39820c2f,fc84a519835b5376,data\raw\dataset_B\EALPR Vechicles dataset\Vehicles\0035.jpg
dataset_B,0036.jpg,0036,.jpg,66025,720,960,RGB,690c5d63b83bce43bff1bdbb2a541087,a9a52e2ad4cb695a,data\raw\dataset_B\EALPR Vechicles dataset\Vehicles\0036.jpg
dataset_B,0037.jpg,0037,.jpg,54989,960,720,RGB,6f449cae7c4245d7d48c537f6139d3ab,bf4078af82646ad5,data\raw\dataset_B\EALPR Vechicles dataset\Vehicles\0037.jpg
dataset_B,0038.jpg,0038,.jpg,126403,1080,1080,RGB,3c5225f2852d1ca5db6af42da0b05ae1,e1809e7ca9a362de,data\raw\dataset_B\EALPR Vechicles dataset\Vehicles\0038.jpg
dataset_B,0039.jpg,0039,.jpg,97218,825,825,RGB,c7bdccf3e388af88fbe8fb152a446dbb,eb2884db9be51895,data\raw\dataset_B\EALPR Vechicles dataset\Vehicles\0039.jpg
dataset_B,0040.jpg,0040,.jpg,162479,937,1171,RGB,e1fc9d48796882ed81fddb0a9acf1ab8,b97c867089b9f486,data\raw\dataset_B\EALPR Vechicles dataset\Vehicles\0040.jpg
dataset_B,0041.jpg,0041,.jpg,62752,720,461,RGB,7f3a599ec535a59fffbaea8c36f51b56,dc07723f488e95cc,data\raw\dataset_B\EALPR Vechicles dataset\Vehicles\0041.jpg
dataset_B,0042.jpg,0042,.jpg,44812,562,421,RGB,e9e950889ed956859fbddfa904fb85d2,eeee57c64ac20705,data\raw\dataset_B\EALPR Vechicles dataset\Vehicles\0042.jpg
dataset_B,0043.jpg,0043,.jpg,97514,768,768,RGB,cf257435d918bf8b2ef960059846c6ef,b864f4b46ed99134,data\raw\dataset_B\EALPR Vechicles dataset\Vehicles\0043.jpg
dataset_B,0044.jpg,0044,.jpg,100174,834,626,RGB,193296597359d826c38532522babf046,f88583f2e1b1e46a,data\raw\dataset_B\EALPR Vechicles dataset\Vehicles\0044.jpg
dataset_B,0045.jpg,0045,.jpg,36385,342,342,RGB,a2c28974c8e91c9ec44b42e8131e29b2,854bce6f8125de16,data\raw\dataset_B\EALPR Vechicles dataset\Vehicles\0045.jpg
dataset_B,0046.jpg,0046,.jpg,86455,765,765,RGB,dccc727e3ad29f709e9546a887ab9098,8504ba2b27e54edb,data\raw\dataset_B\EALPR Vechicles dataset\Vehicles\0046.jpg
dataset_B,0047.jpg,0047,.jpg,41209,516,387,RGB,18854b6fbd4bd3d9fb9f6a88e966b54d,f9a78718cac2d8d8,data\raw\dataset_B\EALPR Vechicles dataset\Vehicles\0047.jpg
dataset_B,0048.jpg,0048,.jpg,141238,1032,1290,RGB,bfdd30adc61dbe79cd64b1a0e1fa8b41,a82e33f5f58c4872,data\raw\dataset_B\EALPR Vechicles dataset\Vehicles\0048.jpg
dataset_B,0049.jpg,0049,.jpg,113197,1080,1080,RGB,affe033373b38a3a94b9f1c253136aef,9c7c01899172defc,data\raw\dataset_B\EALPR Vechicles dataset\Vehicles\0049.jpg
dataset_B,0050.jpg,0050,.jpg,146695,1080,1351,RGB,3fe5fcb2bd66dfb6727d3aa1b919b810,eac4e42d9c1ad179,data\raw\dataset_B\EALPR Vechicles dataset\Vehicles\0050.jpg
dataset_B,0051.jpg,0051,.jpg,113891,1080,811,RGB,d86b32a47cee275c554cf663e4d0a554,c2c93db422c89f4f,data\raw\dataset_B\EALPR Vechicles dataset\Vehicles\0051.jpg
dataset_B,0052.jpg,0052,.jpg,134925,782,782,RGB,29fd5b7b6604289e4f7531d95be1d8d1,ae47812f9fb4cd01,data\raw\dataset_B\EALPR Vechicles dataset\Vehicles\0052.jpg
dataset_B,0053.jpg,0053,.jpg,146567,1019,764,RGB,ad7682a38e69e787cb5fa1ae1855e783,b4c277859766c233,data\raw\dataset_B\EALPR Vechicles dataset\Vehicles\0053.jpg
dataset_B,0054.jpg,0054,.jpg,146543,715,715,RGB,63d5ed3700490a3ba04ac74998460576,ab57d2ae3c99e202,data\raw\dataset_B\EALPR Vechicles dataset\Vehicles\0054.jpg
dataset_B,0055.jpg,0055,.jpg,107361,960,720,RGB,50c0837b651e448590a4401f02c4652e,dcdc63ba96651831,data\raw\dataset_B\EALPR Vechicles dataset\Vehicles\0055.jpg
dataset_B,0056.jpg,0056,.jpg,70060,540,960,RGB,50e0e1aa45020eb18fbf9beb06e39f72,959d860fc2c43d3d,data\raw\dataset_B\EALPR Vechicles dataset\Vehicles\0056.jpg
dataset_B,0057.jpg,0057,.jpg,68616,454,960,RGB,94728a0b486b53d10f62346aabb0cfc7,d0c16052872f3b7f,data\raw\dataset_B\EALPR Vechicles dataset\Vehicles\0057.jpg
dataset_B,0058.jpg,0058,.jpg,42263,454,960,RGB,849ef1a9ce4e21ea873f8c5f110450e3,bba1f084d67e5688,data\raw\dataset_B\EALPR Vechicles dataset\Vehicles\0058.jpg
dataset_B,0059.jpg,0059,.jpg,273421,928,1111,RGB,c7b12f2ca6ffbbe8a2d78e23e241ca77,99c6bd43b22d551a,data\raw\dataset_B\EALPR Vechicles dataset\Vehicles\0059.jpg
dataset_B,0060.jpg,0060,.jpg,148086,937,1171,RGB,67464f461d510251ac4c0450459bac4b,91d1862b6b2b6ec5,data\raw\dataset_B\EALPR Vechicles dataset\Vehicles\0060.jpg
dataset_B,0061.jpg,0061,.jpg,124856,1080,1350,RGB,ffc15fca59747237f7ff9848163fa978,d1e82e3695f92994,data\raw\dataset_B\EALPR Vechicles dataset\Vehicles\0061.jpg
dataset_B,0062.jpg,0062,.jpg,174367,1080,1351,RGB,d2d61ae351a1d543c296e76ea5ab6cee,ffbad485c3918702,data\raw\dataset_B\EALPR Vechicles dataset\Vehicles\0062.jpg
dataset_B,0063.jpg,0063,.jpg,88773,1080,1350,RGB,010a3570b66f0778d7500b5874445fac,deae69698a968661,data\raw\dataset_B\EALPR Vechicles dataset\Vehicles\0063.jpg
dataset_B,0064.jpg,0064,.jpg,104438,720,720,RGB,937d771fb22f0da5d127d79d24b11cc2,b180d07ee05a57db,data\raw\dataset_B\EALPR Vechicles dataset\Vehicles\0064.jpg
dataset_B,0065.jpg,0065,.jpg,150876,866,866,RGB,6dc522f6c86bb94d9563e20f8afed9c0,ada5351f8db530d0,data\raw\dataset_B\EALPR Vechicles dataset\Vehicles\0065.jpg
dataset_B,0066.jpg,0066,.jpg,179228,1080,1351,RGB,72fb661f33d738d975b369321cbd3628,ae15ff2f80029e87,data\raw\dataset_B\EALPR Vechicles dataset\Vehicles\0066.jpg
dataset_B,0067.jpg,0067,.jpg,145501,1080,810,RGB,14a6c2af071a4da8cd4bb5f5805fd324,aad55d5a0f803d3c,data\raw\dataset_B\EALPR Vechicles dataset\Vehicles\0067.jpg
dataset_B,0068.jpg,0068,.jpg,124312,1080,1080,RGB,19b0b6204c141f45af31ea89ef9f39f6,84c53b32c5d45d5e,data\raw\dataset_B\EALPR Vechicles dataset\Vehicles\0068.jpg
dataset_B,0069.jpg,0069,.jpg,170716,1080,1080,RGB,ac825ab4509121efe8e7f0bc419c359b,fe90d4bfad2d8060,data\raw\dataset_B\EALPR Vechicles dataset\Vehicles\0069.jpg
dataset_B,0070.jpg,0070,.jpg,220355,1080,1080,RGB,6dcb0b01a052ac63b9df19f6ae4be72c,d8cb8b38d42f4e2c,data\raw\dataset_B\EALPR Vechicles dataset\Vehicles\0070.jpg
dataset_B,0071.jpg,0071,.jpg,208571,1080,1350,RGB,2d55cd4af141d49363bc43731022a367,ba16973b0985e58d,data\raw\dataset_B\EALPR Vechicles dataset\Vehicles\0071.jpg
dataset_B,0072.jpg,0072,.jpg,98239,1080,1350,RGB,a682c5c07d51760c0968682e476a85aa,bcadd786c8a846a5,data\raw\dataset_B\EALPR Vechicles dataset\Vehicles\0072.jpg
dataset_B,0073.jpg,0073,.jpg,138294,1080,1351,RGB,830aa22f4167b78760d6b7f6a03d43d6,9a997b7387851c2c,data\raw\dataset_B\EALPR Vechicles dataset\Vehicles\0073.jpg
dataset_B,0074.jpg,0074,.jpg,80825,825,825,RGB,daa576bb7db875358ca5eb5e08990eee,90e86f93db84741b,data\raw\dataset_B\EALPR Vechicles dataset\Vehicles\0074.jpg
dataset_B,0075.jpg,0075,.jpg,100517,1000,750,RGB,0424b272f3cd4e5c71fce10b5f6f9d66,f1173a715a979581,data\raw\dataset_B\EALPR Vechicles dataset\Vehicles\0075.jpg
dataset_B,0076.jpg,0076,.jpg,100209,900,1125,RGB,c90231d4ac443f6f28ff123bd9be4f4d,bfdddc50cb02c48c,data\raw\dataset_B\EALPR Vechicles dataset\Vehicles\0076.jpg
dataset_B,0077.jpg,0077,.jpg,103709,1080,1350,RGB,4b503dab0f63ea6d16da84cf30714e59,bbd91991d99891d2,data\raw\dataset_B\EALPR Vechicles dataset\Vehicles\0077.jpg
dataset_B,0078.jpg,0078,.jpg,152287,1080,1080,RGB,18ef040d3a09b6d666ab65bcd24805d1,e9b1969f82c2d299,data\raw\dataset_B\EALPR Vechicles dataset\Vehicles\0078.jpg
dataset_B,0079.jpg,0079,.jpg,113680,720,900,RGB,d575e77adf6e5cb069425ce4a5474099,e6c6c20098bf766e,data\raw\dataset_B\EALPR Vechicles dataset\Vehicles\0079.jpg
dataset_B,0080.jpg,0080,.jpg,185000,1080,1351,RGB,78572f34998fc629bfbe8dd4b4c1379f,ad3571825cb9630f,data\raw\dataset_B\EALPR Vechicles dataset\Vehicles\0080.jpg
dataset_B,0081.jpg,0081,.jpg,105476,1080,608,RGB,13e3c67e99ba58a8f8db31db8e81084e,b492b54a8075fed4,data\raw\dataset_B\EALPR Vechicles dataset\Vehicles\0081.jpg
dataset_B,0082.jpg,0082,.jpg,73187,744,596,RGB,87438c4816f7f5c5236ecb2038826079,aff870c5d6b58842,data\raw\dataset_B\EALPR Vechicles dataset\Vehicles\0082.jpg
dataset_B,0083.jpg,0083,.jpg,103028,720,720,RGB,ed091047ed6920fba59fa3b59e7c0ae9,faa5852087a1df9a,data\raw\dataset_B\EALPR Vechicles dataset\Vehicles\0083.jpg
dataset_B,0084.jpg,0084,.jpg,93674,810,810,RGB,16ab8bb442f46adfa24acc03031ce195,fcb495d006d471f1,data\raw\dataset_B\EALPR Vechicles dataset\Vehicles\0084.jpg
dataset_B,0085.jpg,0085,.jpg,104464,937,1171,RGB,4ebf6ff017ae90b0d195e2481f9ec791,94693e956e399263,data\raw\dataset_B\EALPR Vechicles dataset\Vehicles\0085.jpg
dataset_B,0086.jpg,0086,.jpg,114062,1080,1080,RGB,1bb489d9b02414e045d6d41c457b7116,e1df987037229a5a,data\raw\dataset_B\EALPR Vechicles dataset\Vehicles\0086.jpg
dataset_B,0087.jpg,0087,.jpg,153267,1080,1350,RGB,f08571c552abaa94365f34e6f569b58c,b8e66290cc6e936b,data\raw\dataset_B\EALPR Vechicles dataset\Vehicles\0087.jpg
dataset_B,0088.jpg,0088,.jpg,70283,487,609,RGB,77836330548cfab7b995dbdde8e3ebb0,b935862a48e0eddb,data\raw\dataset_B\EALPR Vechicles dataset\Vehicles\0088.jpg
dataset_B,0089.jpg,0089,.jpg,78758,571,571,RGB,e022f5197d70bcd97418c68f3ad03067,ed35945495e378a8,data\raw\dataset_B\EALPR Vechicles dataset\Vehicles\0089.jpg
dataset_B,0090.jpg,0090,.jpg,80182,710,960,RGB,9e68850b37dd5ced8d141ed29d8275d0,9197be81a03c95e7,data\raw\dataset_B\EALPR Vechicles dataset\Vehicles\0090.jpg
dataset_B,0091.jpg,0091,.jpg,117671,1080,1080,RGB,59608d118937653810694f3406c3878e,bdc9813eda19c5a4,data\raw\dataset_B\EALPR Vechicles dataset\Vehicles\0091.jpg
dataset_B,0092.jpg,0092,.jpg,138356,1056,1056,RGB,7a63d595487939f8868ccc6cd38d9a08,a7277c64856d6cc1,data\raw\dataset_B\EALPR Vechicles dataset\Vehicles\0092.jpg
dataset_B,0093.jpg,0093,.jpg,173228,1080,1351,RGB,e9c7a325d74327c567c3735bcd5fc1ee,e08e9cf0d66f0e86,data\raw\dataset_B\EALPR Vechicles dataset\Vehicles\0093.jpg
dataset_B,0094.jpg,0094,.jpg,157946,1080,964,RGB,8d560646aa12c13e825822783e083acd,ae21850ff07e83b5,data\raw\dataset_B\EALPR Vechicles dataset\Vehicles\0094.jpg
dataset_B,0095.jpg,0095,.jpg,118285,750,750,RGB,1b472eb042a043f0b18a9627c66e1abb,f80f8531accf2353,data\raw\dataset_B\EALPR Vechicles dataset\Vehicles\0095.jpg
dataset_B,0096.jpg,0096,.jpg,104371,611,611,RGB,5c2e47733460fd0380ab97c132bfd9aa,bbed80ca81c7d598,data\raw\dataset_B\EALPR Vechicles dataset\Vehicles\0096.jpg
dataset_B,0097.jpg,0097,.jpg,88607,816,887,RGB,e28efbe1771ddd064fb6c3a405cef710,c02f3ed08f3b2dc2,data\raw\dataset_B\EALPR Vechicles dataset\Vehicles\0097.jpg
dataset_B,0098.jpg,0098,.jpg,87406,944,1181,RGB,2efcedf718f3edd2eb257b0ff79d5ad3,85a97a6a855c7ed0,data\raw\dataset_B\EALPR Vechicles dataset\Vehicles\0098.jpg
dataset_B,0099.jpg,0099,.jpg,188456,1080,1080,RGB,ccfbc492b32f380b7cd136cae53ca800,e070b0d51f9f4b0b,data\raw\dataset_B\EALPR Vechicles dataset\Vehicles\0099.jpg
dataset_B,0100.jpg,0100,.jpg,107679,1080,997,RGB,20ccaaf0641cac0b25bebe0f3ca92761,9d63679cfa630494,data\raw\dataset_B\EALPR Vechicles dataset\Vehicles\0100.jpg
dataset_B,0101.jpg,0101,.jpg,58744,960,540,RGB,4ea6b614adb3562d4a242c413e52d3cd,943a32f5dd0d23b2,data\raw\dataset_B\EALPR Vechicles dataset\Vehicles\0101.jpg
dataset_B,0102.jpg,0102,.jpg,26304,506,506,RGB,6f83a219d47933d2208d3701bcb570a6,aa6c07559df02baa,data\raw\dataset_B\EALPR Vechicles dataset\Vehicles\0102.jpg
dataset_B,0103.jpg,0103,.jpg,75990,900,1125,RGB,a823ee417a3adea8e09dbd03d368d680,eac08eb135b63e0d,data\raw\dataset_B\EALPR Vechicles dataset\Vehicles\0103.jpg
dataset_B,0104.jpg,0104,.jpg,86008,960,540,RGB,d8adfe78831aa5b112345bd6cec2b9ed,e58e786113b4ae8b,data\raw\dataset_B\EALPR Vechicles dataset\Vehicles\0104.jpg
dataset_B,0105.jpg,0105,.jpg,31414,480,480,RGB,c0c63dd59c6f8b2bdd3998d616f4d71e,e0cf9f30b6274d0c,data\raw\dataset_B\EALPR Vechicles dataset\Vehicles\0105.jpg
dataset_B,0106.jpg,0106,.jpg,66655,960,540,RGB,f148ae140eae00af483e3cb2db26f9c5,f19890f9de061b66,data\raw\dataset_B\EALPR Vechicles dataset\Vehicles\0106.jpg
dataset_B,0107.jpg,0107,.jpg,77665,960,540,RGB,2f18afa8344ac832d310a61cca609144,b418daa4817f76e2,data\raw\dataset_B\EALPR Vechicles dataset\Vehicles\0107.jpg
dataset_B,0108.jpg,0108,.jpg,117441,997,997,RGB,1c917ea364cdc62d19c8a9b689c8fe56,eaaafd9184938565,data\raw\dataset_B\EALPR Vechicles dataset\Vehicles\0108.jpg
dataset_B,0109.jpg,0109,.jpg,49990,720,960,RGB,ad4880722b7ef6d65a0e157d912ff522,a9b494d28b2d743d,data\raw\dataset_B\EALPR Vechicles dataset\Vehicles\0109.jpg
dataset_B,0110.jpg,0110,.jpg,27387,540,960,RGB,728d5e039430307a7ce0c694a4a22d98,d74e28b1465b8937,data\raw\dataset_B\EALPR Vechicles dataset\Vehicles\0110.jpg
dataset_B,0111.jpg,0111,.jpg,87370,720,960,RGB,9b7a427b21ba79b765ad13396fd39767,ff2d84251cc0769e,data\raw\dataset_B\EALPR Vechicles dataset\Vehicles\0111.jpg
dataset_B,0112.jpg,0112,.jpg,107760,876,876,RGB,df181c94a14ab4c5f62b0266edc3716f,ea63e14ac3e7348c,data\raw\dataset_B\EALPR Vechicles dataset\Vehicles\0112.jpg
dataset_B,0113.jpg,0113,.jpg,45331,960,382,RGB,45b3bd0edcf86eecb08af7dde2c4f5f4,e9e0ca96c4b578e1,data\raw\dataset_B\EALPR Vechicles dataset\Vehicles\0113.jpg
dataset_B,0114.jpg,0114,.jpg,69502,750,734,RGB,dc783b11d337fa0153fde561a311bc55,f18cd2b19b3469ca,data\raw\dataset_B\EALPR Vechicles dataset\Vehicles\0114.jpg
dataset_B,0115.jpg,0115,.jpg,76337,720,960,RGB,e84a570213ba12a9d50666984abd7362,9b58dcb424ada897,data\raw\dataset_B\EALPR Vechicles dataset\Vehicles\0115.jpg
dataset_B,0116.jpg,0116,.jpg,48716,750,740,RGB,f06d57e1d14ab617685ac95a5cf05a94,ffc0c07d7070c25b,data\raw\dataset_B\EALPR Vechicles dataset\Vehicles\0116.jpg
dataset_B,0117.jpg,0117,.jpg,41918,960,540,RGB,d0613e0b441498e01701373cb0a107cc,88d87f4b8b8a36a9,data\raw\dataset_B\EALPR Vechicles dataset\Vehicles\0117.jpg
dataset_B,0118.jpg,0118,.jpg,62217,1080,1080,RGB,a7fedf068fc356f3befd5bbd05a73b28,e0d55fc07ad56055,data\raw\dataset_B\EALPR Vechicles dataset\Vehicles\0118.jpg
dataset_B,0119.jpg,0119,.jpg,91461,720,960,RGB,34bb5930ceaba7b1f4f0c9ef6bb89a44,e855936a07a578d6,data\raw\dataset_B\EALPR Vechicles dataset\Vehicles\0119.jpg
dataset_B,0120.jpg,0120,.jpg,32795,540,960,RGB,bf5902a94ae9388b7fb40400a3eb74df,ffdf524e8fa52000,data\raw\dataset_B\EALPR Vechicles dataset\Vehicles\0120.jpg
dataset_B,0121.jpg,0121,.jpg,72518,960,960,RGB,99cc246bf939714d392a565587ad62ad,bff28009db7470e1,data\raw\dataset_B\EALPR Vechicles dataset\Vehicles\0121.jpg
dataset_B,0122.jpg,0122,.jpg,103018,1032,1290,RGB,08d4332be1c08c5cf9b9a130ca373422,ffbc641486f2c2c1,data\raw\dataset_B\EALPR Vechicles dataset\Vehicles\0122.jpg
dataset_B,0123.jpg,0123,.jpg,52939,720,960,RGB,8f6bdafc8cdba54adbe1dd7adaad0474,c06b3fd06b35da81,data\raw\dataset_B\EALPR Vechicles dataset\Vehicles\0123.jpg
dataset_B,0124.jpg,0124,.jpg,43961,640,635,RGB,d02ac2b6f00fa054253693796d83e304,e7a9782505d49d2d,data\raw\dataset_B\EALPR Vechicles dataset\Vehicles\0124.jpg
dataset_B,0125.jpg,0125,.jpg,96097,720,960,RGB,8eca4058ca676a52e7c59ca7ca4f540b,efaa10d5b01f5ae0,data\raw\dataset_B\EALPR Vechicles dataset\Vehicles\0125.jpg
dataset_B,0126.jpg,0126,.jpg,71813,640,617,RGB,1c00b21f962719d49044ae4f00c0ad4c,aad13128f4c2aa7f,data\raw\dataset_B\EALPR Vechicles dataset\Vehicles\0126.jpg
dataset_B,0127.jpg,0127,.jpg,42154,960,960,RGB,23db5c1eed9a356255d24f92068ecdda,cd30b0cdd632cf07,data\raw\dataset_B\EALPR Vechicles dataset\Vehicles\0127.jpg
dataset_B,0128.jpg,0128,.jpg,39193,528,960,RGB,19de8459bf8023f876649b435507dbbd,f0b443cf5c38b352,data\raw\dataset_B\EALPR Vechicles dataset\Vehicles\0128.jpg
dataset_B,0129.jpg,0129,.jpg,46396,750,738,RGB,0301664b0d4c5d35ebd37b9943886f60,af8303803e6b6b3e,data\raw\dataset_B\EALPR Vechicles dataset\Vehicles\0129.jpg
dataset_B,0130.jpg,0130,.jpg,79976,854,640,RGB,18cf5a663c0d63106e3388b9e11ebbd7,c9cac8e1d2daf845,data\raw\dataset_B\EALPR Vechicles dataset\Vehicles\0130.jpg
dataset_B,0131.jpg,0131,.jpg,48444,750,727,RGB,ba2afe65d9431518c99c5a0af9448463,d899e36687dc9d01,data\raw\dataset_B\EALPR Vechicles dataset\Vehicles\0131.jpg
dataset_B,0132.jpg,0132,.jpg,182884,1080,1350,RGB,3407c0aace7cea422270a928be7f20e5,bf81817eda086c9d,data\raw\dataset_B\EALPR Vechicles dataset\Vehicles\0132.jpg
dataset_B,0133.jpg,0133,.jpg,62687,720,960,RGB,15f31978f8edf9580f2efcd6c86e3e33,a0e06834977f9f8a,data\raw\dataset_B\EALPR Vechicles dataset\Vehicles\0133.jpg
dataset_B,0134.jpg,0134,.jpg,59121,720,960,RGB,150b85af8c9fcb8756fc2c8e2b8334a9,b8d517847ca662dc,data\raw\dataset_B\EALPR Vechicles dataset\Vehicles\0134.jpg
dataset_B,0135.jpg,0135,.jpg,72435,750,722,RGB,3dab95d1c5483e542b45ff73ec59c0ad,fee8820f8729c971,data\raw\dataset_B\EALPR Vechicles dataset\Vehicles\0135.jpg
dataset_B,0136.jpg,0136,.jpg,90409,960,720,RGB,1789cfe83022823864e865c6c078b862,ecd6d7288c605675,data\raw\dataset_B\EALPR Vechicles dataset\Vehicles\0136.jpg
dataset_B,0137.jpg,0137,.jpg,137830,1136,640,RGB,873cfa42a184b0fa13d2d686aaaad59c,abaca495d1c69a8b,data\raw\dataset_B\EALPR Vechicles dataset\Vehicles\0137.jpg
dataset_B,0138.jpg,0138,.jpg,41395,385,643,RGB,331126fb4b2c4669ffdf4ee392c32f45,c22ae985e6d6a9c9,data\raw\dataset_B\EALPR Vechicles dataset\Vehicles\0138.jpg
dataset_B,0139.jpg,0139,.jpg,69857,960,720,RGB,d516d8bb70c18e609d4450c2e547d145,af4bd4347ab0346c,data\raw\dataset_B\EALPR Vechicles dataset\Vehicles\0139.jpg
dataset_B,0140.jpg,0140,.jpg,64477,750,743,RGB,931706322a4e6552e354ea7fe740f825,bdb4808bc3cacad3,data\raw\dataset_B\EALPR Vechicles dataset\Vehicles\0140.jpg
dataset_B,0141.jpg,0141,.jpg,102173,900,1125,RGB,80b263b52086b68ed441fbdce125c627,bf5b1b186291c2b3,data\raw\dataset_B\EALPR Vechicles dataset\Vehicles\0141.jpg
dataset_B,0142.jpg,0142,.jpg,70249,1080,1081,RGB,17dd2a0263d7cba938ac2c98f1547dd7,c3c22e3dd8d89695,data\raw\dataset_B\EALPR Vechicles dataset\Vehicles\0142.jpg
dataset_B,0143.jpg,0143,.jpg,76010,720,960,RGB,9f2832968868dd7eff5c371534520998,bcbed981da4ba160,data\raw\dataset_B\EALPR Vechicles dataset\Vehicles\0143.jpg
dataset_B,0144.jpg,0144,.jpg,65845,736,736,RGB,31c9d8f07abd5d9907f9db5fd32e1f24,a840f16ac86f75f4,data\raw\dataset_B\EALPR Vechicles dataset\Vehicles\0144.jpg
dataset_B,0145.jpg,0145,.jpg,58256,719,960,RGB,aec4f11fefdff449f2397681d36fd76b,c0c0da9f85253f5e,data\raw\dataset_B\EALPR Vechicles dataset\Vehicles\0145.jpg
dataset_B,0146.jpg,0146,.jpg,54173,644,960,RGB,7206566343c36352a49cc4294d855cb6,bef550022a65a69f,data\raw\dataset_B\EALPR Vechicles dataset\Vehicles\0146.jpg
dataset_B,0147.jpg,0147,.jpg,58334,960,720,RGB,88200561e67fa71df74fee5b34f781c5,f8bf268405f6a664,data\raw\dataset_B\EALPR Vechicles dataset\Vehicles\0147.jpg
dataset_B,0148.jpg,0148,.jpg,58991,1920,1080,RGB,3dff6d83f18939d8635c62c8cf423715,cccc33331bdcc127,data\raw\dataset_B\EALPR Vechicles dataset\Vehicles\0148.jpg
dataset_B,0149.jpg,0149,.jpg,254172,1920,1080,RGB,6fe52f1a541f7276e2fba4adce2ceeda,aa1a95a3ba88da37,data\raw\dataset_B\EALPR Vechicles dataset\Vehicles\0149.jpg
dataset_B,0150.jpg,0150,.jpg,46727,540,960,RGB,8b73dcdf0223446a5c636f7521f47889,989c956543cace4f,data\raw\dataset_B\EALPR Vechicles dataset\Vehicles\0150.jpg
dataset_B,0151.jpg,0151,.jpg,77240,960,720,RGB,0eaf8f6b19cc54410073339a2d5e1968,aed5a8b7a898d560,data\raw\dataset_B\EALPR Vechicles dataset\Vehicles\0151.jpg
dataset_B,0152.jpg,0152,.jpg,213857,1032,1290,RGB,750b536871792c00eb4cbc0de9289e6b,9556da5a89167da1,data\raw\dataset_B\EALPR Vechicles dataset\Vehicles\0152.jpg
dataset_B,0153.jpg,0153,.jpg,65468,1080,810,RGB,824a91fbacbf0b8ad920c8bf1c74d751,dbe4a48bbc2d8334,data\raw\dataset_B\EALPR Vechicles dataset\Vehicles\0153.jpg
dataset_B,0154.jpg,0154,.jpg,47941,960,719,RGB,c3a4cdb13b801a7e10c6e5ba619dadf7,99e26e9ee7a0c82a,data\raw\dataset_B\EALPR Vechicles dataset\Vehicles\0154.jpg
dataset_B,0155.jpg,0155,.jpg,82910,960,565,RGB,58217f3535057a35a74f316cf4f96d0d,cdcbf9b017c031cc,data\raw\dataset_B\EALPR Vechicles dataset\Vehicles\0155.jpg
dataset_B,0156.jpg,0156,.jpg,42532,960,720,RGB,1ea3e41be97dc08972ced3bfcb2f4d3e,fdbf3280c0634b4d,data\raw\dataset_B\EALPR Vechicles dataset\Vehicles\0156.jpg
dataset_B,0157.jpg,0157,.jpg,59079,750,727,RGB,19b789e4ecc6c99f23aa24f06d7d27a6,a8b5b75382ca8a57,data\raw\dataset_B\EALPR Vechicles dataset\Vehicles\0157.jpg
dataset_B,0158.jpg,0158,.jpg,57485,720,960,RGB,4712960ef572acb431150390e7f267be,aa21a1ae95b3bec4,data\raw\dataset_B\EALPR Vechicles dataset\Vehicles\0158.jpg
dataset_B,0159.jpg,0159,.jpg,87329,960,720,RGB,52d27b9ad151a23bef095153dcb68366,c1b13edaea4f9260,data\raw\dataset_B\EALPR Vechicles dataset\Vehicles\0159.jpg
dataset_B,0160.jpg,0160,.jpg,155420,1032,1290,RGB,e071a7a62f2aca87749502bfc44c6518,f5e5e82aeb2370c0,data\raw\dataset_B\EALPR Vechicles dataset\Vehicles\0160.jpg
dataset_B,0161.jpg,0161,.jpg,78414,720,960,RGB,4b21544eb403633f512246a642e40d7f,86247c4ac74d5d75,data\raw\dataset_B\EALPR Vechicles dataset\Vehicles\0161.jpg
dataset_B,0162.jpg,0162,.jpg,61365,900,1125,RGB,b7779db708049bcbccadd21ef631bdf7,eac0e0c99e37368e,data\raw\dataset_B\EALPR Vechicles dataset\Vehicles\0162.jpg
dataset_B,0163.jpg,0163,.jpg,65596,960,720,RGB,2ae567ecd32d2c932236f7d42245ad2a,cdb436c8cf6232c9,data\raw\dataset_B\EALPR Vechicles dataset\Vehicles\0163.jpg
dataset_B,0164.jpg,0164,.jpg,42532,960,720,RGB,8f045a706ba4732e346dc8ad44b70caf,fdbf3280c0634b4d,data\raw\dataset_B\EALPR Vechicles dataset\Vehicles\0164.jpg
dataset_B,0165.jpg,0165,.jpg,67080,726,726,RGB,f8482dddabf92f5d19a5c1e8f3a5e783,fed4a00a957ef520,data\raw\dataset_B\EALPR Vechicles dataset\Vehicles\0165.jpg
dataset_B,0166.jpg,0166,.jpg,63508,960,719,RGB,24acc9d122144d0a07d9cfa1295b9bac,f060e0f898d67d0f,data\raw\dataset_B\EALPR Vechicles dataset\Vehicles\0166.jpg
dataset_B,0167.jpg,0167,.jpg,41530,720,960,RGB,d4f52df12532024aee9f54242a0b7dac,cf7811cf8e713306,data\raw\dataset_B\EALPR Vechicles dataset\Vehicles\0167.jpg
dataset_B,0168.jpg,0168,.jpg,72616,720,720,RGB,b7c3735601ad993d5c072a689b71d1f1,add0d4cbc2dfc052,data\raw\dataset_B\EALPR Vechicles dataset\Vehicles\0168.jpg
dataset_B,0169.jpg,0169,.jpg,76831,720,960,RGB,cfc69d1513a2b12988ad3102660ad13f,cbaa363ac9eb3214,data\raw\dataset_B\EALPR Vechicles dataset\Vehicles\0169.jpg
dataset_B,0170.jpg,0170,.jpg,62420,724,724,RGB,0bb4e64c7a0a4d292e988e9fe8a132a8,a880853d177bfa8d,data\raw\dataset_B\EALPR Vechicles dataset\Vehicles\0170.jpg
dataset_B,0171.jpg,0171,.jpg,94902,742,742,RGB,950faee3f1683463588f3392e9f4a812,ff8c801fc87b2362,data\raw\dataset_B\EALPR Vechicles dataset\Vehicles\0171.jpg
dataset_B,0172.jpg,0172,.jpg,35174,610,464,RGB,04f49b42debf2170bb2514e96bb3e100,d4d42a6b93d0e19e,data\raw\dataset_B\EALPR Vechicles dataset\Vehicles\0172.jpg
dataset_B,0173.jpg,0173,.jpg,42919,540,960,RGB,b82a08e8e75d01b34ca57b13f3fcdee6,d24bac6e8352bc78,data\raw\dataset_B\EALPR Vechicles dataset\Vehicles\0173.jpg
dataset_B,0174.jpg,0174,.jpg,90085,960,540,RGB,9aab0ad661be03cd50f12dcbb174ce41,dae2259edb25cc60,data\raw\dataset_B\EALPR Vechicles dataset\Vehicles\0174.jpg
dataset_B,0175.jpg,0175,.jpg,78459,960,538,RGB,3d9806af2a78a54d57c10b25a21923ef,c53f8328d227d527,data\raw\dataset_B\EALPR Vechicles dataset\Vehicles\0175.jpg
dataset_B,0176.jpg,0176,.jpg,160683,1032,1290,RGB,78b5b33fa0b4c7af9584b939c25a893e,aba724811b1e3e9e,data\raw\dataset_B\EALPR Vechicles dataset\Vehicles\0176.jpg
dataset_B,0177.jpg,0177,.jpg,148988,720,960,RGB,960b9c98c119fdd9d82b71624274efd3,ea57d762388d61b0,data\raw\dataset_B\EALPR Vechicles dataset\Vehicles\0177.jpg
dataset_B,0178.jpg,0178,.jpg,74158,900,1125,RGB,5e0fcba0c6e9c390edce81f1a3e52b5b,bfc2d0b5b02b6c4c,data\raw\dataset_B\EALPR Vechicles dataset\Vehicles\0178.jpg
dataset_B,0179.jpg,0179,.jpg,18614,720,960,RGB,2160427de299c29125a8bf9f9c3413e8,cc663399cc673398,data\raw\dataset_B\EALPR Vechicles dataset\Vehicles\0179.jpg
dataset_B,0180.jpg,0180,.jpg,105188,750,742,RGB,45fab665a60f4670556367c1c680294b,9f77e015d068ac33,data\raw\dataset_B\EALPR Vechicles dataset\Vehicles\0180.jpg
dataset_B,0181.jpg,0181,.jpg,19867,479,359,RGB,d0abb592f0578af90ba45b7738974dfd,94756b793f0e52c0,data\raw\dataset_B\EALPR Vechicles dataset\Vehicles\0181.jpg
dataset_B,0182.jpg,0182,.jpg,90941,801,640,RGB,e5a791ce98466bee5cb2b6d75790cac5,f8e1626a871fdc84,data\raw\dataset_B\EALPR Vechicles dataset\Vehicles\0182.jpg
dataset_B,0183.jpg,0183,.jpg,82605,750,742,RGB,170bc12a6c677e96e7deaea5dfbedcff,aec8a0f7c255dca8,data\raw\dataset_B\EALPR Vechicles dataset\Vehicles\0183.jpg
dataset_B,0184.jpg,0184,.jpg,70229,756,568,RGB,05f79c5cf7c126532c0de9fdc007ced8,faf8f541d8b82621,data\raw\dataset_B\EALPR Vechicles dataset\Vehicles\0184.jpg
dataset_B,0185.jpg,0185,.jpg,115416,750,737,RGB,81a1f0b9553409c54c0f42f2f05bac00,b6698536d291d6e4,data\raw\dataset_B\EALPR Vechicles dataset\Vehicles\0185.jpg
dataset_B,0186.jpg,0186,.jpg,90270,960,720,RGB,e8ce55c107a278c529d900c9c1748bc4,ac22f37dca220d1f,data\raw\dataset_B\EALPR Vechicles dataset\Vehicles\0186.jpg
dataset_B,0187.jpg,0187,.jpg,135797,768,960,RGB,831b759190caa77d768b483b00a7ed49,f8c0462f0b2f9d9a,data\raw\dataset_B\EALPR Vechicles dataset\Vehicles\0187.jpg
dataset_B,0188.jpg,0188,.jpg,57179,750,742,RGB,3582f6b0e0b1c8b37923c6648c59d4a8,866c49d2f6613ab6,data\raw\dataset_B\EALPR Vechicles dataset\Vehicles\0188.jpg
dataset_B,0189.jpg,0189,.jpg,64294,1080,809,RGB,416599201dff8323c436cf15ed308daa,c9c8d8e1d2daf845,data\raw\dataset_B\EALPR Vechicles dataset\Vehicles\0189.jpg
dataset_B,0190.jpg,0190,.jpg,69729,742,738,RGB,18b50d0fb9ece0c6b8216b1551ddd297,9eb292a8f8cd85e1,data\raw\dataset_B\EALPR Vechicles dataset\Vehicles\0190.jpg
dataset_B,0191.jpg,0191,.jpg,73437,960,696,RGB,02c78ee62cd2b610190e3b916bb97d13,bc025f7f6241b1aa,data\raw\dataset_B\EALPR Vechicles dataset\Vehicles\0191.jpg
dataset_B,0192.jpg,0192,.jpg,72085,750,750,RGB,322941ec193e0726e7b1d902cc8460d5,afc681ab8464b9f1,data\raw\dataset_B\EALPR Vechicles dataset\Vehicles\0192.jpg
dataset_B,0193.jpg,0193,.jpg,107618,960,720,RGB,a0c435ad39ac74da32ac9345b055398b,ca9934dac2331f1d,data\raw\dataset_B\EALPR Vechicles dataset\Vehicles\0193.jpg
dataset_B,0194.jpg,0194,.jpg,111468,825,825,RGB,70463d7dacfb2a469c31686f77eec684,fed0c14fa06ac371,data\raw\dataset_B\EALPR Vechicles dataset\Vehicles\0194.jpg
dataset_B,0195.jpg,0195,.jpg,98270,720,899,RGB,1dee5cb511a8012e5b449eed47827e90,e8cdc5279d943236,data\raw\dataset_B\EALPR Vechicles dataset\Vehicles\0195.jpg
dataset_B,0196.jpg,0196,.jpg,51994,960,540,RGB,b8e0d902872b67d0d9739fb148c48cb4,a1f858793f3e8438,data\raw\dataset_B\EALPR Vechicles dataset\Vehicles\0196.jpg
dataset_B,0197.jpg,0197,.jpg,56646,720,960,RGB,8d4bd26236b1c2d7f9a843a74469292b,aa81865f59367eb0,data\raw\dataset_B\EALPR Vechicles dataset\Vehicles\0197.jpg
dataset_B,0198.jpg,0198,.jpg,51024,640,640,RGB,6ae8b6b59720603f43d7ae049dbed2d3,ed84d25b8da8bc62,data\raw\dataset_B\EALPR Vechicles dataset\Vehicles\0198.jpg
dataset_B,0199.jpg,0199,.jpg,35175,640,640,RGB,0e3ec58abc07c5a4b7e1a56c1468c389,dbd0c26bb4b0968b,data\raw\dataset_B\EALPR Vechicles dataset\Vehicles\0199.jpg
dataset_B,0200.jpg,0200,.jpg,75434,750,750,RGB,300a73c1201151baac774cde1145ebcb,95d47a3e8d87a10e,data\raw\dataset_B\EALPR Vechicles dataset\Vehicles\0200.jpg
dataset_B,0201.jpg,0201,.jpg,70764,750,750,RGB,9455561e8b784fc9524d9863bcdf18d5,c27c3cc3873fa0e2,data\raw\dataset_B\EALPR Vechicles dataset\Vehicles\0201.jpg
dataset_B,0202.jpg,0202,.jpg,28026,612,612,RGB,544eee238bd0b636c62e05f2a7ea9290,adb1514ac2b1adcd,data\raw\dataset_B\EALPR Vechicles dataset\Vehicles\0202.jpg
dataset_B,0203.jpg,0203,.jpg,84630,750,750,RGB,a3351d8ef64f552a12ea3f979a828d4b,8ac2d17cf4c2cbc3,data\raw\dataset_B\EALPR Vechicles dataset\Vehicles\0203.jpg
dataset_B,0204.jpg,0204,.jpg,46014,750,557,RGB,3e9ecf9e6de3c2e29bd1a66ac37be779,fa81535ad0d53a1e,data\raw\dataset_B\EALPR Vechicles dataset\Vehicles\0204.jpg
dataset_B,0205.jpg,0205,.jpg,53264,848,640,RGB,fc09fbe46c28788661b19612c51a0f0c,f8e1a9698579b870,data\raw\dataset_B\EALPR Vechicles dataset\Vehicles\0205.jpg
dataset_B,0206.jpg,0206,.jpg,91327,750,750,RGB,fdaafb84437bc1aa107f3152b9ea5c83,e282e2f0da787dc1,data\raw\dataset_B\EALPR Vechicles dataset\Vehicles\0206.jpg
dataset_B,0207.jpg,0207,.jpg,74976,750,750,RGB,541db69211ed2d2f3fbe92eb5ee0335b,8387c7e967a039e1,data\raw\dataset_B\EALPR Vechicles dataset\Vehicles\0207.jpg
dataset_B,0208.jpg,0208,.jpg,50232,640,640,RGB,78af3f675150784d9eaf2f2710bcd04d,b4800b6f56432bbf,data\raw\dataset_B\EALPR Vechicles dataset\Vehicles\0208.jpg
dataset_B,0209.jpg,0209,.jpg,79753,750,750,RGB,d3691edbebd9ef6b915758d3dcc8818c,b46082a3addbc2ee,data\raw\dataset_B\EALPR Vechicles dataset\Vehicles\0209.jpg
dataset_B,0210.jpg,0210,.jpg,130464,1080,809,RGB,171ee19c8f11a83b1abd351510b787ad,f80d29bdd77a8209,data\raw\dataset_B\EALPR Vechicles dataset\Vehicles\0210.jpg
dataset_B,0211.jpg,0211,.jpg,106198,750,937,RGB,8ba4a536b8d6ce0273d6f7165e568145,9d2df625caed2023,data\raw\dataset_B\EALPR Vechicles dataset\Vehicles\0211.jpg
dataset_B,0212.jpg,0212,.jpg,54511,750,750,RGB,b20c5ff3fe7435b954cd154682c00afe,cb333293bbd35212,data\raw\dataset_B\EALPR Vechicles dataset\Vehicles\0212.jpg
dataset_B,0213.jpg,0213,.jpg,67943,750,750,RGB,e3ada50532b5be04aa0e445458724f1a,ae01b17fe068cdca,data\raw\dataset_B\EALPR Vechicles dataset\Vehicles\0213.jpg
dataset_B,0214.jpg,0214,.jpg,63190,750,750,RGB,f6bc4208501ac6593feb991398c4fb96,e8e8dfd4d0cc8e82,data\raw\dataset_B\EALPR Vechicles dataset\Vehicles\0214.jpg
dataset_B,0215.jpg,0215,.jpg,102091,750,937,RGB,ebd43f81eb296908f5b4134acbd39255,cd09907b917077c7,data\raw\dataset_B\EALPR Vechicles dataset\Vehicles\0215.jpg
dataset_B,0216.jpg,0216,.jpg,319210,1280,884,RGB,a9c5f1c8933b7d59ad1dd49d325af1bb,991b7b9292596c96,data\raw\dataset_B\EALPR Vechicles dataset\Vehicles\0216.jpg
dataset_B,0217.jpg,0217,.jpg,29868,612,612,RGB,7e2ae18e90d3d6d286be9603fb1eba49,bf9180eeecece088,data\raw\dataset_B\EALPR Vechicles dataset\Vehicles\0217.jpg
dataset_B,0218.jpg,0218,.jpg,132103,1080,1350,RGB,6a52fe76e99f149ae8e2373b7cfe431b,db372449c9083efa,data\raw\dataset_B\EALPR Vechicles dataset\Vehicles\0218.jpg
dataset_B,0219.jpg,0219,.jpg,45341,640,640,RGB,d97dfd425a09a0118d8d65360bafd689,e2e3b492830e39f9,data\raw\dataset_B\EALPR Vechicles dataset\Vehicles\0219.jpg
dataset_B,0220.jpg,0220,.jpg,67522,750,750,RGB,4b466f6a4ba04ec038ec8c419023cd7e,ead1d702b9aea322,data\raw\dataset_B\EALPR Vechicles dataset\Vehicles\0220.jpg
dataset_B,0221.jpg,0221,.jpg,51654,750,750,RGB,1cb7f9e15bc08338e93c2ced54ec64fe,a885c74a5f75328e,data\raw\dataset_B\EALPR Vechicles dataset\Vehicles\0221.jpg
dataset_B,0222.jpg,0222,.jpg,207188,1334,1001,RGB,7d8184f70249441a8b816061b6b5d14e,ba90ad2c99f99835,data\raw\dataset_B\EALPR Vechicles dataset\Vehicles\0222.jpg
dataset_B,0223.jpg,0223,.jpg,187613,1334,1001,RGB,c4d705577c78c1ae3d427c9b4d9390fa,fe85a1baae399882,data\raw\dataset_B\EALPR Vechicles dataset\Vehicles\0223.jpg
dataset_B,0224.jpg,0224,.jpg,41489,612,612,RGB,130bea74d8b449f6786da7511fff7566,c2cbff5d91711940,data\raw\dataset_B\EALPR Vechicles dataset\Vehicles\0224.jpg
dataset_B,0225.jpg,0225,.jpg,52487,750,750,RGB,24fd3e7b2dfc5a2599a29a34ee640c0d,aad5b27ad7895830,data\raw\dataset_B\EALPR Vechicles dataset\Vehicles\0225.jpg
dataset_B,0226.jpg,0226,.jpg,54650,900,1125,RGB,72758b142fc7693aa91d64fe1044121a,ebe070c3663cc9a6,data\raw\dataset_B\EALPR Vechicles dataset\Vehicles\0226.jpg
dataset_B,0227.jpg,0227,.jpg,33566,612,612,RGB,eb202c5239dde0f8e4410a5df2d33a33,f8f07078f97022f2,data\raw\dataset_B\EALPR Vechicles dataset\Vehicles\0227.jpg
dataset_B,0228.jpg,0228,.jpg,153834,1080,1034,RGB,819a06a3f4ca67a82dccc69af39f70a3,afd0d0cacafb242c,data\raw\dataset_B\EALPR Vechicles dataset\Vehicles\0228.jpg
dataset_B,0229.jpg,0229,.jpg,55111,640,640,RGB,93d710e1c64c938c79f2296e60cf357a,8ac0f4f5cada6465,data\raw\dataset_B\EALPR Vechicles dataset\Vehicles\0229.jpg
dataset_B,0230.jpg,0230,.jpg,59553,640,640,RGB,8ad25aa2c4457782f1a07788c6293d7f,bbb58413faaad890,data\raw\dataset_B\EALPR Vechicles dataset\Vehicles\0230.jpg
dataset_B,0231.jpg,0231,.jpg,27549,700,422,RGB,822babfec79d164289f995ed09327352,b4418d7c8334ecf3,data\raw\dataset_B\EALPR Vechicles dataset\Vehicles\0231.jpg
dataset_B,0232.jpg,0232,.jpg,53996,750,704,RGB,d1f1ec8bfdb0421c86590fa546d2178a,b587ca08e17ada35,data\raw\dataset_B\EALPR Vechicles dataset\Vehicles\0232.jpg
dataset_B,0233.jpg,0233,.jpg,252492,2048,1536,RGB,3a79bb8d3385af5a962d005b03a1c58b,87c65288e94f6739,data\raw\dataset_B\EALPR Vechicles dataset\Vehicles\0233.jpg
dataset_B,0234.jpg,0234,.jpg,109127,750,750,RGB,5bb577328de966bf0c4fab4eda722ecd,bf075878a261998f,data\raw\dataset_B\EALPR Vechicles dataset\Vehicles\0234.jpg
dataset_B,0235.jpg,0235,.jpg,46402,640,640,RGB,1f612b5195791cf2fda7d79eda95b86c,c28237fc94c58d4f,data\raw\dataset_B\EALPR Vechicles dataset\Vehicles\0235.jpg
dataset_B,0236.jpg,0236,.jpg,114288,750,750,RGB,4cbda252e6f3366fdda31ff06ea9cfc5,fd69c15508ccf427,data\raw\dataset_B\EALPR Vechicles dataset\Vehicles\0236.jpg
dataset_B,0237.jpg,0237,.jpg,102346,900,1125,RGB,8bc47f356b701f568f31647fddf0ed85,bf5a1b1a629542b3,data\raw\dataset_B\EALPR Vechicles dataset\Vehicles\0237.jpg
dataset_B,0238.jpg,0238,.jpg,249402,1080,1350,RGB,3fb757d711c0cd369efcba1edb12f85a,babede58b4084879,data\raw\dataset_B\EALPR Vechicles dataset\Vehicles\0238.jpg
dataset_B,0239.jpg,0239,.jpg,55534,750,750,RGB,fde3968be81389e523d37ae0bff7dd6d,fe43436b309959b4,data\raw\dataset_B\EALPR Vechicles dataset\Vehicles\0239.jpg
dataset_B,0240.jpg,0240,.jpg,258221,1535,1077,RGB,913b4ce1a5a2969d92ab681faeb0f769,bd1ed2e22fda2130,data\raw\dataset_B\EALPR Vechicles dataset\Vehicles\0240.jpg
dataset_B,0241.jpg,0241,.jpg,60011,750,750,RGB,919808a1204713387c6f660d5b7195f3,f6d0d0d219ec52b9,data\raw\dataset_B\EALPR Vechicles dataset\Vehicles\0241.jpg
dataset_B,0242.jpg,0242,.jpg,93506,1231,695,RGB,0e96817983c4557f3818b8782a662a86,ba115dde194d92b4,data\raw\dataset_B\EALPR Vechicles dataset\Vehicles\0242.jpg
dataset_B,0243.jpg,0243,.jpg,67237,640,640,RGB,f69002b19d4e0c29bdc4ad82ddf9e6f3,d9c9a1b6c180bdd3,data\raw\dataset_B\EALPR Vechicles dataset\Vehicles\0243.jpg
dataset_B,0244.jpg,0244,.jpg,90814,750,750,RGB,04560eb9c10dd0c2fea464375f5259bd,fd59912b6fd0484a,data\raw\dataset_B\EALPR Vechicles dataset\Vehicles\0244.jpg
dataset_B,0245.jpg,0245,.jpg,53262,750,750,RGB,30102278e7b4ab4739eb1ed4330a8513,eaa1d5be9d4f2220,data\raw\dataset_B\EALPR Vechicles dataset\Vehicles\0245.jpg
dataset_B,0246.jpg,0246,.jpg,250679,1080,1080,RGB,7ee684b884dca20e6086df60ff5c2abc,f5c3c22e0f243676,data\raw\dataset_B\EALPR Vechicles dataset\Vehicles\0246.jpg
dataset_B,0247.jpg,0247,.jpg,85144,750,750,RGB,59ff8f1ca187e66a6fa72c2c2c411400,fcd883033f222737,data\raw\dataset_B\EALPR Vechicles dataset\Vehicles\0247.jpg
dataset_B,0248.jpg,0248,.jpg,47480,900,1125,RGB,b4735a5f6eb06ad2a7704264950e2a1d,fad0d09d1e36646c,data\raw\dataset_B\EALPR Vechicles dataset\Vehicles\0248.jpg
dataset_B,0249.jpg,0249,.jpg,35849,640,640,RGB,785c80195e8c041c9484f513e8b5332d,c989a3357cf69690,data\raw\dataset_B\EALPR Vechicles dataset\Vehicles\0249.jpg
dataset_B,0250.jpg,0250,.jpg,51020,750,748,RGB,4039fd3d4e1f57472f6e1397bafc57ee,fae8a0ff81958585,data\raw\dataset_B\EALPR Vechicles dataset\Vehicles\0250.jpg
dataset_B,0251.jpg,0251,.jpg,53985,640,853,RGB,c2cf58f2590071ddd4945198ed7757c3,f3931c6d9112766a,data\raw\dataset_B\EALPR Vechicles dataset\Vehicles\0251.jpg
dataset_B,0252.jpg,0252,.jpg,124875,1008,756,RGB,db28e48952c5e187b9b1a8841387c2dc,a8b1935e5e74646c,data\raw\dataset_B\EALPR Vechicles dataset\Vehicles\0252.jpg
dataset_B,0253.jpg,0253,.jpg,60787,750,750,RGB,3f15f715600c2ae45be1262cc0917a9a,b6b6818c0c6b7b6a,data\raw\dataset_B\EALPR Vechicles dataset\Vehicles\0253.jpg
dataset_B,0254.jpg,0254,.jpg,69587,750,750,RGB,4894a9929259631793ef157bee34115a,ef85860789caf274,data\raw\dataset_B\EALPR Vechicles dataset\Vehicles\0254.jpg
dataset_B,0255.jpg,0255,.jpg,42097,471,589,RGB,290916ca9e5d4cb918fe449931e294e2,f9f4b68585179581,data\raw\dataset_B\EALPR Vechicles dataset\Vehicles\0255.jpg
dataset_B,0256.jpg,0256,.jpg,37326,612,459,RGB,63d8bfbf961eba201b9f92ad6a3eea61,ec4cd66a317178d8,data\raw\dataset_B\EALPR Vechicles dataset\Vehicles\0256.jpg
dataset_B,0257.jpg,0257,.jpg,115634,900,1125,RGB,4b4601273a2149d31edbb2088b85eaac,be9c9116c2f1f185,data\raw\dataset_B\EALPR Vechicles dataset\Vehicles\0257.jpg
dataset_B,0258.jpg,0258,.jpg,38035,612,459,RGB,52779bcdf97e781b4fdee2b506bab6b1,caf824ca1e2d313f,data\raw\dataset_B\EALPR Vechicles dataset\Vehicles\0258.jpg
dataset_B,0259.jpg,0259,.jpg,78790,750,750,RGB,3697c442a5f6cc7d2f9db1e445e2bdd4,af97975398ec208c,data\raw\dataset_B\EALPR Vechicles dataset\Vehicles\0259.jpg
dataset_B,0260.jpg,0260,.jpg,50527,696,640,RGB,f604730a9809be94bb68d10b3420d6d4,ea808507877dbda6,data\raw\dataset_B\EALPR Vechicles dataset\Vehicles\0260.jpg
dataset_B,0261.jpg,0261,.jpg,68562,612,686,RGB,0be98e94231787ba3040caf5463636a2,ec81d16ec16b3e31,data\raw\dataset_B\EALPR Vechicles dataset\Vehicles\0261.jpg
dataset_B,0262.jpg,0262,.jpg,54262,640,853,RGB,442ecace19ed09112d24581dd8769fc8,e881d7f8e8c6c638,data\raw\dataset_B\EALPR Vechicles dataset\Vehicles\0262.jpg
dataset_B,0263.jpg,0263,.jpg,201100,1080,1080,RGB,1d4d3dd6b2fd3cd9d05819293901a2d6,f0e1ab979f0f8308,data\raw\dataset_B\EALPR Vechicles dataset\Vehicles\0263.jpg
dataset_B,0264.jpg,0264,.jpg,34301,612,816,RGB,b960b094a458a1b6c4b4a5ea3672689d,d4270bdf35d84a07,data\raw\dataset_B\EALPR Vechicles dataset\Vehicles\0264.jpg
dataset_B,0265.jpg,0265,.jpg,95246,640,800,RGB,7f4669fed68ad1293a8b0c4312d822c2,aad295259a3f81cd,data\raw\dataset_B\EALPR Vechicles dataset\Vehicles\0265.jpg
dataset_B,0266.jpg,0266,.jpg,55754,640,800,RGB,047d6a97c53f3fe5ccd35e850a1385cb,ae78d4c61e282f93,data\raw\dataset_B\EALPR Vechicles dataset\Vehicles\0266.jpg
dataset_B,0267.jpg,0267,.jpg,57525,900,1125,RGB,f8c47c350b49279b7dfbe7198274c660,afa862529c957761,data\raw\dataset_B\EALPR Vechicles dataset\Vehicles\0267.jpg
dataset_B,0268.jpg,0268,.jpg,96806,882,640,RGB,e01620581742bce7c14afbd486369719,bd83a2c99276c98d,data\raw\dataset_B\EALPR Vechicles dataset\Vehicles\0268.jpg
dataset_B,0269.jpg,0269,.jpg,83316,750,937,RGB,6596a77d8d39ad1fb648f82a82bde43d,ece9931610fc3d91,data\raw\dataset_B\EALPR Vechicles dataset\Vehicles\0269.jpg
dataset_B,0270.jpg,0270,.jpg,93471,750,750,RGB,1cc4f5f545c4d8fd912abc61533d0249,9498cb9d84a27ee9,data\raw\dataset_B\EALPR Vechicles dataset\Vehicles\0270.jpg
dataset_B,0271.jpg,0271,.jpg,72779,750,937,RGB,69b18a363f6a0b8330c53290cdd38ede,fdc0d36d207b5494,data\raw\dataset_B\EALPR Vechicles dataset\Vehicles\0271.jpg
dataset_B,0272.jpg,0272,.jpg,101533,750,564,RGB,244ac73b074614908a5b2bfc31180355,f810b671d1d993b2,data\raw\dataset_B\EALPR Vechicles dataset\Vehicles\0272.jpg
dataset_B,0273.jpg,0273,.jpg,95426,960,640,RGB,dbbed4cfe2c10dac73c6e77581748908,ea04d4fa996361f1,data\raw\dataset_B\EALPR Vechicles dataset\Vehicles\0273.jpg
dataset_B,0274.jpg,0274,.jpg,84697,1080,1350,RGB,b82c8a967370a152eaf748fbbfd17305,d42f2dc02b7fd482,data\raw\dataset_B\EALPR Vechicles dataset\Vehicles\0274.jpg
dataset_B,0275.jpg,0275,.jpg,57335,854,640,RGB,d175a4d9dc41c1b4d2f53c9c6ffdd86a,c9cac8e1d2daf845,data\raw\dataset_B\EALPR Vechicles dataset\Vehicles\0275.jpg
dataset_B,0276.jpg,0276,.jpg,74065,800,1000,RGB,d4a60936884f59784e99b5705c522386,e1d68c29d662e99c,data\raw\dataset_B\EALPR Vechicles dataset\Vehicles\0276.jpg
dataset_B,0277.jpg,0277,.jpg,95564,900,1125,RGB,e6b72f40babdd1662b954f4164416462,fa9296de6ac32170,data\raw\dataset_B\EALPR Vechicles dataset\Vehicles\0277.jpg
dataset_B,0278.jpg,0278,.jpg,101053,800,1000,RGB,568564f32c9e0f57c9ce4fd62b740e4d,abde7c29a298d885,data\raw\dataset_B\EALPR Vechicles dataset\Vehicles\0278.jpg
dataset_B,0279.jpg,0279,.jpg,121091,935,1169,RGB,40f95a1df45a5f215f1e9c387136dcf0,ffe2c2eaa312068b,data\raw\dataset_B\EALPR Vechicles dataset\Vehicles\0279.jpg
dataset_B,0280.jpg,0280,.jpg,92202,640,640,RGB,bd6941f24297bfb9ddfee340a70a0916,8e842c2ab7cfb689,data\raw\dataset_B\EALPR Vechicles dataset\Vehicles\0280.jpg
dataset_B,0281.jpg,0281,.jpg,135968,720,960,RGB,7ff1ea4c75f067c1099079c39d9105fc,aa17fb2a837a1545,data\raw\dataset_B\EALPR Vechicles dataset\Vehicles\0281.jpg
dataset_B,0282.jpg,0282,.jpg,90278,750,750,RGB,57c2eb1b6a0d2b0032f2135b3c19b642,ae60d26ac2bf4bd0,data\raw\dataset_B\EALPR Vechicles dataset\Vehicles\0282.jpg
dataset_B,0283.jpg,0283,.jpg,104223,800,1000,RGB,a37b3ec692fab1b62a020c36c77cdc6d,f8af80e1d09782d7,data\raw\dataset_B\EALPR Vechicles dataset\Vehicles\0283.jpg
dataset_B,0284.jpg,0284,.jpg,117451,937,1171,RGB,2e1e928624500aaa736bf770645e374c,e897de6820bfda08,data\raw\dataset_B\EALPR Vechicles dataset\Vehicles\0284.jpg
dataset_B,0285.jpg,0285,.jpg,106690,1080,1350,RGB,78a0f78775ee35f37d7bad194814b4dd,d6f26989c7df2820,data\raw\dataset_B\EALPR Vechicles dataset\Vehicles\0285.jpg
dataset_B,0286.jpg,0286,.jpg,95770,900,1125,RGB,8df9c90d7af87f6c6c61728326c01c7e,af9d948cdc4e7848,data\raw\dataset_B\EALPR Vechicles dataset\Vehicles\0286.jpg
dataset_B,0287.jpg,0287,.jpg,102851,799,999,RGB,6d9bbb070b031717b62425df7eec3529,f89bfd61074e9c10,data\raw\dataset_B\EALPR Vechicles dataset\Vehicles\0287.jpg
dataset_B,0288.jpg,0288,.jpg,77008,800,1000,RGB,967b4d074211f58246a5cae47a57493d,ece0939e04297b73,data\raw\dataset_B\EALPR Vechicles dataset\Vehicles\0288.jpg
dataset_B,0289.jpg,0289,.jpg,235137,1080,1350,RGB,ef7befa844a6cee682d8d6e9869b7967,adadd795028a1ed8,data\raw\dataset_B\EALPR Vechicles dataset\Vehicles\0289.jpg
dataset_B,0290.jpg,0290,.jpg,73814,750,684,RGB,871c38cf495931907009fb248e0fc5ef,d097a18b3e14d7a9,data\raw\dataset_B\EALPR Vechicles dataset\Vehicles\0290.jpg
dataset_B,0291.jpg,0291,.jpg,103739,800,1000,RGB,5c008f47b3d4bd6542973cdafe5649f0,8cac2c6eb4bccec4,data\raw\dataset_B\EALPR Vechicles dataset\Vehicles\0291.jpg
dataset_B,0292.jpg,0292,.jpg,95669,931,1164,RGB,b8dd326a86944c9f3700f42caa745145,ab9910189cded769,data\raw\dataset_B\EALPR Vechicles dataset\Vehicles\0292.jpg
dataset_B,0293.jpg,0293,.jpg,50622,695,364,RGB,4640f547984add3c48a9a95a43729e30,8a22345ddd278b9b,data\raw\dataset_B\EALPR Vechicles dataset\Vehicles\0293.jpg
dataset_B,0294.jpg,0294,.jpg,47468,695,364,RGB,47b453db0f7b543943f0dbad56cca9af,cc681b27b4e86bcc,data\raw\dataset_B\EALPR Vechicles dataset\Vehicles\0294.jpg
dataset_B,0295.jpg,0295,.jpg,168467,1074,1125,RGB,48d546b1d275324b5bc46c6d5e844eea,8f979f706848334d,data\raw\dataset_B\EALPR Vechicles dataset\Vehicles\0295.jpg
dataset_B,0296.jpg,0296,.jpg,70557,750,562,RGB,e3ec98301eea9f371ef0a854711a337c,a8b4b7a58c4a73c9,data\raw\dataset_B\EALPR Vechicles dataset\Vehicles\0296.jpg
dataset_B,0297.jpg,0297,.jpg,84611,750,562,RGB,7465a9939a7ce142320761ecbbc49d10,ea80f580fc37e2c3,data\raw\dataset_B\EALPR Vechicles dataset\Vehicles\0297.jpg
dataset_B,0298.jpg,0298,.jpg,59230,459,459,RGB,987ccf1a48aaa506553d2e8278a98edf,ae3690fc5e82625d,data\raw\dataset_B\EALPR Vechicles dataset\Vehicles\0298.jpg
dataset_B,0299.jpg,0299,.jpg,91536,960,432,RGB,8a5cabcc5846779bb49b8bf9a63d6682,93523a8fcc6630cf,data\raw\dataset_B\EALPR Vechicles dataset\Vehicles\0299.jpg
dataset_B,0300.jpg,0300,.jpg,110285,800,1000,RGB,9ee4ecdf8141e974210dfa5563cb4fec,fe97d782492b7180,data\raw\dataset_B\EALPR Vechicles dataset\Vehicles\0300.jpg
dataset_B,0301.jpg,0301,.jpg,72637,640,640,RGB,2f5a1a9f567d8c7f35f894fc18e6a0b4,a8579728a89747ea,data\raw\dataset_B\EALPR Vechicles dataset\Vehicles\0301.jpg
dataset_B,0302.jpg,0302,.jpg,61689,612,459,RGB,e95b7920ccfb75832d7a432baefd4292,ef43e83a94699691,data\raw\dataset_B\EALPR Vechicles dataset\Vehicles\0302.jpg
dataset_B,0303.jpg,0303,.jpg,148717,937,1171,RGB,9ba47308eb65ee394061858e7cb22061,fcc1853cf2725e12,data\raw\dataset_B\EALPR Vechicles dataset\Vehicles\0303.jpg
dataset_B,0304.jpg,0304,.jpg,132055,750,750,RGB,2b2b5922731198571b0ef8853b0e2683,b9d3d22c01333f87,data\raw\dataset_B\EALPR Vechicles dataset\Vehicles\0304.jpg
dataset_B,0305.jpg,0305,.jpg,77791,765,956,RGB,bc57d6644eb049879ad924335b097589,f8f0d07efe30504c,data\raw\dataset_B\EALPR Vechicles dataset\Vehicles\0305.jpg
dataset_B,0306.jpg,0306,.jpg,46216,375,375,RGB,7ba5ebdc9b255d43adf81270428831ee,c365e9c3a474d169,data\raw\dataset_B\EALPR Vechicles dataset\Vehicles\0306.jpg
dataset_B,0307.jpg,0307,.jpg,146733,937,1170,RGB,c272ba231b22b3666a6766121fd4e243,dc9793a46042bb75,data\raw\dataset_B\EALPR Vechicles dataset\Vehicles\0307.jpg
dataset_B,0308.jpg,0308,.jpg,52931,640,431,RGB,a9ca8da464a4c258effbd99c8741a4c0,9290696ca19e3e9f,data\raw\dataset_B\EALPR Vechicles dataset\Vehicles\0308.jpg
dataset_B,0309.jpg,0309,.jpg,115233,765,956,RGB,ff6c2c8776b70786003cd852a66615d6,9e1e27b1d1c2aa2d,data\raw\dataset_B\EALPR Vechicles dataset\Vehicles\0309.jpg
dataset_B,0310.jpg,0310,.jpg,63260,750,562,RGB,69986c06f2f31a26df22eb4de6b26a0d,95f26af863d2d0c1,data\raw\dataset_B\EALPR Vechicles dataset\Vehicles\0310.jpg
dataset_B,0311.jpg,0311,.jpg,132570,800,1000,RGB,ae54dc327ed6cbc11d897f2cafc26a33,efc0c0ef86d22c35,data\raw\dataset_B\EALPR Vechicles dataset\Vehicles\0311.jpg
dataset_B,0312.jpg,0312,.jpg,107384,773,796,RGB,8dca530234da6755d5957529a8edd692,ce466ee59750a07a,data\raw\dataset_B\EALPR Vechicles dataset\Vehicles\0312.jpg
dataset_B,0313.jpg,0313,.jpg,90184,697,796,RGB,f65ad47ec984da9d68f6dc5d043755b1,fa7ed508c1e42995,data\raw\dataset_B\EALPR Vechicles dataset\Vehicles\0313.jpg
dataset_B,0314.jpg,0314,.jpg,113958,944,1181,RGB,864dc1533eb4d41d0b2d9f2e0e5643b1,9a916b0d9796627a,data\raw\dataset_B\EALPR Vechicles dataset\Vehicles\0314.jpg
dataset_B,0315.jpg,0315,.jpg,157860,937,1171,RGB,c0288b43509c3c1ae2f919f5eaf6eb4c,81c36ae7dde17a80,data\raw\dataset_B\EALPR Vechicles dataset\Vehicles\0315.jpg
dataset_B,0316.jpg,0316,.jpg,111720,752,754,RGB,2d2597d835f19241465a4a617b44db15,b4988f3ec82076f9,data\raw\dataset_B\EALPR Vechicles dataset\Vehicles\0316.jpg
dataset_B,0317.jpg,0317,.jpg,134899,937,1171,RGB,e9de973893cc1cebefb5b4e2c7a84679,95d37b9b90923a2a,data\raw\dataset_B\EALPR Vechicles dataset\Vehicles\0317.jpg
dataset_B,0318.jpg,0318,.jpg,56558,745,558,RGB,b01f784f1e3944b5384e672fa0c301ea,c60969c73e3938d6,data\raw\dataset_B\EALPR Vechicles dataset\Vehicles\0318.jpg
dataset_B,0319.jpg,0319,.jpg,147104,937,1171,RGB,c4f9a208514acbc2a0fdfe990b764e22,8f85a568ec30b397,data\raw\dataset_B\EALPR Vechicles dataset\Vehicles\0319.jpg
dataset_B,0320.jpg,0320,.jpg,145657,800,1000,RGB,5059397b34c65f9fe8850625bb748fe0,b434d6930e9ed670,data\raw\dataset_B\EALPR Vechicles dataset\Vehicles\0320.jpg
dataset_B,0321.jpg,0321,.jpg,97046,800,1000,RGB,132e2620b5bcccdf847cfb2e380730bb,d6003ded812fcef0,data\raw\dataset_B\EALPR Vechicles dataset\Vehicles\0321.jpg
dataset_B,0322.jpg,0322,.jpg,46562,640,480,RGB,36e6201bed103b237b872183f8f08771,d7878ba9a391866a,data\raw\dataset_B\EALPR Vechicles dataset\Vehicles\0322.jpg
dataset_B,0323.jpg,0323,.jpg,165720,1080,810,RGB,6a0d6ef3c0d8c4931815d2e83816993b,ee87df0a5170d0e2,data\raw\dataset_B\EALPR Vechicles dataset\Vehicles\0323.jpg
dataset_B,0324.jpg,0324,.jpg,129952,900,1125,RGB,efb74a4668649384bea6b8c6a700badd,eecdc4789e601c87,data\raw\dataset_B\EALPR Vechicles dataset\Vehicles\0324.jpg
dataset_B,0325.jpg,0325,.jpg,219874,1080,1351,RGB,3b56c2bff644b10f7f037f17e1962978,a8b8d7532321f5d4,data\raw\dataset_B\EALPR Vechicles dataset\Vehicles\0325.jpg
dataset_B,0326.jpg,0326,.jpg,138180,800,1000,RGB,20afe13b94dfa1bb0d74bced2202e25f,9f92a0398757a5e2,data\raw\dataset_B\EALPR Vechicles dataset\Vehicles\0326.jpg
dataset_B,0327.jpg,0327,.jpg,97502,800,1000,RGB,17c4850c5e380e31828a5cd0c0162d65,beb2ea09ab0ed434,data\raw\dataset_B\EALPR Vechicles dataset\Vehicles\0327.jpg
dataset_B,0328.jpg,0328,.jpg,72012,764,956,RGB,3b42c89c717d0271ed99a8777e74c945,9fea7105ceb83143,data\raw\dataset_B\EALPR Vechicles dataset\Vehicles\0328.jpg
dataset_B,0329.jpg,0329,.jpg,85744,765,956,RGB,734654344b76f07b69738d292ba16a95,c2dd7f784d42c231,data\raw\dataset_B\EALPR Vechicles dataset\Vehicles\0329.jpg
dataset_B,0330.jpg,0330,.jpg,162019,1080,1293,RGB,bdc3940b0bcd04a595e775c0b5dc4a16,f420b83f855067ed,data\raw\dataset_B\EALPR Vechicles dataset\Vehicles\0330.jpg
dataset_B,0331.jpg,0331,.jpg,97383,800,1000,RGB,4e91c1a3364efa2cd3e1869588fb162c,bb2aaa2feb459444,data\raw\dataset_B\EALPR Vechicles dataset\Vehicles\0331.jpg
dataset_B,0332.jpg,0332,.jpg,99503,855,640,RGB,0404a4c51892f64ad718fbb0fa4ef65d,d6c6612acec89c9e,data\raw\dataset_B\EALPR Vechicles dataset\Vehicles\0332.jpg
dataset_B,0333.jpg,0333,.jpg,49199,640,479,RGB,d5bc6adcdfb3de0d6e99c59d11ab5782,c1a535df7a8ac0d2,data\raw\dataset_B\EALPR Vechicles dataset\Vehicles\0333.jpg
dataset_B,0334.jpg,0334,.jpg,50777,750,421,RGB,965a1a6ebd65fcb71c98eb7ec05e4aef,b9d95c8b91240fab,data\raw\dataset_B\EALPR Vechicles dataset\Vehicles\0334.jpg
dataset_B,0335.jpg,0335,.jpg,111255,1080,1080,RGB,c9a9eef2e9bc82075c6b2eddd10fd8c9,fc06e2385847b7b8,data\raw\dataset_B\EALPR Vechicles dataset\Vehicles\0335.jpg
dataset_B,0336.jpg,0336,.jpg,97240,800,1000,RGB,46cf37f841cf31154f991dd238dece57,b6426ab003bdd976,data\raw\dataset_B\EALPR Vechicles dataset\Vehicles\0336.jpg
dataset_B,0337.jpg,0337,.jpg,47976,478,360,RGB,10ca800210ba6dc6b308f7d3d3fb442f,b6569f6414f18a8e,data\raw\dataset_B\EALPR Vechicles dataset\Vehicles\0337.jpg
dataset_B,0338.jpg,0338,.jpg,66038,750,561,RGB,b17ad2b74d9c7a216430cabda343f599,ffb1a4259393a464,data\raw\dataset_B\EALPR Vechicles dataset\Vehicles\0338.jpg
dataset_B,0339.jpg,0339,.jpg,107241,937,1171,RGB,240fbfb4527721d2b4fcac9f52e61d54,efeae9c0800b5a7a,data\raw\dataset_B\EALPR Vechicles dataset\Vehicles\0339.jpg
dataset_B,0340.jpg,0340,.jpg,114749,800,1000,RGB,893df6505b5c3b1d4c3458c82477fc41,a87acb8d2dead068,data\raw\dataset_B\EALPR Vechicles dataset\Vehicles\0340.jpg
dataset_B,0341.jpg,0341,.jpg,149471,814,883,RGB,7ca547c05d096f42b9801e20af195d7a,abd580dafe989164,data\raw\dataset_B\EALPR Vechicles dataset\Vehicles\0341.jpg
dataset_B,0342.jpg,0342,.jpg,105994,800,1000,RGB,8e46853f2be27d96ddd4ccaeaeae8c47,ea959de17a0d4670,data\raw\dataset_B\EALPR Vechicles dataset\Vehicles\0342.jpg
dataset_B,0343.jpg,0343,.jpg,88615,639,639,RGB,3ab1493d0eee87c324257d582fd90a1e,b79f4aea45952232,data\raw\dataset_B\EALPR Vechicles dataset\Vehicles\0343.jpg
dataset_B,0344.jpg,0344,.jpg,86636,762,762,RGB,bf94a9533e03c5f1964b8f778facbd4c,b0d592939f902eba,data\raw\dataset_B\EALPR Vechicles dataset\Vehicles\0344.jpg
dataset_B,0345.jpg,0345,.jpg,120518,765,956,RGB,3bb1091d9c57963f4a89e3a3c85ba612,ded6aac1d12a3c34,data\raw\dataset_B\EALPR Vechicles dataset\Vehicles\0345.jpg
dataset_B,0346.jpg,0346,.jpg,69312,640,590,RGB,aef63795d30c3816ba1239844aa7ddb9,913d5a922797616e,data\raw\dataset_B\EALPR Vechicles dataset\Vehicles\0346.jpg
dataset_B,0347.jpg,0347,.jpg,124264,900,1125,RGB,612d2577b2433ba2f789306b69e229b0,bec8c00dcb9697d1,data\raw\dataset_B\EALPR Vechicles dataset\Vehicles\0347.jpg
dataset_B,0348.jpg,0348,.jpg,70749,799,999,RGB,9839f5d36184bab3114ed126e9483dc2,ad859293d2fe2271,data\raw\dataset_B\EALPR Vechicles dataset\Vehicles\0348.jpg
dataset_B,0349.jpg,0349,.jpg,107022,800,1000,RGB,82faa4164c353f1d1c055a9ed6474e36,8a82d4adc9d074fe,data\raw\dataset_B\EALPR Vechicles dataset\Vehicles\0349.jpg
dataset_B,0350.jpg,0350,.jpg,108571,747,871,RGB,e105d7145a99451c6c9572219114e92a,d5f4e4cd83f28065,data\raw\dataset_B\EALPR Vechicles dataset\Vehicles\0350.jpg
dataset_B,0351.jpg,0351,.jpg,81180,750,552,RGB,7d8f290bbd4bafe1a1ca195f48ca8cb3,edf5da43e4c8c20a,data\raw\dataset_B\EALPR Vechicles dataset\Vehicles\0351.jpg
dataset_B,0352.jpg,0352,.jpg,127391,937,1171,RGB,e4ecdc10c5b37093ff3cf945ccd1d18e,b9f2134619a2f2dc,data\raw\dataset_B\EALPR Vechicles dataset\Vehicles\0352.jpg
dataset_B,0353.jpg,0353,.jpg,52767,640,360,RGB,58af4d0704e0c7fc3f1e61e7693f1775,bd5ddb3309588c83,data\raw\dataset_B\EALPR Vechicles dataset\Vehicles\0353.jpg
dataset_B,0354.jpg,0354,.jpg,141192,1080,1080,RGB,3b4680fc95ca8bff4b6e28dd4e006f3c,ad4028fdd622da7c,data\raw\dataset_B\EALPR Vechicles dataset\Vehicles\0354.jpg
dataset_B,0355.jpg,0355,.jpg,78283,789,972,RGB,b5beabafdc28cbd2d938b0ea66f9d939,89d1808ce766de7a,data\raw\dataset_B\EALPR Vechicles dataset\Vehicles\0355.jpg
dataset_B,0356.jpg,0356,.jpg,119136,937,1171,RGB,e7eb588092d95f12deb4d15a4b3727e0,a0e3d2c2c9c97d65,data\raw\dataset_B\EALPR Vechicles dataset\Vehicles\0356.jpg
dataset_B,0357.jpg,0357,.jpg,103196,937,1171,RGB,a90f1cc61909a58c596aac09f31cb21a,f8a12d7886967ce1,data\raw\dataset_B\EALPR Vechicles dataset\Vehicles\0357.jpg
dataset_B,0358.jpg,0358,.jpg,76147,640,640,RGB,3bb80984dfb92fb1034e69ebc712315d,ff00f0cbe059c0bd,data\raw\dataset_B\EALPR Vechicles dataset\Vehicles\0358.jpg
dataset_B,0359.jpg,0359,.jpg,135135,720,900,RGB,9116636c2a55708702bf82d4e631fad2,ef84864f98be3069,data\raw\dataset_B\EALPR Vechicles dataset\Vehicles\0359.jpg
dataset_B,0360.jpg,0360,.jpg,132527,750,750,RGB,9b08a712ae81ec3a2a8589eda4def756,f35d392c96c2689c,data\raw\dataset_B\EALPR Vechicles dataset\Vehicles\0360.jpg
dataset_B,0361.jpg,0361,.jpg,108936,800,1000,RGB,68a7cc12476f304204afd10854bf6383,fc006a5e94b07afa,data\raw\dataset_B\EALPR Vechicles dataset\Vehicles\0361.jpg
dataset_B,0362.jpg,0362,.jpg,54673,640,479,RGB,6bf82ea9935b370a97a8d23239be1830,db8222de98b4e372,data\raw\dataset_B\EALPR Vechicles dataset\Vehicles\0362.jpg
dataset_B,0363.jpg,0363,.jpg,103597,744,744,RGB,f7e036e96b019b932925eca5b4cbc6c3,b537ba10961e5e32,data\raw\dataset_B\EALPR Vechicles dataset\Vehicles\0363.jpg
dataset_B,0364.jpg,0364,.jpg,149312,937,1171,RGB,37d3462bcd0643b8b1fe1647ba83a98c,c0c4e939d32d3ed2,data\raw\dataset_B\EALPR Vechicles dataset\Vehicles\0364.jpg
dataset_B,0365.jpg,0365,.jpg,72401,750,562,RGB,2446a3d8decc18b51369430ed1b124de,e3055dc21af56d86,data\raw\dataset_B\EALPR Vechicles dataset\Vehicles\0365.jpg
dataset_B,0366.jpg,0366,.jpg,133063,937,1171,RGB,9dcba1b3a668225965e871e471f9cec2,edd477198202d17b,data\raw\dataset_B\EALPR Vechicles dataset\Vehicles\0366.jpg
dataset_B,0367.jpg,0367,.jpg,52740,640,480,RGB,fc43569d62d616aa0249411338ec76f8,a48d7e2c8dd79207,data\raw\dataset_B\EALPR Vechicles dataset\Vehicles\0367.jpg
dataset_B,0368.jpg,0368,.jpg,61203,900,1125,RGB,94e9ba71b99cc5e8210fb2851710c7a9,afc27a6991331c9c,data\raw\dataset_B\EALPR Vechicles dataset\Vehicles\0368.jpg
dataset_B,0369.jpg,0369,.jpg,85864,640,640,RGB,2b8c20639673b13cd59a193d0203d53e,87eb2c8796ca23a5,data\raw\dataset_B\EALPR Vechicles dataset\Vehicles\0369.jpg
dataset_B,0370.jpg,0370,.jpg,67604,612,459,RGB,ad32baecd42b519be7c3d07b3edd45c0,f07e8e20ceee44d4,data\raw\dataset_B\EALPR Vechicles dataset\Vehicles\0370.jpg
dataset_B,0371.jpg,0371,.jpg,112325,800,1000,RGB,b0f84fa6bc18de6f0953742d967b74b0,b5df4b78ea0a8123,data\raw\dataset_B\EALPR Vechicles dataset\Vehicles\0371.jpg
dataset_B,0372.jpg,0372,.jpg,231762,1080,1350,RGB,e11006d2744819ce5084e12b241d1ccc,dff0a0dfd7580221,data\raw\dataset_B\EALPR Vechicles dataset\Vehicles\0372.jpg
dataset_B,0373.jpg,0373,.jpg,225228,1080,1351,RGB,6c4662031fcd4a439d34d318149b68e2,b9f1d30d2f2e4426,data\raw\dataset_B\EALPR Vechicles dataset\Vehicles\0373.jpg
dataset_B,0374.jpg,0374,.jpg,81422,750,581,RGB,66bf32fbc08e5094a8367430f673cf76,ff858185dd32706a,data\raw\dataset_B\EALPR Vechicles dataset\Vehicles\0374.jpg
dataset_B,0375.jpg,0375,.jpg,140010,937,1171,RGB,b80d16e96de7ceb48326502b1b46eedc,ccc5c5f909ba3991,data\raw\dataset_B\EALPR Vechicles dataset\Vehicles\0375.jpg
dataset_B,0376.jpg,0376,.jpg,68770,612,612,RGB,b2aa2ae4dd53e883371f791913b6d377,e1869e3967c60cd9,data\raw\dataset_B\EALPR Vechicles dataset\Vehicles\0376.jpg
dataset_B,0377.jpg,0377,.jpg,203111,1080,1350,RGB,b21d02873be08edad0a3491701faf021,a027daba3fe9d081,data\raw\dataset_B\EALPR Vechicles dataset\Vehicles\0377.jpg
dataset_B,0378.jpg,0378,.jpg,91116,799,999,RGB,6f21c019b44e8aa726e27283105ce67c,efc5ed50b0783512,data\raw\dataset_B\EALPR Vechicles dataset\Vehicles\0378.jpg
dataset_B,0379.jpg,0379,.jpg,76593,900,1125,RGB,7eb2e98a41520c361203fa6350cb3d70,bb52d42b64661b0f,data\raw\dataset_B\EALPR Vechicles dataset\Vehicles\0379.jpg
dataset_B,0380.jpg,0380,.jpg,70689,800,1000,RGB,1a164f046d69c7a62cc730d126f180aa,ffe88097829256f8,data\raw\dataset_B\EALPR Vechicles dataset\Vehicles\0380.jpg
dataset_B,0381.jpg,0381,.jpg,78926,715,835,RGB,75de7f0f35758195bcc8d1a9ea967c27,f5f14b81159f9a30,data\raw\dataset_B\EALPR Vechicles dataset\Vehicles\0381.jpg
dataset_B,0382.jpg,0382,.jpg,92827,800,1000,RGB,e0b1e3ffd49749c9aff1e07c3ee6d951,bb32d2871acd7464,data\raw\dataset_B\EALPR Vechicles dataset\Vehicles\0382.jpg
dataset_B,0383.jpg,0383,.jpg,131335,1080,1350,RGB,d411542ad59277329ac56ca664c33cc4,f5ffcfd9e00a8020,data\raw\dataset_B\EALPR Vechicles dataset\Vehicles\0383.jpg
dataset_B,0384.jpg,0384,.jpg,134655,931,931,RGB,dc000a7e8c8120c4dfd0b3d5e4931777,ff606a2e9ad86342,data\raw\dataset_B\EALPR Vechicles dataset\Vehicles\0384.jpg
dataset_B,0385.jpg,0385,.jpg,92190,765,956,RGB,9fae296e78ab704c6c6cdae4e716084a,dad2b8b8d4862e2d,data\raw\dataset_B\EALPR Vechicles dataset\Vehicles\0385.jpg
dataset_B,0386.jpg,0386,.jpg,111049,750,750,RGB,e04b741c0f48e5857ac798cdc3919d99,8675cb3af0c56a89,data\raw\dataset_B\EALPR Vechicles dataset\Vehicles\0386.jpg
dataset_B,0387.jpg,0387,.jpg,136514,800,1000,RGB,d0429f31440d9c8173a7c2dadf78c6f5,ffe5c08a808d6fe0,data\raw\dataset_B\EALPR Vechicles dataset\Vehicles\0387.jpg
dataset_B,0388.jpg,0388,.jpg,67044,750,731,RGB,f0803d3c9ad2a715a718d2211c1dafb1,eaa0d59ec2d66239,data\raw\dataset_B\EALPR Vechicles dataset\Vehicles\0388.jpg
dataset_B,0389.jpg,0389,.jpg,68929,640,640,RGB,22c51858abed5b77897a0957af75528c,c8d9a5bb32d92469,data\raw\dataset_B\EALPR Vechicles dataset\Vehicles\0389.jpg
dataset_B,0390.jpg,0390,.jpg,124977,797,846,RGB,8441c69d93a3a992544ec9430d4ab421,e9c0e42da4b6da74,data\raw\dataset_B\EALPR Vechicles dataset\Vehicles\0390.jpg
dataset_B,0391.jpg,0391,.jpg,95121,900,1125,RGB,0b58ec72fedc91976ab234eb29c61183,eac3c6c1630f0f27,data\raw\dataset_B\EALPR Vechicles dataset\Vehicles\0391.jpg
dataset_B,0392.jpg,0392,.jpg,94748,800,1000,RGB,1e2edf9363986914f1145cc25cf5043d,fdd5862bd1686870,data\raw\dataset_B\EALPR Vechicles dataset\Vehicles\0392.jpg
dataset_B,0393.jpg,0393,.jpg,120210,800,1000,RGB,20689f7a41a39d4f83d8b2fab5fd7aa3,e8a168209fde3a6d,data\raw\dataset_B\EALPR Vechicles dataset\Vehicles\0393.jpg
dataset_B,0394.jpg,0394,.jpg,48671,750,562,RGB,9b681966115ff4b2dafd40db83fbad1e,84d67b2b69968c56,data\raw\dataset_B\EALPR Vechicles dataset\Vehicles\0394.jpg
dataset_B,0395.jpg,0395,.jpg,241111,1080,1350,RGB,39c8c529a50f5e0d7642ccab54509089,a968eabdd0c2aae8,data\raw\dataset_B\EALPR Vechicles dataset\Vehicles\0395.jpg
dataset_B,0396.jpg,0396,.jpg,89693,800,1000,RGB,38a0548f878c2c00932924f40d603248,8eaba92a0c7257ce,data\raw\dataset_B\EALPR Vechicles dataset\Vehicles\0396.jpg
dataset_B,0397.jpg,0397,.jpg,60184,640,480,RGB,56e6a703cf986c102abae4a5d3aa8f48,c980a1f3fdccc0b3,data\raw\dataset_B\EALPR Vechicles dataset\Vehicles\0397.jpg
dataset_B,0398.jpg,0398,.jpg,130576,764,956,RGB,4f27b45c358db64b7486f130d90a5298,fb09a527c1907bc6,data\raw\dataset_B\EALPR Vechicles dataset\Vehicles\0398.jpg
dataset_B,0399.jpg,0399,.jpg,55278,640,640,RGB,f4ed0a34f5e1068ecf7807538f8527c7,853a7b853e688d2d,data\raw\dataset_B\EALPR Vechicles dataset\Vehicles\0399.jpg
dataset_B,0400.jpg,0400,.jpg,119043,937,1171,RGB,5afce59a7e37b13618bede2026378fc6,911b3a8785b07f5c,data\raw\dataset_B\EALPR Vechicles dataset\Vehicles\0400.jpg
dataset_B,0401.jpg,0401,.jpg,43146,611,611,RGB,85258edd0b158e59addcf84aa535c64d,9c94b21bda672372,data\raw\dataset_B\EALPR Vechicles dataset\Vehicles\0401.jpg
dataset_B,0402.jpg,0402,.jpg,67619,640,640,RGB,d93cc10dbfa5ed92ef13b36807731722,d657c7a5f460c2a2,data\raw\dataset_B\EALPR Vechicles dataset\Vehicles\0402.jpg
dataset_B,0403.jpg,0403,.jpg,121373,900,1125,RGB,de8d32c328a33651f81a55b7f68e7f67,aee4d494a32b8f34,data\raw\dataset_B\EALPR Vechicles dataset\Vehicles\0403.jpg
dataset_B,0404.jpg,0404,.jpg,155207,800,1000,RGB,bb716ef89b9455f9c9172d3c1202c65e,bb3cd424d0936b66,data\raw\dataset_B\EALPR Vechicles dataset\Vehicles\0404.jpg
dataset_B,0405.jpg,0405,.jpg,56278,603,364,RGB,c9371ad03e2451428337b4eb36a97d88,86963ee491caca5b,data\raw\dataset_B\EALPR Vechicles dataset\Vehicles\0405.jpg
dataset_B,0406.jpg,0406,.jpg,82237,759,759,RGB,8f976bb8d3a215a830b07ca4b5b3a6a8,b834369baf2dc06a,data\raw\dataset_B\EALPR Vechicles dataset\Vehicles\0406.jpg
dataset_B,0407.jpg,0407,.jpg,118069,800,1000,RGB,8abc1a8384d61919d5719a3d62ba10fd,b99b9216d4ccec26,data\raw\dataset_B\EALPR Vechicles dataset\Vehicles\0407.jpg
dataset_B,0408.jpg,0408,.jpg,140357,937,1171,RGB,2e01597bc3df7db7bb1cd5a9cdb2178d,fd01a07e90a8f7b2,data\raw\dataset_B\EALPR Vechicles dataset\Vehicles\0408.jpg
dataset_B,0409.jpg,0409,.jpg,107518,750,561,RGB,03505ba8f42150f72c1b5aa3d1705738,9d9589b860336cd7,data\raw\dataset_B\EALPR Vechicles dataset\Vehicles\0409.jpg
dataset_B,0410.jpg,0410,.jpg,113475,800,1000,RGB,d2c623e3c7a00de2a6a679b858b09363,bf94902eee4442d7,data\raw\dataset_B\EALPR Vechicles dataset\Vehicles\0410.jpg
dataset_B,0411.jpg,0411,.jpg,112785,799,999,RGB,27cc2dbed310731b82f3fdc7e8aa77e0,c0c16feedc1c8e1a,data\raw\dataset_B\EALPR Vechicles dataset\Vehicles\0411.jpg
dataset_B,0412.jpg,0412,.jpg,127905,937,1171,RGB,a416c3afb53429f504b493d43654fe49,d5c1fc7f928229a8,data\raw\dataset_B\EALPR Vechicles dataset\Vehicles\0412.jpg
dataset_B,0413.jpg,0413,.jpg,75497,937,1171,RGB,9804a354a362f511c805ddea9706a7b3,cf6430cbcf3030cf,data\raw\dataset_B\EALPR Vechicles dataset\Vehicles\0413.jpg
dataset_B,0414.jpg,0414,.jpg,70343,768,768,RGB,babcf7cfd7a00eca0ee541788cabfcc7,e5c38ea978900b77,data\raw\dataset_B\EALPR Vechicles dataset\Vehicles\0414.jpg
dataset_B,0415.jpg,0415,.jpg,44538,750,420,RGB,bc5f3b648ec099f87e63f3796d62a690,c08a8eee69789e87,data\raw\dataset_B\EALPR Vechicles dataset\Vehicles\0415.jpg
dataset_B,0416.jpg,0416,.jpg,76466,750,561,RGB,7f19a6884bd1da88bae8b1aa823158e1,add9f06cc1750d31,data\raw\dataset_B\EALPR Vechicles dataset\Vehicles\0416.jpg
dataset_B,0417.jpg,0417,.jpg,95266,749,749,RGB,e2fcf0f775eefd72dc65cd44bdc988a3,f7a0a09797d2d2b0,data\raw\dataset_B\EALPR Vechicles dataset\Vehicles\0417.jpg
dataset_B,0418.jpg,0418,.jpg,82362,800,1000,RGB,aa4e75cd1e1d03f6a41f4f86a9288cd9,cc2d2b95fc4cc2b2,data\raw\dataset_B\EALPR Vechicles dataset\Vehicles\0418.jpg
dataset_B,0419.jpg,0419,.jpg,116097,750,691,RGB,575f23762f0ccc19a0cde00c4a85708c,80d29acd0dc77fa8,data\raw\dataset_B\EALPR Vechicles dataset\Vehicles\0419.jpg
dataset_B,0420.jpg,0420,.jpg,109016,800,1000,RGB,3c0be38c1f7655a97f29624c69c2b811,9594783e379e9584,data\raw\dataset_B\EALPR Vechicles dataset\Vehicles\0420.jpg
dataset_B,0421.jpg,0421,.jpg,135909,765,956,RGB,7c40bade275befc30df311016c1fbb8b,ba3b81fa91977224,data\raw\dataset_B\EALPR Vechicles dataset\Vehicles\0421.jpg
dataset_B,0422.jpg,0422,.jpg,54508,1080,810,RGB,2caf274e18e2b4ea48240cfd6278fa12,de44769c982274db,data\raw\dataset_B\EALPR Vechicles dataset\Vehicles\0422.jpg
dataset_B,0423.jpg,0423,.jpg,163311,1080,1351,RGB,3574d76be21261d24cd7a0caa5c56326,acd6a949f420ccbd,data\raw\dataset_B\EALPR Vechicles dataset\Vehicles\0423.jpg
dataset_B,0424.jpg,0424,.jpg,103274,800,1000,RGB,1f4299f21e05f6eec643dfae4f154adf,b9d1d393eaa8a90c,data\raw\dataset_B\EALPR Vechicles dataset\Vehicles\0424.jpg
dataset_B,0425.jpg,0425,.jpg,140986,800,1000,RGB,8ccb104e65875d95b190da8eac1209c8,d60cbdad807af1c1,data\raw\dataset_B\EALPR Vechicles dataset\Vehicles\0425.jpg
dataset_B,0426.jpg,0426,.jpg,161704,800,1000,RGB,75531406bc0ec279bef12ece1e3b774b,e504c67fadc4465c,data\raw\dataset_B\EALPR Vechicles dataset\Vehicles\0426.jpg
dataset_B,0427.jpg,0427,.jpg,165177,937,1171,RGB,ffb751213cbd39db22e47f93b21575e0,f09296de5bc321d8,data\raw\dataset_B\EALPR Vechicles dataset\Vehicles\0427.jpg
dataset_B,0428.jpg,0428,.jpg,66549,640,480,RGB,c2b2053d5b160cf19200118ff2cba526,bc95e605caf19568,data\raw\dataset_B\EALPR Vechicles dataset\Vehicles\0428.jpg
dataset_B,0429.jpg,0429,.jpg,149582,937,1171,RGB,80ffd87bb52b8f5d8cfe1ab7e718cab0,ad3f9ed8393b8280,data\raw\dataset_B\EALPR Vechicles dataset\Vehicles\0429.jpg
dataset_B,0430.jpg,0430,.jpg,130897,937,1171,RGB,396cdb6113db507be0ccf3608188378e,f49085d5dfc268ac,data\raw\dataset_B\EALPR Vechicles dataset\Vehicles\0430.jpg
dataset_B,0431.jpg,0431,.jpg,67259,640,640,RGB,be6155a3304349c890cc787e122dcc13,fdfde0c7c6488062,data\raw\dataset_B\EALPR Vechicles dataset\Vehicles\0431.jpg
dataset_B,0432.jpg,0432,.jpg,97954,800,1000,RGB,f4cf5a3ce3bb6c7ede8e2630bcdaed48,ab03c1cf4c94bc6e,data\raw\dataset_B\EALPR Vechicles dataset\Vehicles\0432.jpg
dataset_B,0433.jpg,0433,.jpg,117112,815,886,RGB,2dedc230bf412d99dde865a38d3a1b54,e406963bdec36e81,data\raw\dataset_B\EALPR Vechicles dataset\Vehicles\0433.jpg
dataset_B,0434.jpg,0434,.jpg,96882,750,750,RGB,f04268462e184cd101d8f8dbb2f21d29,cdc4c8e9c073d999,data\raw\dataset_B\EALPR Vechicles dataset\Vehicles\0434.jpg
dataset_B,0435.jpg,0435,.jpg,105893,937,1171,RGB,a83a24e006ce3373312d10d9b3d1787b,babb519b1a20e14f,data\raw\dataset_B\EALPR Vechicles dataset\Vehicles\0435.jpg
dataset_B,0436.jpg,0436,.jpg,115827,800,1000,RGB,1addbcbd5ba0f57b2bc2e8a0399d6b3e,ba19d5624a856dea,data\raw\dataset_B\EALPR Vechicles dataset\Vehicles\0436.jpg
dataset_B,0437.jpg,0437,.jpg,66152,640,567,RGB,fa3b12f4796bc2aea38873e2825caa76,818e6b67cb81e279,data\raw\dataset_B\EALPR Vechicles dataset\Vehicles\0437.jpg
dataset_B,0438.jpg,0438,.jpg,148720,937,1171,RGB,2987adc94a4807a8eb9c1f4576da1600,ba859578c84f8c7c,data\raw\dataset_B\EALPR Vechicles dataset\Vehicles\0438.jpg
dataset_B,0439.jpg,0439,.jpg,68974,640,640,RGB,bdec2cab02a90701ced1e08f3e3af54b,dc9280bc1fc99b8d,data\raw\dataset_B\EALPR Vechicles dataset\Vehicles\0439.jpg
dataset_B,0440.jpg,0440,.jpg,116604,750,750,RGB,ecf89bd070ea8998cb58058e5285c58d,aac3811a9bc1f8dd,data\raw\dataset_B\EALPR Vechicles dataset\Vehicles\0440.jpg
dataset_B,0441.jpg,0441,.jpg,114919,937,1171,RGB,fafad709a3f6e0ff8499b6ac2716ebc3,8dc5b436be69a870,data\raw\dataset_B\EALPR Vechicles dataset\Vehicles\0441.jpg
dataset_B,0442.jpg,0442,.jpg,45264,450,450,RGB,c3cd49270e9f2c9ebcffefcb26d945ff,afc2d46d84b09a9b,data\raw\dataset_B\EALPR Vechicles dataset\Vehicles\0442.jpg
dataset_B,0443.jpg,0443,.jpg,69917,765,956,RGB,583854a834c0be2806f945b679f8bb11,c1753aca1b2dc317,data\raw\dataset_B\EALPR Vechicles dataset\Vehicles\0443.jpg
dataset_B,0444.jpg,0444,.jpg,64333,1080,565,RGB,c75b5378421d75b18b28d48f9f56561a,c5985ae4790fc6d1,data\raw\dataset_B\EALPR Vechicles dataset\Vehicles\0444.jpg
dataset_B,0445.jpg,0445,.jpg,80885,1080,810,RGB,079efd0f9c8d072e5575fe6b7b38843e,ec69993cc8903ccf,data\raw\dataset_B\EALPR Vechicles dataset\Vehicles\0445.jpg
dataset_B,0446.jpg,0446,.jpg,76613,800,1000,RGB,2899a3afa2980fe50748069f48b58006,f87872c8f826878d,data\raw\dataset_B\EALPR Vechicles dataset\Vehicles\0446.jpg
dataset_B,0447.jpg,0447,.jpg,124036,800,1000,RGB,55f466508bb9332f8b9fd31d9cca0023,ba94942e0e81bcf7,data\raw\dataset_B\EALPR Vechicles dataset\Vehicles\0447.jpg
dataset_B,0448.jpg,0448,.jpg,167393,800,1000,RGB,fdbd6780698a21418c2aee6d997262d8,e060af7d85aa3695,data\raw\dataset_B\EALPR Vechicles dataset\Vehicles\0448.jpg
dataset_B,0449.jpg,0449,.jpg,155763,800,1000,RGB,e431b639ff82b03af7cbf6c330894ed6,b7d3e18c9ce8285a,data\raw\dataset_B\EALPR Vechicles dataset\Vehicles\0449.jpg
dataset_B,0450.jpg,0450,.jpg,64086,750,562,RGB,35fb6e817694f4fc35364d612d2998cf,9f90f28e222d2d37,data\raw\dataset_B\EALPR Vechicles dataset\Vehicles\0450.jpg
dataset_B,0451.jpg,0451,.jpg,83011,800,1000,RGB,97b215e6fec361a18ecdca773da265f2,fa05d59f919b824a,data\raw\dataset_B\EALPR Vechicles dataset\Vehicles\0451.jpg
dataset_B,0452.jpg,0452,.jpg,47082,1000,750,RGB,3cdf6bb29f0317ee9fbc04dc082be58e,cff5200e8b30a5cf,data\raw\dataset_B\EALPR Vechicles dataset\Vehicles\0452.jpg
dataset_B,0453.jpg,0453,.jpg,104002,745,906,RGB,28710c1159f12cc09df025162151a4c7,fdbd536a040593e1,data\raw\dataset_B\EALPR Vechicles dataset\Vehicles\0453.jpg
dataset_B,0454.jpg,0454,.jpg,94464,596,745,RGB,23a88a70dfc97ad4e4071bb1fd4b201d,ad94860bfa767834,data\raw\dataset_B\EALPR Vechicles dataset\Vehicles\0454.jpg
dataset_B,0455.jpg,0455,.jpg,45921,750,562,RGB,36dbb729250d31634257490cc47ac741,9b99494eeed41463,data\raw\dataset_B\EALPR Vechicles dataset\Vehicles\0455.jpg
dataset_B,0456.jpg,0456,.jpg,81700,799,999,RGB,3ff9439be9e66f9f76af629eaebfa7a2,cb53912dd473d264,data\raw\dataset_B\EALPR Vechicles dataset\Vehicles\0456.jpg
dataset_B,0457.jpg,0457,.jpg,95447,764,956,RGB,a97acaecc44176c1e3f7e5f830f59fcf,8ae157be6f1228c5,data\raw\dataset_B\EALPR Vechicles dataset\Vehicles\0457.jpg
dataset_B,0458.jpg,0458,.jpg,69336,748,566,RGB,d6cb4a1cd4c9de76a47662a702a4759c,f0f6b4998b0d099d,data\raw\dataset_B\EALPR Vechicles dataset\Vehicles\0458.jpg
dataset_B,0459.jpg,0459,.jpg,64121,750,562,RGB,21151f5bdb3d6361f8eb43b43121dc6f,d697ad60032e7cd2,data\raw\dataset_B\EALPR Vechicles dataset\Vehicles\0459.jpg
dataset_B,0460.jpg,0460,.jpg,102405,800,1000,RGB,4c22027d27eeff24d7891faffaa612ac,b5d2d02d8b4e7c2c,data\raw\dataset_B\EALPR Vechicles dataset\Vehicles\0460.jpg
dataset_B,0461.jpg,0461,.jpg,205981,1000,1000,RGB,7bf0b7fac0b931b7bf389606e34df4ac,a584c0f21bc06f7f,data\raw\dataset_B\EALPR Vechicles dataset\Vehicles\0461.jpg
dataset_B,0462.jpg,0462,.jpg,90473,799,999,RGB,9102d6ae50eb75500f24acf9396b016e,ee97a32294586967,data\raw\dataset_B\EALPR Vechicles dataset\Vehicles\0462.jpg
dataset_B,0463.jpg,0463,.jpg,117187,800,1000,RGB,73afe07fc3e5bb36fbeb18fd176c526c,fe64a02a94afccc5,data\raw\dataset_B\EALPR Vechicles dataset\Vehicles\0463.jpg
dataset_B,0464.jpg,0464,.jpg,111366,937,1171,RGB,34244940935bdc6768d12e52f4356884,a9c3c70b5b6e0a5a,data\raw\dataset_B\EALPR Vechicles dataset\Vehicles\0464.jpg
dataset_B,0465.jpg,0465,.jpg,128267,937,1171,RGB,a218595039dd93a87c384fe9530b36ef,a09c6e04c7db1f99,data\raw\dataset_B\EALPR Vechicles dataset\Vehicles\0465.jpg
dataset_B,0466.jpg,0466,.jpg,60412,900,1125,RGB,33ec397b2f8eead9d005d38935cc28a9,afc092c73c9c7968,data\raw\dataset_B\EALPR Vechicles dataset\Vehicles\0466.jpg
dataset_B,0467.jpg,0467,.jpg,129314,937,1171,RGB,ffadb96ea7a3f2e222bef5cb4cda32d1,f1906a859ddd9568,data\raw\dataset_B\EALPR Vechicles dataset\Vehicles\0467.jpg
dataset_B,0468.jpg,0468,.jpg,40681,640,479,RGB,6641827897bd1ac4b3d92684be724f62,c9ede5c5d8d82262,data\raw\dataset_B\EALPR Vechicles dataset\Vehicles\0468.jpg
dataset_B,0469.jpg,0469,.jpg,53926,750,561,RGB,91fdee9c9c0003f0b1eef3796542c6b0,82c22d3d973f98d4,data\raw\dataset_B\EALPR Vechicles dataset\Vehicles\0469.jpg
dataset_B,0470.jpg,0470,.jpg,120823,1080,1350,RGB,837938f6012c17f7daa68607198f7a7f,eae0f15dd45c8872,data\raw\dataset_B\EALPR Vechicles dataset\Vehicles\0470.jpg
dataset_B,0471.jpg,0471,.jpg,151327,800,1000,RGB,364b9e412ae48dde3260a1d2c93d7886,ab12d22aded270da,data\raw\dataset_B\EALPR Vechicles dataset\Vehicles\0471.jpg
dataset_B,0472.jpg,0472,.jpg,93884,937,1171,RGB,7cbdaf205a98d335700c4eecae13cbaa,aab497d0c8cbc5c9,data\raw\dataset_B\EALPR Vechicles dataset\Vehicles\0472.jpg
dataset_B,0473.jpg,0473,.jpg,102381,937,1171,RGB,5ebdfe24cb4fbb76d6c7c8ab7dd3827f,e3acb0b1149e6b63,data\raw\dataset_B\EALPR Vechicles dataset\Vehicles\0473.jpg
dataset_B,0474.jpg,0474,.jpg,75414,799,999,RGB,4655603211e1ca4eb7b4bd2627e18d78,fecdc4c0c4477b30,data\raw\dataset_B\EALPR Vechicles dataset\Vehicles\0474.jpg
dataset_B,0475.jpg,0475,.jpg,53563,1080,810,RGB,4a15a93676be5a9becad1aea17ebbb0b,eac5c57e9418cd32,data\raw\dataset_B\EALPR Vechicles dataset\Vehicles\0475.jpg
dataset_B,0476.jpg,0476,.jpg,80281,800,1000,RGB,78f5bc13b109e5b4ba7dd6c90d09554d,d02b2daf5a5aa88d,data\raw\dataset_B\EALPR Vechicles dataset\Vehicles\0476.jpg
dataset_B,0477.jpg,0477,.jpg,119894,937,1171,RGB,393bbd088ac2c617a395d5adc8606c0c,e5e523a5e5e1c0c6,data\raw\dataset_B\EALPR Vechicles dataset\Vehicles\0477.jpg
dataset_B,0478.jpg,0478,.jpg,130047,974,1218,RGB,90e95f950ce00bfca58ceb3ac9df2dda,d5752b2b8555d928,data\raw\dataset_B\EALPR Vechicles dataset\Vehicles\0478.jpg
dataset_B,0479.jpg,0479,.jpg,133027,937,1171,RGB,4439452c758215a216dcf989c9538443,80f17b903c63be5c,data\raw\dataset_B\EALPR Vechicles dataset\Vehicles\0479.jpg
dataset_B,0480.jpg,0480,.jpg,129142,937,1171,RGB,99b7511baebe22656392131e00907393,e0a423bfbe38e0e1,data\raw\dataset_B\EALPR Vechicles dataset\Vehicles\0480.jpg
dataset_B,0481.jpg,0481,.jpg,68076,900,1125,RGB,b0fb215e51455c7929d305c1c508764e,fa6ee0f06c8cf064,data\raw\dataset_B\EALPR Vechicles dataset\Vehicles\0481.jpg
dataset_B,0482.jpg,0482,.jpg,182862,800,1000,RGB,58cd4ed87108c7165eba8b15f9f74d41,8cd0f77ca0a08f57,data\raw\dataset_B\EALPR Vechicles dataset\Vehicles\0482.jpg
dataset_B,0483.jpg,0483,.jpg,46221,640,518,RGB,2514eb15022cbbd7eab2a7f8e846e271,efc4eac4cc687423,data\raw\dataset_B\EALPR Vechicles dataset\Vehicles\0483.jpg
dataset_B,0484.jpg,0484,.jpg,103915,937,1171,RGB,3e631da57e98623129bacc6895a81b28,a1951fcf2ef0e105,data\raw\dataset_B\EALPR Vechicles dataset\Vehicles\0484.jpg
dataset_B,0485.jpg,0485,.jpg,87213,1080,1080,RGB,0ac9def6ac97bb5d75482b55e9b76dca,9ebc2092cd316b4f,data\raw\dataset_B\EALPR Vechicles dataset\Vehicles\0485.jpg
dataset_B,0486.jpg,0486,.jpg,86997,640,640,RGB,0de48941258ad2c001ff62997eb0617e,94560e2fb53ddac0,data\raw\dataset_B\EALPR Vechicles dataset\Vehicles\0486.jpg
dataset_B,0487.jpg,0487,.jpg,166358,1024,768,RGB,f0f73435c47c84450a1c90d31b49c4b9,ecc4a4ce8d379199,data\raw\dataset_B\EALPR Vechicles dataset\Vehicles\0487.jpg
dataset_B,0488.jpg,0488,.jpg,65836,640,583,RGB,a324d867d4e79ab4efa8367700381bd2,eacf839ff053820a,data\raw\dataset_B\EALPR Vechicles dataset\Vehicles\0488.jpg
dataset_B,0489.jpg,0489,.jpg,76502,640,480,RGB,00cd711c835b2a167443077a7c168d8d,abd5e54a882b633a,data\raw\dataset_B\EALPR Vechicles dataset\Vehicles\0489.jpg
dataset_B,0490.jpg,0490,.jpg,107366,799,999,RGB,7bbf58a8182013326da4607dd63d7148,9fc7e5a1939c2870,data\raw\dataset_B\EALPR Vechicles dataset\Vehicles\0490.jpg
dataset_B,0491.jpg,0491,.jpg,117183,937,1171,RGB,3b126a5a79fe20b3b85b5ae26e6d8ffd,94e47993e0469f2b,data\raw\dataset_B\EALPR Vechicles dataset\Vehicles\0491.jpg
dataset_B,0492.jpg,0492,.jpg,64640,900,1125,RGB,618d0fb9f13704b61344fd24504235cd,fac42d2d988b0b79,data\raw\dataset_B\EALPR Vechicles dataset\Vehicles\0492.jpg
dataset_B,0493.jpg,0493,.jpg,97531,937,1171,RGB,60b430f5596f4fb33976fc1231d51e97,a5c5fa1a95616b86,data\raw\dataset_B\EALPR Vechicles dataset\Vehicles\0493.jpg
dataset_B,0494.jpg,0494,.jpg,125508,750,750,RGB,1597ca03c80685558614f210e0936c5c,be048d0ee65976d2,data\raw\dataset_B\EALPR Vechicles dataset\Vehicles\0494.jpg
dataset_B,0495.jpg,0495,.jpg,39356,640,479,RGB,2bf72838612685ed13c1b0720fd1612a,c38f383fc0870d8f,data\raw\dataset_B\EALPR Vechicles dataset\Vehicles\0495.jpg
dataset_B,0496.jpg,0496,.jpg,82366,800,1000,RGB,74d33a04e913edf66f1007e281ce77c4,fda4951b065a7925,data\raw\dataset_B\EALPR Vechicles dataset\Vehicles\0496.jpg
dataset_B,0497.jpg,0497,.jpg,117058,750,750,RGB,5f8fb4e88b860fce7e62d80e69ee2fbb,a505c3d37dcda832,data\raw\dataset_B\EALPR Vechicles dataset\Vehicles\0497.jpg
dataset_B,0498.jpg,0498,.jpg,192419,937,1171,RGB,38d936d829c35fd873841af1143463ce,c6c66fe34ac02cdc,data\raw\dataset_B\EALPR Vechicles dataset\Vehicles\0498.jpg
dataset_B,0499.jpg,0499,.jpg,150956,937,1171,RGB,19a3ec3fab4357de878f05f554041720,fee48090c28fdf34,data\raw\dataset_B\EALPR Vechicles dataset\Vehicles\0499.jpg
dataset_B,0500.jpg,0500,.jpg,110233,924,1138,RGB,96604416a59adf1141e795b136d5040c,84553a28d535cafe,data\raw\dataset_B\EALPR Vechicles dataset\Vehicles\0500.jpg
dataset_B,0501.jpg,0501,.jpg,118118,937,1171,RGB,c1abbd5bf99f1493265a42978c416c30,fdebe3c10c8ca2a8,data\raw\dataset_B\EALPR Vechicles dataset\Vehicles\0501.jpg
dataset_B,0502.jpg,0502,.jpg,64056,900,1125,RGB,caa446efdb1ca55b57d5dcec73a0d3bf,eac42f2d888b4b79,data\raw\dataset_B\EALPR Vechicles dataset\Vehicles\0502.jpg
dataset_B,0503.jpg,0503,.jpg,100116,937,1171,RGB,f94e1112262c2f625153d70f0e377442,aa2b068bb9c675c9,data\raw\dataset_B\EALPR Vechicles dataset\Vehicles\0503.jpg
dataset_B,0504.jpg,0504,.jpg,77905,795,993,RGB,cd9f5bdbd66486f176f3097e7be2666c,a9a175d894867ab9,data\raw\dataset_B\EALPR Vechicles dataset\Vehicles\0504.jpg
dataset_B,0505.jpg,0505,.jpg,64865,750,562,RGB,5f854c49c711a000b2d4a93e52b831ce,bf978e9a50707921,data\raw\dataset_B\EALPR Vechicles dataset\Vehicles\0505.jpg
dataset_B,0506.jpg,0506,.jpg,101386,750,562,RGB,6e23248cc00dcb909dc5430bd18928ba,bfdbc03839c80e8b,data\raw\dataset_B\EALPR Vechicles dataset\Vehicles\0506.jpg
dataset_B,0507.jpg,0507,.jpg,54509,640,480,RGB,07aa4bedc483fcd4df2424fded9cef9e,e0c6c2b2b9f2d2d2,data\raw\dataset_B\EALPR Vechicles dataset\Vehicles\0507.jpg
dataset_B,0508.jpg,0508,.jpg,59155,1080,1080,RGB,720b687ba8508a5873f92b72234e5925,afd544cf852a9534,data\raw\dataset_B\EALPR Vechicles dataset\Vehicles\0508.jpg
dataset_B,0509.jpg,0509,.jpg,192195,1080,1351,RGB,20eeabcc15e9d9de3af9489833193e72,ea94d55b69298587,data\raw\dataset_B\EALPR Vechicles dataset\Vehicles\0509.jpg
dataset_B,0510.jpg,0510,.jpg,65087,640,449,RGB,e229ce266955f557b0aeb7f99810b798,e10183aa1ae7d9db,data\raw\dataset_B\EALPR Vechicles dataset\Vehicles\0510.jpg
dataset_B,0511.jpg,0511,.jpg,59602,764,956,RGB,5bbff7e0fd53b17a519e1afae30a25e3,f81606f8f10e1ef1,data\raw\dataset_B\EALPR Vechicles dataset\Vehicles\0511.jpg
dataset_B,0512.jpg,0512,.jpg,254571,937,1171,RGB,38e064cf59face7ca7433a562a269dd6,bf11c00b5e8c69eb,data\raw\dataset_B\EALPR Vechicles dataset\Vehicles\0512.jpg
dataset_B,0513.jpg,0513,.jpg,128837,937,1171,RGB,cf0d574144108de6aabaf308cd2eaa07,aaa2a1d5f2ccd5d0,data\raw\dataset_B\EALPR Vechicles dataset\Vehicles\0513.jpg
dataset_B,0514.jpg,0514,.jpg,124361,764,956,RGB,941f8110e860a3646b28e224b1327f61,c8946f6e9c686d91,data\raw\dataset_B\EALPR Vechicles dataset\Vehicles\0514.jpg
dataset_B,0515.jpg,0515,.jpg,123967,937,1171,RGB,9457a4d6da353e730e1359d4f47d1edc,ea3a95974e12d866,data\raw\dataset_B\EALPR Vechicles dataset\Vehicles\0515.jpg
dataset_B,0516.jpg,0516,.jpg,103101,640,570,RGB,1c1adc8e443471751efcc5024aa29bb8,e6863fd7a432db00,data\raw\dataset_B\EALPR Vechicles dataset\Vehicles\0516.jpg
dataset_B,0517.jpg,0517,.jpg,56042,640,479,RGB,91f5ab95fd6a06958c1359640971af38,bfd092aacb352326,data\raw\dataset_B\EALPR Vechicles dataset\Vehicles\0517.jpg
dataset_B,0518.jpg,0518,.jpg,114523,937,1171,RGB,7ad66b711e91291e6a59bd0d6e8f1d29,cfdcf0f18b0a2474,data\raw\dataset_B\EALPR Vechicles dataset\Vehicles\0518.jpg
dataset_B,0519.jpg,0519,.jpg,224158,1080,1350,RGB,0c82eb164094c6ada1e6426986f69735,ae04c46ea6a64fd3,data\raw\dataset_B\EALPR Vechicles dataset\Vehicles\0519.jpg
dataset_B,0520.jpg,0520,.jpg,91232,900,1125,RGB,184a66a95acc6f4c30efbf330101ea6a,ebe12d85d79f0460,data\raw\dataset_B\EALPR Vechicles dataset\Vehicles\0520.jpg
dataset_B,0521.jpg,0521,.jpg,115006,800,1000,RGB,fbcf5c9ce5356830162d1efa7dcbca20,e303c27f0f282f65,data\raw\dataset_B\EALPR Vechicles dataset\Vehicles\0521.jpg
dataset_B,0522.jpg,0522,.jpg,63178,750,561,RGB,e2b912510cac01bd7b00c2d986cf40bd,a8b454b28a88ef77,data\raw\dataset_B\EALPR Vechicles dataset\Vehicles\0522.jpg
dataset_B,0523.jpg,0523,.jpg,54865,640,480,RGB,baffdef038d9b148dbc79baa3c84b441,bfaf2ebad8686080,data\raw\dataset_B\EALPR Vechicles dataset\Vehicles\0523.jpg
dataset_B,0524.jpg,0524,.jpg,49885,640,480,RGB,19df33fc3a07691bb180092521b0ddb9,8456fa288527dade,data\raw\dataset_B\EALPR Vechicles dataset\Vehicles\0524.jpg
dataset_B,0525.jpg,0525,.jpg,65441,695,363,RGB,b8490f7e85e70e122a5c0403c47010e6,866e798f7c10e724,data\raw\dataset_B\EALPR Vechicles dataset\Vehicles\0525.jpg
dataset_B,0526.jpg,0526,.jpg,85812,937,1171,RGB,fcab08ba1fec01a3a2a1146c718f8af8,ebc1943a9466cb69,data\raw\dataset_B\EALPR Vechicles dataset\Vehicles\0526.jpg
dataset_B,0527.jpg,0527,.jpg,58940,750,750,RGB,7ce4098b993e341796b91efda20cb061,ada7d3544e392929,data\raw\dataset_B\EALPR Vechicles dataset\Vehicles\0527.jpg
dataset_B,0528.jpg,0528,.jpg,153321,1080,1144,RGB,e551ab6297d431fbc44ea4179f8041f9,d5d585eacaa22596,data\raw\dataset_B\EALPR Vechicles dataset\Vehicles\0528.jpg
dataset_B,0529.jpg,0529,.jpg,54404,640,479,RGB,61396d49e0529f849db04c8f8d356a5b,97286b9770ee2193,data\raw\dataset_B\EALPR Vechicles dataset\Vehicles\0529.jpg
dataset_B,0530.jpg,0530,.jpg,89035,900,1125,RGB,630c24065a59b0e9cef69be6fa281f0d,eae129a5859f9d84,data\raw\dataset_B\EALPR Vechicles dataset\Vehicles\0530.jpg
dataset_B,0531.jpg,0531,.jpg,178191,937,1171,RGB,2a3cfc4bb58174a7aad2cbb6b1c9bbd0,be9de504d4d912d2,data\raw\dataset_B\EALPR Vechicles dataset\Vehicles\0531.jpg
dataset_B,0532.jpg,0532,.jpg,89042,640,640,RGB,de01716a1a546c0524a20df5c3c6c9dd,ea6b85157c9e9550,data\raw\dataset_B\EALPR Vechicles dataset\Vehicles\0532.jpg
dataset_B,0533.jpg,0533,.jpg,151034,937,1171,RGB,aa0cbb2465b81b7ec09a6087d322307f,cf43c209a5e38e8f,data\raw\dataset_B\EALPR Vechicles dataset\Vehicles\0533.jpg
dataset_B,0534.jpg,0534,.jpg,108726,750,750,RGB,e187f5a4e1bdcd070f52c1444ee0defc,e081834f3f27237e,data\raw\dataset_B\EALPR Vechicles dataset\Vehicles\0534.jpg
dataset_B,0535.jpg,0535,.jpg,56443,640,480,RGB,585282436c0908b659d50170d13df661,93907c30f6dc8b93,data\raw\dataset_B\EALPR Vechicles dataset\Vehicles\0535.jpg
dataset_B,0536.jpg,0536,.jpg,48893,640,480,RGB,15ada869b420f531bd3c222024203225,eaa8bd8496c7865a,data\raw\dataset_B\EALPR Vechicles dataset\Vehicles\0536.jpg
dataset_B,0537.jpg,0537,.jpg,98661,800,1000,RGB,321fe50540d3f2a26eb7e8d8865e15e9,fed1c02abb2114fa,data\raw\dataset_B\EALPR Vechicles dataset\Vehicles\0537.jpg
dataset_B,0538.jpg,0538,.jpg,42746,640,640,RGB,41ac5b9f39cb5a4cc43760be393bd772,872129fb2f47d0a9,data\raw\dataset_B\EALPR Vechicles dataset\Vehicles\0538.jpg
dataset_B,0539.jpg,0539,.jpg,257934,1080,1350,RGB,097fb0dcf55b09c758fe7352a9e3dacc,ab0b8d2572d21be9,data\raw\dataset_B\EALPR Vechicles dataset\Vehicles\0539.jpg
dataset_B,0540.jpg,0540,.jpg,68291,900,1125,RGB,9fcba788ad3a9d47389e216c8880ac5b,ee33c3cc32ccb0d8,data\raw\dataset_B\EALPR Vechicles dataset\Vehicles\0540.jpg
dataset_B,0541.jpg,0541,.jpg,65800,900,1125,RGB,06b10b2df26c7b7a770d0d80d4b4e5c3,ef693a35c14a92b4,data\raw\dataset_B\EALPR Vechicles dataset\Vehicles\0541.jpg
dataset_B,0542.jpg,0542,.jpg,75323,720,720,RGB,3f0266ade56080859db1651dfb7b326c,adc0da688e74c73c,data\raw\dataset_B\EALPR Vechicles dataset\Vehicles\0542.jpg
dataset_B,0543.jpg,0543,.jpg,139749,750,562,RGB,49b4a043526723ee977c9e94733f699b,f078d95c74a45c66,data\raw\dataset_B\EALPR Vechicles dataset\Vehicles\0543.jpg
dataset_B,0544.jpg,0544,.jpg,152091,1080,1350,RGB,93a70ed7b4447b9cdc1b7302fa438d55,cc8c4ece8c233a5f,data\raw\dataset_B\EALPR Vechicles dataset\Vehicles\0544.jpg
dataset_B,0545.jpg,0545,.jpg,116984,750,750,RGB,e73566f8d34687a20a6d0de65f96e59a,9819bde1c36e70c3,data\raw\dataset_B\EALPR Vechicles dataset\Vehicles\0545.jpg
dataset_B,0546.jpg,0546,.jpg,124606,1080,1350,RGB,99d89b8b619a5ce72246f83d85546187,fd7993801de54646,data\raw\dataset_B\EALPR Vechicles dataset\Vehicles\0546.jpg
dataset_B,0547.jpg,0547,.jpg,162306,1080,1350,RGB,7a357678ef548569bd64edc0b8503027,a1949e1e861f357a,data\raw\dataset_B\EALPR Vechicles dataset\Vehicles\0547.jpg
dataset_B,0548.jpg,0548,.jpg,191547,937,1171,RGB,dbf49cb3d4867581fa4df0990743e656,bb56d42a69c5d42a,data\raw\dataset_B\EALPR Vechicles dataset\Vehicles\0548.jpg
dataset_B,0549.jpg,0549,.jpg,119966,800,1000,RGB,4ab52682f38be80329fae5bc89f55167,ffe5a08a808d7f60,data\raw\dataset_B\EALPR Vechicles dataset\Vehicles\0549.jpg
dataset_B,0550.jpg,0550,.jpg,68651,814,885,RGB,daac9a6fe12a2454ad72dfdf7d24ef11,eac483c38b6e7435,data\raw\dataset_B\EALPR Vechicles dataset\Vehicles\0550.jpg
dataset_B,0551.jpg,0551,.jpg,133397,937,1171,RGB,61335a741cddd23056adf026d7a8b669,af7f8160f1d501c3,data\raw\dataset_B\EALPR Vechicles dataset\Vehicles\0551.jpg
dataset_B,0552.jpg,0552,.jpg,38909,900,1125,RGB,bac59cad32fa7329bfdf064831190122,fb36261999662699,data\raw\dataset_B\EALPR Vechicles dataset\Vehicles\0552.jpg
dataset_B,0553.jpg,0553,.jpg,58951,750,664,RGB,b03bd30d574dfd359ff47796a89295c5,efe014c5e1f0d625,data\raw\dataset_B\EALPR Vechicles dataset\Vehicles\0553.jpg
dataset_B,0554.jpg,0554,.jpg,150551,937,1171,RGB,854121d85adbb6bc91786d2f51c8c221,bf63c05dc5a262e4,data\raw\dataset_B\EALPR Vechicles dataset\Vehicles\0554.jpg
dataset_B,0555.jpg,0555,.jpg,107224,750,562,RGB,466593c6467b8f2c7614af4da2e88b56,ffcfd01314162725,data\raw\dataset_B\EALPR Vechicles dataset\Vehicles\0555.jpg
dataset_B,0556.jpg,0556,.jpg,85729,937,1171,RGB,4929749ee4e89b0544932e28ff56d347,bca90b56d4764b89,data\raw\dataset_B\EALPR Vechicles dataset\Vehicles\0556.jpg
dataset_B,0557.jpg,0557,.jpg,126046,937,1171,RGB,fdc89638dd8e5c035a9dec26f0ff4bcd,842f7ef0d059a17a,data\raw\dataset_B\EALPR Vechicles dataset\Vehicles\0557.jpg
dataset_B,0558.jpg,0558,.jpg,101522,1080,1080,RGB,c0322f5edd66ab3e9d77380d9631c1e9,fcb20286ed7416ce,data\raw\dataset_B\EALPR Vechicles dataset\Vehicles\0558.jpg
dataset_B,0559.jpg,0559,.jpg,104289,800,1000,RGB,4060bc49809b110ffe01e7bbaea3fe9e,f7d1e9d6d6288806,data\raw\dataset_B\EALPR Vechicles dataset\Vehicles\0559.jpg
dataset_B,0560.jpg,0560,.jpg,167199,852,1065,RGB,bf4e511280c79fe3189aa53673d0fbbb,8e8580abb5c7ca6b,data\raw\dataset_B\EALPR Vechicles dataset\Vehicles\0560.jpg
dataset_B,0561.jpg,0561,.jpg,66390,900,1125,RGB,a0c3aeb2e464d6ef754c80cd7245d4ea,ebc2862dbc3c9d81,data\raw\dataset_B\EALPR Vechicles dataset\Vehicles\0561.jpg
dataset_B,0562.jpg,0562,.jpg,323125,1280,1512,RGB,7d681a40a6d61198b68acc7621940d66,ab55dc4ba534b464,data\raw\dataset_B\EALPR Vechicles dataset\Vehicles\0562.jpg
dataset_B,0563.JPG,0563,.jpg,151322,960,720,RGB,dfc11309158203cdd48f3c13223352b7,db116d66160d659b,data\raw\dataset_B\EALPR Vechicles dataset\Vehicles\0563.JPG
dataset_B,0564.JPG,0564,.jpg,107979,540,960,RGB,04e23ce72734bdf60605fefe35487cb6,df882577023e18f9,data\raw\dataset_B\EALPR Vechicles dataset\Vehicles\0564.JPG
dataset_B,0565.jpg,0565,.jpg,189081,1080,1350,RGB,3e6667795b2925c2749553b7d859cce0,ab6bd692c2c31327,data\raw\dataset_B\EALPR Vechicles dataset\Vehicles\0565.jpg
dataset_B,0566.JPG,0566,.jpg,1119395,4032,3024,RGB,8cc9d314c2a055f756f91bd7f757aa3e,a4649925ef13e639,data\raw\dataset_B\EALPR Vechicles dataset\Vehicles\0566.JPG
dataset_B,0567.JPG,0567,.jpg,143378,1040,780,RGB,a3b0714a869388c85afe6e0c1c7869b8,d91b861ed67cc921,data\raw\dataset_B\EALPR Vechicles dataset\Vehicles\0567.JPG
dataset_B,0568.JPG,0568,.jpg,135150,1040,780,RGB,4cebe57223d6e381fc07e7851cb95e0a,8c4e5b798935d6c8,data\raw\dataset_B\EALPR Vechicles dataset\Vehicles\0568.JPG
dataset_B,0569.JPG,0569,.jpg,129236,780,1040,RGB,82abce5e4da7276a52ff24ea857a4df6,aa42c68dd4771c3b,data\raw\dataset_B\EALPR Vechicles dataset\Vehicles\0569.JPG
dataset_B,0570.jpg,0570,.jpg,118884,900,1125,RGB,2e881dc445f50d5cdd45ed2ba9014081,bf6e96c21d36c424,data\raw\dataset_B\EALPR Vechicles dataset\Vehicles\0570.jpg
dataset_B,0571.JPG,0571,.jpg,96959,960,720,RGB,663e9e5d291b9fdcca2cb11fa5371b89,9e65619e84619ade,data\raw\dataset_B\EALPR Vechicles dataset\Vehicles\0571.JPG
dataset_B,0572.JPG,0572,.jpg,118435,720,960,RGB,d2eeceaba95f60f92311cc7ec7a7ab57,9999ae2ea089bb99,data\raw\dataset_B\EALPR Vechicles dataset\Vehicles\0572.JPG
dataset_B,0573.JPG,0573,.jpg,176873,1396,1047,RGB,8aaa8ac3e44fc7a1a04c07cee701a18c,fce5eb9085651c2c,data\raw\dataset_B\EALPR Vechicles dataset\Vehicles\0573.JPG
dataset_B,0574.jpg,0574,.jpg,80315,589,589,RGB,a5c2ed7b7b9dfa1db08f866d9cf5f145,af95812b9cb59195,data\raw\dataset_B\EALPR Vechicles dataset\Vehicles\0574.jpg
dataset_B,0575.JPG,0575,.jpg,165633,720,960,RGB,842dfcfda796fa1cafad42dfc7ca6f82,afc5c567c5e12a42,data\raw\dataset_B\EALPR Vechicles dataset\Vehicles\0575.JPG
dataset_B,0576.JPG,0576,.jpg,156856,720,960,RGB,578a9a8d5d3fb05d3f4ed6f9559b7f0e,e8858d6d847ecb43,data\raw\dataset_B\EALPR Vechicles dataset\Vehicles\0576.JPG
dataset_B,0577.JPG,0577,.jpg,49228,720,960,RGB,f76b4f3dfa943e194658e325c5ab3c20,d37f38826719c067,data\raw\dataset_B\EALPR Vechicles dataset\Vehicles\0577.JPG
dataset_B,0578.JPG,0578,.jpg,140683,960,720,RGB,005626e81af80bd3f4533e7b3aefede6,8eb51432b3cf338c,data\raw\dataset_B\EALPR Vechicles dataset\Vehicles\0578.JPG
dataset_B,0579.JPG,0579,.jpg,125403,960,540,RGB,4137654ec73910a5cbed55a8e87dc4fa,fad803c7d5504de2,data\raw\dataset_B\EALPR Vechicles dataset\Vehicles\0579.JPG
dataset_B,0580.jpg,0580,.jpg,82098,960,1125,RGB,41b784f9402b7cadcddb5b1cbea658b2,aace4d0eae7dd220,data\raw\dataset_B\EALPR Vechicles dataset\Vehicles\0580.jpg
dataset_B,0581.JPG,0581,.jpg,61431,414,489,RGB,cb08d8909bb29dcfe0a9ecd7ac035dc8,91933bc9c1a1687f,data\raw\dataset_B\EALPR Vechicles dataset\Vehicles\0581.JPG
dataset_B,0582.jpg,0582,.jpg,189704,929,1162,RGB,c7c1249ed21d46b98df5dceb9f314f78,fd856a5e207cc2ca,data\raw\dataset_B\EALPR Vechicles dataset\Vehicles\0582.jpg
dataset_B,0583.JPG,0583,.jpg,151533,960,720,RGB,4d0a637caadb798e9944b045505a5a1d,e2cb5e1485f3e268,data\raw\dataset_B\EALPR Vechicles dataset\Vehicles\0583.JPG
dataset_B,0584.JPG,0584,.jpg,152358,960,1280,RGB,de63252d40abfba8b1dec4cf5839b9f8,8aac73d3456d4bc1,data\raw\dataset_B\EALPR Vechicles dataset\Vehicles\0584.JPG
dataset_B,0585.JPG,0585,.jpg,113795,960,720,RGB,4cc42a98bc2117fee5e1da48835e0fd5,c1c047e583a9a7e7,data\raw\dataset_B\EALPR Vechicles dataset\Vehicles\0585.JPG
dataset_B,0586.jpg,0586,.jpg,114380,937,1170,RGB,34129d7725d4ab0e7b672f3da8b480f3,cad3df289297b422,data\raw\dataset_B\EALPR Vechicles dataset\Vehicles\0586.jpg
dataset_B,0587.JPG,0587,.jpg,113773,960,720,RGB,27621df0630927521c56e5824ade89f2,ad464e4c9d35f690,data\raw\dataset_B\EALPR Vechicles dataset\Vehicles\0587.JPG
dataset_B,0588.jpg,0588,.jpg,157061,1080,1080,RGB,58776ce2c41cb35b76032dd8c2f52184,c30e3c62cb4f7174,data\raw\dataset_B\EALPR Vechicles dataset\Vehicles\0588.jpg
dataset_B,0589.JPG,0589,.jpg,57348,887,666,RGB,97785008cd5ce8a5ede6edd1259f7218,bdf5d0cb828a0f68,data\raw\dataset_B\EALPR Vechicles dataset\Vehicles\0589.JPG
dataset_B,0590.JPG,0590,.jpg,101735,720,960,RGB,af87f310deb9bcab42e41dcaf6a94a69,cc3873669ccc32b3,data\raw\dataset_B\EALPR Vechicles dataset\Vehicles\0590.JPG
dataset_B,0591.JPG,0591,.jpg,43226,307,409,RGB,014d82b789dbe3e47c1f1b88ef66c015,cc8c2ed7c06ddd82,data\raw\dataset_B\EALPR Vechicles dataset\Vehicles\0591.JPG
dataset_B,0592.JPG,0592,.jpg,105992,720,960,RGB,9c009878ee1a28249c24c16cde535f58,b35b5be1871ab025,data\raw\dataset_B\EALPR Vechicles dataset\Vehicles\0592.JPG
dataset_B,0593.jpg,0593,.jpg,170734,1080,1080,RGB,6b90704ba483c26acb8bd94502fa2f95,fe86d67e70618189,data\raw\dataset_B\EALPR Vechicles dataset\Vehicles\0593.jpg
dataset_B,0594.JPG,0594,.jpg,119633,960,720,RGB,af90836ebac8a3c8e184f277f69332e1,b45a7c69982d3374,data\raw\dataset_B\EALPR Vechicles dataset\Vehicles\0594.JPG
dataset_B,0595.JPG,0595,.jpg,152007,960,720,RGB,465f67cc594de6827057299abfd39148,be3273d1d92820f3,data\raw\dataset_B\EALPR Vechicles dataset\Vehicles\0595.JPG
dataset_B,0596.JPG,0596,.jpg,108398,960,720,RGB,346638a3378097e6dba08e6b4d9ac591,f4a39e397326a4d0,data\raw\dataset_B\EALPR Vechicles dataset\Vehicles\0596.JPG
dataset_B,0597.JPG,0597,.jpg,140667,720,960,RGB,e913d0e05d927c33a94a01778ec717e9,8387975c89a1a3eb,data\raw\dataset_B\EALPR Vechicles dataset\Vehicles\0597.JPG
dataset_B,0598.JPG,0598,.jpg,91815,540,960,RGB,e0a44aab4c2e75e0be2302d3e6e808d8,d087a3080ff1f59d,data\raw\dataset_B\EALPR Vechicles dataset\Vehicles\0598.JPG
dataset_B,0599.JPG,0599,.jpg,74965,640,425,RGB,a3f7fffe24336e7754e091cc12711129,9d914c47d0db23cd,data\raw\dataset_B\EALPR Vechicles dataset\Vehicles\0599.JPG
dataset_B,0600.JPG,0600,.jpg,62014,480,480,RGB,ca41120c07a88c801def41a54e0861cf,cc071fe9e71ad106,data\raw\dataset_B\EALPR Vechicles dataset\Vehicles\0600.JPG
dataset_B,0601.JPG,0601,.jpg,61484,480,456,RGB,6358b6f56008fc29087b5fc99a24c841,a982dac9e7d99560,data\raw\dataset_B\EALPR Vechicles dataset\Vehicles\0601.JPG
dataset_B,0602.JPG,0602,.jpg,61867,296,528,RGB,6166e2c8cb4f3b95b5847dd125ae56cc,cb7042472f9cbc35,data\raw\dataset_B\EALPR Vechicles dataset\Vehicles\0602.JPG
dataset_B,0603.jpg,0603,.jpg,221205,1080,1350,RGB,d7dffa2b0f62656bf41efc9682f6dfbc,aa86d656d268a9ad,data\raw\dataset_B\EALPR Vechicles dataset\Vehicles\0603.jpg
dataset_B,0604.jpg,0604,.jpg,32228,1080,617,RGB,b3a68519dc8506f3cea3420165258151,a1e32f9c6624b1b9,data\raw\dataset_B\EALPR Vechicles dataset\Vehicles\0604.jpg
dataset_B,0605.JPG,0605,.jpg,147742,959,963,RGB,5019c256e3ecdfd8caeda1b110bd0b05,cec4c424e1d1f9f8,data\raw\dataset_B\EALPR Vechicles dataset\Vehicles\0605.JPG
dataset_B,0606.JPG,0606,.jpg,55199,502,496,RGB,c09129d8d572cedbc52532b1f35f2d03,a9d6db40a15ba699,data\raw\dataset_B\EALPR Vechicles dataset\Vehicles\0606.JPG
dataset_B,0607.JPG,0607,.jpg,47163,485,473,RGB,940cbf4424eca30f4085bbeaf3e0477c,f197701d6a988e6a,data\raw\dataset_B\EALPR Vechicles dataset\Vehicles\0607.JPG
dataset_B,0608.JPG,0608,.jpg,86046,749,759,RGB,d2e0d1728042b9e6691b15f25374239e,899327233797d2c6,data\raw\dataset_B\EALPR Vechicles dataset\Vehicles\0608.JPG
dataset_B,0609.JPG,0609,.jpg,280975,960,960,RGB,2f2a741e9cfb46fc92f3beb103f644dc,fde2c08d869f98b0,data\raw\dataset_B\EALPR Vechicles dataset\Vehicles\0609.JPG
dataset_B,0610.jpg,0610,.jpg,195821,1080,1346,RGB,f4060e41bf992a39e85da27f8b10e6f8,ae06d67bf1a10a8b,data\raw\dataset_B\EALPR Vechicles dataset\Vehicles\0610.jpg
dataset_B,0611.JPG,0611,.jpg,85113,374,371,RGB,dc33e68fa5153a7574879589855894ab,b19b1fc268c5ae68,data\raw\dataset_B\EALPR Vechicles dataset\Vehicles\0611.JPG
dataset_B,0612.jpg,0612,.jpg,43690,1080,1080,RGB,2924edc4159731e7dde3e7e4d44a39f3,bb3be4640e83b331,data\raw\dataset_B\EALPR Vechicles dataset\Vehicles\0612.jpg
dataset_B,0613.JPG,0613,.jpg,149815,720,720,RGB,8625a8620f0baeb504f0ef191d3140ba,f0f2e31998bae154,data\raw\dataset_B\EALPR Vechicles dataset\Vehicles\0613.JPG
dataset_B,0614.JPG,0614,.jpg,63985,479,479,RGB,297937b1b6f8859b82abc68353deec68,d5c1913df474a598,data\raw\dataset_B\EALPR Vechicles dataset\Vehicles\0614.JPG
dataset_B,0615.JPG,0615,.jpg,166238,960,539,RGB,ff3b505f7cf7c420a5bbbc6f9ea58752,ea58b07ad267c32c,data\raw\dataset_B\EALPR Vechicles dataset\Vehicles\0615.JPG
dataset_B,0616.JPG,0616,.jpg,235246,2048,646,RGB,f7729c79848280f3d0c282e9f93317de,a3952b4a2d7ed909,data\raw\dataset_B\EALPR Vechicles dataset\Vehicles\0616.JPG
dataset_B,0617.JPG,0617,.jpg,1176679,1536,2048,RGB,d1acd41b93ebd96bb96ec9a442ea5a3c,fce92b74d042c2f8,data\raw\dataset_B\EALPR Vechicles dataset\Vehicles\0617.JPG
dataset_B,0618.JPG,0618,.jpg,990573,1536,2048,RGB,a5725cdbc6d214083fcad3b85d2ec07a,819a76758dcd7069,data\raw\dataset_B\EALPR Vechicles dataset\Vehicles\0618.JPG
dataset_B,0619.jpg,0619,.jpg,195821,1080,1346,RGB,f4060e41bf992a39e85da27f8b10e6f8,ae06d67bf1a10a8b,data\raw\dataset_B\EALPR Vechicles dataset\Vehicles\0619.jpg
dataset_B,0620.JPG,0620,.jpg,160204,960,523,RGB,ce4fb377cfc3abc23bc0c68cb231443d,9b93c46e8b63c42d,data\raw\dataset_B\EALPR Vechicles dataset\Vehicles\0620.JPG
dataset_B,0621.jpg,0621,.jpg,50344,1080,1080,RGB,3540686ffd91660a3f8ca2caf02deb3a,8ccccdc736b2525a,data\raw\dataset_B\EALPR Vechicles dataset\Vehicles\0621.jpg
dataset_B,0622.JPG,0622,.jpg,308833,1080,916,RGB,9e474b35cdf15fc3d0bb43c9a713c04d,8da656c9db6a4d30,data\raw\dataset_B\EALPR Vechicles dataset\Vehicles\0622.JPG
dataset_B,0623.JPG,0623,.jpg,176866,716,960,RGB,c8cad0e3dea5bad3e8e8c3b478f65184,a98d844f6ae03c3f,data\raw\dataset_B\EALPR Vechicles dataset\Vehicles\0623.JPG
dataset_B,0624.JPG,0624,.jpg,114514,960,640,RGB,1ad5dacda4f77aa8b8316ac5ac4fcdbf,b4d65e81c61cd636,data\raw\dataset_B\EALPR Vechicles dataset\Vehicles\0624.JPG
dataset_B,0625.JPG,0625,.jpg,230448,960,960,RGB,1c5b5ca9bf3df6fd723deaf69b90001b,8bcb81e99ab321d6,data\raw\dataset_B\EALPR Vechicles dataset\Vehicles\0625.JPG
dataset_B,0626.JPG,0626,.jpg,243711,960,960,RGB,bc9cd981a1bfdbc0903c8d0f4657deb8,825e1e1ce585f3c6,data\raw\dataset_B\EALPR Vechicles dataset\Vehicles\0626.JPG
dataset_B,0627.JPG,0627,.jpg,241096,960,960,RGB,d1f41a4eb5cc2e25c5a6abfb19f31342,b89a8665cd83339b,data\raw\dataset_B\EALPR Vechicles dataset\Vehicles\0627.JPG
dataset_B,0628.JPG,0628,.jpg,202883,960,960,RGB,304d31fdc45b736dff013929d1f520db,aa4291f70c743d6b,data\raw\dataset_B\EALPR Vechicles dataset\Vehicles\0628.JPG
dataset_B,0629.jpg,0629,.jpg,182444,1080,1080,RGB,c6823c0848e7a7c47b5efc462d4be8bf,fe54957a64a1d894,data\raw\dataset_B\EALPR Vechicles dataset\Vehicles\0629.jpg
dataset_B,0630.JPG,0630,.jpg,73398,720,960,RGB,58f8aede923e90e5a11af6e23dda68c8,a9ab0b8fa4e83a3a,data\raw\dataset_B\EALPR Vechicles dataset\Vehicles\0630.JPG
dataset_B,0631.JPG,0631,.jpg,356872,750,563,RGB,ef2da4813563a06c1471dd6be12604fe,ac861ed6d24b72d8,data\raw\dataset_B\EALPR Vechicles dataset\Vehicles\0631.JPG
dataset_B,0632.jpg,0632,.jpg,355095,1280,720,RGB,af1d10492a13010ee39b6f2b514a2716,e181ea1d8379da69,data\raw\dataset_B\EALPR Vechicles dataset\Vehicles\0632.jpg
dataset_B,0633.jpg,0633,.jpg,62203,900,1125,RGB,ef1992fc4c9c3aa46bbb4b3e1ea3b7f9,ee3313cc724fc4b0,data\raw\dataset_B\EALPR Vechicles dataset\Vehicles\0633.jpg
dataset_B,0634.jpg,0634,.jpg,68581,900,1125,RGB,551d2a0f302df4bbcff388e2a627d8be,eac495e8ba966323,data\raw\dataset_B\EALPR Vechicles dataset\Vehicles\0634.jpg
dataset_B,0635.jpg,0635,.jpg,30847,334,249,RGB,aec009c94b65a2dad1508b8ddf027118,b8d8d078c865769e,data\raw\dataset_B\EALPR Vechicles dataset\Vehicles\0635.jpg
dataset_B,0636.jpg,0636,.jpg,94283,720,960,RGB,503ec9d7f9974da8d7c10514469e73f2,87d4f83a878b95a4,data\raw\dataset_B\EALPR Vechicles dataset\Vehicles\0636.jpg
dataset_B,0637.jpg,0637,.jpg,172833,800,1000,RGB,ba07073199d07c4312f35d948915fe7a,d425eb14d06b9ae5,data\raw\dataset_B\EALPR Vechicles dataset\Vehicles\0637.jpg
dataset_B,0638.jpg,0638,.jpg,230720,762,953,RGB,3acde9f1fe7825da09ac22477cde6270,ade4ae2bd43ed024,data\raw\dataset_B\EALPR Vechicles dataset\Vehicles\0638.jpg
dataset_B,0639.jpg,0639,.jpg,13898,369,500,RGB,cb64aadc0e4602840378097604aacc7a,be5b4eba0ad4982a,data\raw\dataset_B\EALPR Vechicles dataset\Vehicles\0639.jpg
dataset_B,0640.jpg,0640,.jpg,123114,750,750,RGB,aed84d277ddf212bd25b11a5f2d02b0f,f440d135c83fbd15,data\raw\dataset_B\EALPR Vechicles dataset\Vehicles\0640.jpg
dataset_B,0641.jpg,0641,.jpg,39937,720,960,RGB,d0483de194b093084c47b474ebffff01,c2b6383ccfc3253c,data\raw\dataset_B\EALPR Vechicles dataset\Vehicles\0641.jpg
dataset_B,0642.jpg,0642,.jpg,41637,720,960,RGB,647e4a83246275324ba66e1fa4d67f14,8ef67729310b2b2c,data\raw\dataset_B\EALPR Vechicles dataset\Vehicles\0642.jpg
dataset_B,0643.jpg,0643,.jpg,53174,720,405,RGB,69c0f77e7757ede983491b041c30f162,d5a90296cd7e96c1,data\raw\dataset_B\EALPR Vechicles dataset\Vehicles\0643.jpg
dataset_B,0644.jpg,0644,.jpg,52348,960,605,RGB,8516ed3328bbd5b103fd84193696e213,f8b4ddaae14343a2,data\raw\dataset_B\EALPR Vechicles dataset\Vehicles\0644.jpg
dataset_B,0645.jpg,0645,.jpg,87148,960,720,RGB,d27ec8d74d2f7275c5914b01412df0e4,b9d44ae1f19a9691,data\raw\dataset_B\EALPR Vechicles dataset\Vehicles\0645.jpg
dataset_B,0646.jpg,0646,.jpg,70864,720,960,RGB,fab55498844ba6dee435e2c8e5b57ca2,9d91f951819d9d92,data\raw\dataset_B\EALPR Vechicles dataset\Vehicles\0646.jpg
dataset_B,0647.jpg,0647,.jpg,208596,1080,1351,RGB,3176b38e795e78896c6f26e63a18fd6a,9bc94916963eb1f0,data\raw\dataset_B\EALPR Vechicles dataset\Vehicles\0647.jpg
dataset_B,0648.jpg,0648,.jpg,77204,540,960,RGB,bf9c8cfe36bc9602fb1029fadef6d3ba,8c9a7325ca5a1dea,data\raw\dataset_B\EALPR Vechicles dataset\Vehicles\0648.jpg
dataset_B,0649.jpg,0649,.jpg,84807,720,960,RGB,f718da2af49162e66f585e9ee5326b7a,ca82e045c7efec70,data\raw\dataset_B\EALPR Vechicles dataset\Vehicles\0649.jpg
dataset_B,0650.jpg,0650,.jpg,52954,768,960,RGB,e61187f14622bd0d20d181dd5283df2d,aab53908e6f71e18,data\raw\dataset_B\EALPR Vechicles dataset\Vehicles\0650.jpg
dataset_B,0651.jpg,0651,.jpg,54963,900,1125,RGB,64b1d229b8e330e701987160d9169d14,fbd1dcc6862e0a31,data\raw\dataset_B\EALPR Vechicles dataset\Vehicles\0651.jpg
dataset_B,0652.jpg,0652,.jpg,125978,1117,837,RGB,54b044a809a6dbf8fbcc3a83d8d0172b,bf95529fca8a2a88,data\raw\dataset_B\EALPR Vechicles dataset\Vehicles\0652.jpg
dataset_B,0653.jpg,0653,.jpg,70577,780,960,RGB,e3ab8b465ec638e19f5e314d06980022,a191534b4cf43d6d,data\raw\dataset_B\EALPR Vechicles dataset\Vehicles\0653.jpg
dataset_B,0654.jpg,0654,.jpg,110519,825,825,RGB,057dd38f3b60ce256ff66cd3820a35d9,e90596ea8fdd70a0,data\raw\dataset_B\EALPR Vechicles dataset\Vehicles\0654.jpg
dataset_B,0655.jpg,0655,.jpg,151299,944,1181,RGB,b9fd315c37f44d69a16825df9bd1bd9b,eae981174e9c7233,data\raw\dataset_B\EALPR Vechicles dataset\Vehicles\0655.jpg
dataset_B,0656.jpg,0656,.jpg,93097,767,960,RGB,81d2ba63114445b1460dff16fb8bc392,e1638a50567e35b5,data\raw\dataset_B\EALPR Vechicles dataset\Vehicles\0656.jpg
dataset_B,0657.jpg,0657,.jpg,77064,768,960,RGB,cf078209c3ad0989b9a06d2811ff029b,b21b7b1b81131bf8,data\raw\dataset_B\EALPR Vechicles dataset\Vehicles\0657.jpg
dataset_B,0658.jpg,0658,.jpg,117748,960,960,RGB,f17dab4324dfb9598b9af62b3ed40a83,eb81b51796dac22a,data\raw\dataset_B\EALPR Vechicles dataset\Vehicles\0658.jpg
dataset_B,0659.jpg,0659,.jpg,86180,900,1125,RGB,2afbfe443df870d26a97639ee3728d2a,f06f807a54b68d35,data\raw\dataset_B\EALPR Vechicles dataset\Vehicles\0659.jpg
dataset_B,0660.jpg,0660,.jpg,161539,775,775,RGB,caa261fba1b69b9de00d21a0364df969,e193c83a8ae1f9cc,data\raw\dataset_B\EALPR Vechicles dataset\Vehicles\0660.jpg
dataset_B,0661.jpg,0661,.jpg,69741,900,1125,RGB,e2428770989fecfff9447f19bb7c3937,bf97958eb478a440,data\raw\dataset_B\EALPR Vechicles dataset\Vehicles\0661.jpg
dataset_B,0662.jpg,0662,.jpg,83639,768,960,RGB,e9e9adb47a5daedc67e97d2b63f5dc59,ff3a801d93d39544,data\raw\dataset_B\EALPR Vechicles dataset\Vehicles\0662.jpg
dataset_B,0663.jpg,0663,.jpg,71721,900,1125,RGB,1a8e7148b678aa37d20bd0e104edaec0,90f0f0dcdad2ccd8,data\raw\dataset_B\EALPR Vechicles dataset\Vehicles\0663.jpg
dataset_B,0664.jpg,0664,.jpg,182678,1080,1350,RGB,5316d63a78b5ba31cc04fd6b6654c034,ead4d55cd8d2d109,data\raw\dataset_B\EALPR Vechicles dataset\Vehicles\0664.jpg
dataset_B,0665.jpg,0665,.jpg,113001,960,927,RGB,90cc0aec10e4889813860f5163c1e117,a9bfb7c2c6229039,data\raw\dataset_B\EALPR Vechicles dataset\Vehicles\0665.jpg
dataset_B,0666.jpg,0666,.jpg,88892,900,1125,RGB,563585a196a0796e9227dd899d43e6e5,d4f4376292921f0f,data\raw\dataset_B\EALPR Vechicles dataset\Vehicles\0666.jpg
dataset_B,0667.jpg,0667,.jpg,186609,960,960,RGB,b9c5b7737822a571ce06c625599a28b9,aff63191c216c81f,data\raw\dataset_B\EALPR Vechicles dataset\Vehicles\0667.jpg
dataset_B,0668.jpg,0668,.jpg,82387,900,1125,RGB,f47e790c0cf877224c3658a7feacde70,852d5ed23da1d07a,data\raw\dataset_B\EALPR Vechicles dataset\Vehicles\0668.jpg
dataset_B,0669.jpg,0669,.jpg,130424,768,960,RGB,688599f44ec48cf8acd30993cf33197a,da6ccc5c7c2d848d,data\raw\dataset_B\EALPR Vechicles dataset\Vehicles\0669.jpg
dataset_B,0670.jpg,0670,.jpg,107051,767,960,RGB,63d182499cc7446b674ecb347057a21e,ae8784878c8b873f,data\raw\dataset_B\EALPR Vechicles dataset\Vehicles\0670.jpg
dataset_B,0671.jpg,0671,.jpg,156593,1080,1350,RGB,f9b579c43215445c301a31e39cb9e8a2,e4642e43c323ddb5,data\raw\dataset_B\EALPR Vechicles dataset\Vehicles\0671.jpg
dataset_B,0672.jpg,0672,.jpg,98566,887,960,RGB,5bed65f6e469acac8cbabbb974223d29,ffe1e05080b5f878,data\raw\dataset_B\EALPR Vechicles dataset\Vehicles\0672.jpg
dataset_B,0673.jpg,0673,.jpg,131394,771,960,RGB,c81df48e51fd9083989a054bdeaee6fd,faf8d23a2b2524e4,data\raw\dataset_B\EALPR Vechicles dataset\Vehicles\0673.jpg
dataset_B,0674.jpg,0674,.jpg,111845,768,960,RGB,46addc5c988b44af929ed9ed2db39ae6,d715ac4ed7834394,data\raw\dataset_B\EALPR Vechicles dataset\Vehicles\0674.jpg
dataset_B,0675.jpg,0675,.jpg,102133,767,960,RGB,85d714d909639872851105ff6e691bc7,ce3be839c45f310c,data\raw\dataset_B\EALPR Vechicles dataset\Vehicles\0675.jpg
dataset_B,0676.jpg,0676,.jpg,115965,960,960,RGB,ca9b46382856c4f0976e6e10ae60c750,b177de0f2cb43091,data\raw\dataset_B\EALPR Vechicles dataset\Vehicles\0676.jpg
dataset_B,0677.jpg,0677,.jpg,83999,768,960,RGB,667f418c0a637fefe1aa311280613ef8,ae33e5a7cc853312,data\raw\dataset_B\EALPR Vechicles dataset\Vehicles\0677.jpg
dataset_B,0678.jpg,0678,.jpg,65337,900,1125,RGB,996332a11ddfcbff59b09f4efd4100fa,fa20e6979df07038,data\raw\dataset_B\EALPR Vechicles dataset\Vehicles\0678.jpg
dataset_B,0679.jpg,0679,.jpg,180192,1080,1080,RGB,ec0561264ab0fbf2546b07d0753977b8,ae8303d78575c395,data\raw\dataset_B\EALPR Vechicles dataset\Vehicles\0679.jpg
dataset_B,0680.jpg,0680,.jpg,115696,960,711,RGB,f238c5a79237db97c780c7b9024fc722,a5d47a62a792a7c8,data\raw\dataset_B\EALPR Vechicles dataset\Vehicles\0680.jpg
dataset_B,0681.jpg,0681,.jpg,111999,906,960,RGB,3b9340ede640ac9ba19921c4dabc8099,e2e2a78d9634708f,data\raw\dataset_B\EALPR Vechicles dataset\Vehicles\0681.jpg
dataset_B,0682.jpg,0682,.jpg,131590,1080,810,RGB,154d0088e6b3c956a73406d7bd118c96,e31e1c355b61e0ba,data\raw\dataset_B\EALPR Vechicles dataset\Vehicles\0682.jpg
dataset_B,0683.jpg,0683,.jpg,80689,960,720,RGB,0a3e2c468ee8bcae8abab0bec9cbf460,fbb82d95919d049a,data\raw\dataset_B\EALPR Vechicles dataset\Vehicles\0683.jpg
dataset_B,0684.jpg,0684,.jpg,159566,750,750,RGB,80b81385df461e46dbdba53e87687b96,a73d7c4fc32908ca,data\raw\dataset_B\EALPR Vechicles dataset\Vehicles\0684.jpg
dataset_B,0685.jpg,0685,.jpg,172135,960,960,RGB,7803bd395312199b3e571b06bc16f94e,f6838b6a0ba53571,data\raw\dataset_B\EALPR Vechicles dataset\Vehicles\0685.jpg
dataset_B,0686.jpg,0686,.jpg,56472,590,767,RGB,e29f3fb3723063965c39d9c3e15aac3a,b5352f94149e8e1d,data\raw\dataset_B\EALPR Vechicles dataset\Vehicles\0686.jpg
dataset_B,0687.jpg,0687,.jpg,133472,780,960,RGB,1a1fb82d031e80f5b15fc8b96d473029,bbad19f8e4918598,data\raw\dataset_B\EALPR Vechicles dataset\Vehicles\0687.jpg
dataset_B,0688.jpg,0688,.jpg,133545,1080,1351,RGB,0f816a88392527787f60dbebe332ca2f,9b9666339bcc2493,data\raw\dataset_B\EALPR Vechicles dataset\Vehicles\0688.jpg
dataset_B,0689.jpg,0689,.jpg,44098,1080,808,RGB,50b067e3389cba189389b0f715d3fca7,91c16c3ed3653c93,data\raw\dataset_B\EALPR Vechicles dataset\Vehicles\0689.jpg
dataset_B,0690.jpg,0690,.jpg,101389,960,795,RGB,f5c86327784a4bcb186ec6e167153087,bdf47ad2c6c0852a,data\raw\dataset_B\EALPR Vechicles dataset\Vehicles\0690.jpg
dataset_B,0691.jpg,0691,.jpg,64455,960,431,RGB,d15750b069eabc9c1d0f38aed57d629d,837b3ca8372d4b68,data\raw\dataset_B\EALPR Vechicles dataset\Vehicles\0691.jpg
dataset_B,0692.jpg,0692,.jpg,87841,768,960,RGB,180de3ad4b32829c5f705be56eb90fcd,bcb8292fcd613887,data\raw\dataset_B\EALPR Vechicles dataset\Vehicles\0692.jpg
dataset_B,0693.jpg,0693,.jpg,213875,927,960,RGB,aed3b0011d84f1176617f4a0c4ae4468,a649bb36c134ae93,data\raw\dataset_B\EALPR Vechicles dataset\Vehicles\0693.jpg
dataset_B,0694.jpg,0694,.jpg,142737,854,960,RGB,1363fc9941d9a7cef2ba9fde252dfffa,9f7262859c7a6781,data\raw\dataset_B\EALPR Vechicles dataset\Vehicles\0694.jpg
dataset_B,0695.jpg,0695,.jpg,157825,756,945,RGB,d9a6a09243d399470eed46d4a42f34c2,de8ac62794d2279a,data\raw\dataset_B\EALPR Vechicles dataset\Vehicles\0695.jpg
dataset_B,0696.jpg,0696,.jpg,62156,688,585,RGB,842cb5907d70cd4b671df285493bbd05,fdfe72c48512c0c6,data\raw\dataset_B\EALPR Vechicles dataset\Vehicles\0696.jpg
dataset_B,0697.jpg,0697,.jpg,85692,960,720,RGB,4f86e7196f63ceb2b4e6b4833e07af46,aed5a8b7a898d560,data\raw\dataset_B\EALPR Vechicles dataset\Vehicles\0697.jpg
dataset_B,0698.jpg,0698,.jpg,247341,1080,1350,RGB,9ff648c2e80c8af4447b0281e6465b9d,eac2803d6bd3d349,data\raw\dataset_B\EALPR Vechicles dataset\Vehicles\0698.jpg
dataset_B,0699.jpg,0699,.jpg,76636,750,743,RGB,6c2f900c9e39982414610203100e2c5a,bdb4808bc3cacad3,data\raw\dataset_B\EALPR Vechicles dataset\Vehicles\0699.jpg
dataset_B,0700.jpg,0700,.jpg,35320,900,1125,RGB,f4c2ea454020b322445b25b305be36b0,bb26669966669926,data\raw\dataset_B\EALPR Vechicles dataset\Vehicles\0700.jpg
dataset_B,0701.jpg,0701,.jpg,117244,1080,810,RGB,06dedc6b8a0a8d0e8dfa13695455f10f,c1b13edaea4f9260,data\raw\dataset_B\EALPR Vechicles dataset\Vehicles\0701.jpg
dataset_B,0702.jpg,0702,.jpg,129515,742,742,RGB,41a0c702b947f97794307a03f85fffe3,ff8c801fc87b2362,data\raw\dataset_B\EALPR Vechicles dataset\Vehicles\0702.jpg
dataset_B,0703.jpg,0703,.jpg,78158,640,640,RGB,64f6380f433b1cc97187fa13fa1187bc,c3e33e3b888017cf,data\raw\dataset_B\EALPR Vechicles dataset\Vehicles\0703.jpg
dataset_B,0704.jpg,0704,.jpg,102212,726,726,RGB,66ba78a347fb5fce1108babb1a86e48b,fed4a00a957ef520,data\raw\dataset_B\EALPR Vechicles dataset\Vehicles\0704.jpg
dataset_B,0705.jpg,0705,.jpg,99856,1080,606,RGB,24944facc5aaf629c42823e48ea8864e,c53f8328d227d527,data\raw\dataset_B\EALPR Vechicles dataset\Vehicles\0705.jpg
dataset_B,0706.jpg,0706,.jpg,52153,750,750,RGB,f6b7fe2c12bdf3ad8b5ada02db4a3f43,ac3dd5e22a4ad0b5,data\raw\dataset_B\EALPR Vechicles dataset\Vehicles\0706.jpg
dataset_B,0707.jpg,0707,.jpg,50540,750,750,RGB,f1177ba96c21925cd9a8b0d463be8df6,8fa1208f357bdb30,data\raw\dataset_B\EALPR Vechicles dataset\Vehicles\0707.jpg
dataset_B,0708.jpg,0708,.jpg,80471,750,750,RGB,d4d8b481e65bae0a25e2e05b6baf9c0c,fec8f033f03c883c,data\raw\dataset_B\EALPR Vechicles dataset\Vehicles\0708.jpg
dataset_B,0709.jpg,0709,.jpg,182972,1080,1080,RGB,c0058a0a4ead0b7141b5c9e0370e9fcf,b6108f2fc03dde34,data\raw\dataset_B\EALPR Vechicles dataset\Vehicles\0709.jpg
dataset_B,0710.jpg,0710,.jpg,119970,750,750,RGB,7ed5c49d599793c875eff0cee5ae18dd,9b8f37a4b0c049cf,data\raw\dataset_B\EALPR Vechicles dataset\Vehicles\0710.jpg
dataset_B,0711.jpg,0711,.jpg,61403,900,1125,RGB,4b73da6fa06f3f118dad356ab1212269,beb4b48d06179ce4,data\raw\dataset_B\EALPR Vechicles dataset\Vehicles\0711.jpg
dataset_B,0712.jpg,0712,.jpg,85134,750,750,RGB,26ed85bea5e15852248527d7e964f7a9,a145dd9e13c6c876,data\raw\dataset_B\EALPR Vechicles dataset\Vehicles\0712.jpg
dataset_B,0713.jpg,0713,.jpg,80789,750,750,RGB,50bbdae7c761095ce838d4a1189a0d32,a880853d377bda8d,data\raw\dataset_B\EALPR Vechicles dataset\Vehicles\0713.jpg
dataset_B,0714.jpg,0714,.jpg,96038,750,750,RGB,fe5110d76a86900564a4d7efe21f73aa,e8a185228bfbd0fc,data\raw\dataset_B\EALPR Vechicles dataset\Vehicles\0714.jpg
dataset_B,0715.jpg,0715,.jpg,147870,750,742,RGB,6d367805f0eb8f1d7f486c33d917ebc5,df77e015d060ac33,data\raw\dataset_B\EALPR Vechicles dataset\Vehicles\0715.jpg
dataset_B,0716.jpg,0716,.jpg,65842,750,750,RGB,357a87c5be7520c310898215b58af764,ef4ffa30b00485c7,data\raw\dataset_B\EALPR Vechicles dataset\Vehicles\0716.jpg
dataset_B,0717.jpg,0717,.jpg,154587,1034,1293,RGB,b4f524ca0805f0689c6d567afd8a114b,ffb400cbdc3a942c,data\raw\dataset_B\EALPR Vechicles dataset\Vehicles\0717.jpg
dataset_B,0718.jpg,0718,.jpg,88250,750,750,RGB,5b155fb4dfba0a56d7bdff07a9fedac1,fa78a53ec405da92,data\raw\dataset_B\EALPR Vechicles dataset\Vehicles\0718.jpg
dataset_B,0719.jpg,0719,.jpg,150877,750,750,RGB,c83fe19f232651fbbf123552e4a04617,b6698536d0b1f4e4,data\raw\dataset_B\EALPR Vechicles dataset\Vehicles\0719.jpg
dataset_B,0720.jpg,0720,.jpg,55750,727,727,RGB,d6e089c14597ddacf21cf1af5a9b8bf7,8b948b8fb48f170e,data\raw\dataset_B\EALPR Vechicles dataset\Vehicles\0720.jpg
dataset_B,0721.jpg,0721,.jpg,44789,900,1125,RGB,fd6c19276039507ee758ce50f069a1d4,af27b1cc72c8c836,data\raw\dataset_B\EALPR Vechicles dataset\Vehicles\0721.jpg
dataset_B,0722.jpg,0722,.jpg,76104,750,750,RGB,bfc931d999268cfcb51007120a0b649a,96d673f1da2e0605,data\raw\dataset_B\EALPR Vechicles dataset\Vehicles\0722.jpg
dataset_B,0723.jpg,0723,.jpg,95681,750,746,RGB,f51b85e6c131695feb2c73de33a4bd62,85257ec05279f87a,data\raw\dataset_B\EALPR Vechicles dataset\Vehicles\0723.jpg
dataset_B,0724.jpg,0724,.jpg,117101,720,720,RGB,7e42cdc3591334d23f1bf28deaec5bd9,aac8e12fddc484c7,data\raw\dataset_B\EALPR Vechicles dataset\Vehicles\0724.jpg
dataset_B,0725.jpg,0725,.jpg,101055,750,750,RGB,98e2072e0298b359ccdf77755bcc8add,afc681ab8434b9f1,data\raw\dataset_B\EALPR Vechicles dataset\Vehicles\0725.jpg
dataset_B,0726.jpg,0726,.jpg,44325,702,436,RGB,ccc24267acd9c3cfbac07e8aaa9b3cd8,8f85c787cb4b232a,data\raw\dataset_B\EALPR Vechicles dataset\Vehicles\0726.jpg
dataset_B,0727.jpg,0727,.jpg,47933,612,612,RGB,7a2c195024494a89c7c14228a4e8bdf0,adb1514ac2b1adcd,data\raw\dataset_B\EALPR Vechicles dataset\Vehicles\0727.jpg
dataset_B,0728.jpg,0728,.jpg,142804,750,750,RGB,af547f28285cb28dbbafbc36e78dc188,ed2dadfd5982220c,data\raw\dataset_B\EALPR Vechicles dataset\Vehicles\0728.jpg
dataset_B,0729.jpg,0729,.jpg,63493,900,1125,RGB,32fa2d2c06857f8a4ec9f9aa6fd75b11,ee3b39c7340ec231,data\raw\dataset_B\EALPR Vechicles dataset\Vehicles\0729.jpg
dataset_B,0730.jpg,0730,.jpg,120720,900,1125,RGB,ea651105a38a781a7cad199c01429220,fa0ff4629cc66223,data\raw\dataset_B\EALPR Vechicles dataset\Vehicles\0730.jpg
dataset_B,0731.jpg,0731,.jpg,107141,750,750,RGB,cb6525e790a46f4128c10a91137484bd,95d47a3e8d87a10e,data\raw\dataset_B\EALPR Vechicles dataset\Vehicles\0731.jpg
dataset_B,0732.jpg,0732,.jpg,47818,640,640,RGB,fefe650b99a2e857d31abf7876d278c8,dbd0c26bb4b0968b,data\raw\dataset_B\EALPR Vechicles dataset\Vehicles\0732.jpg
dataset_B,0733.jpg,0733,.jpg,106501,750,750,RGB,95a486b955394e69c64d8cac62e49aed,8387c7e967a039e1,data\raw\dataset_B\EALPR Vechicles dataset\Vehicles\0733.jpg
dataset_B,0734.jpg,0734,.jpg,122410,827,801,RGB,69a3234e954fd0c1016d27aa79b44f4a,da912d56f78aa02d,data\raw\dataset_B\EALPR Vechicles dataset\Vehicles\0734.jpg
dataset_B,0735.jpg,0735,.jpg,117933,750,750,RGB,09cfc091ee55f192920f6b20cc078c64,e282e2f0da787dc1,data\raw\dataset_B\EALPR Vechicles dataset\Vehicles\0735.jpg
dataset_B,0736.jpg,0736,.jpg,104249,1080,606,RGB,ad8b242bf3aceda3f4ee4392d3a6aba7,c59fcb38c6324c17,data\raw\dataset_B\EALPR Vechicles dataset\Vehicles\0736.jpg
dataset_B,0737.jpg,0737,.jpg,89135,1080,1080,RGB,c68672aeffbe26be368e80bb29bb1f46,a9fad58309892bad,data\raw\dataset_B\EALPR Vechicles dataset\Vehicles\0737.jpg
dataset_B,0738.jpg,0738,.jpg,78643,1080,1080,RGB,c0736fd3aa9d9aa1ec91243b77ee9672,cd77884fa619864d,data\raw\dataset_B\EALPR Vechicles dataset\Vehicles\0738.jpg
dataset_B,0739.jpg,0739,.jpg,83649,1080,1080,RGB,cc21772d3f32f7a3d446a1be50bac503,c9e252dae29b0b27,data\raw\dataset_B\EALPR Vechicles dataset\Vehicles\0739.jpg
dataset_B,0740.jpg,0740,.jpg,94744,1080,1080,RGB,ce870ecd831f5b77f5523f5c623b075f,c9c9cd3fd221dc11,data\raw\dataset_B\EALPR Vechicles dataset\Vehicles\0740.jpg
dataset_B,0741.jpg,0741,.jpg,113499,1080,1080,RGB,78111283bb0d2ea35e818607448007f5,ab5b9f1b94a58924,data\raw\dataset_B\EALPR Vechicles dataset\Vehicles\0741.jpg
dataset_B,0742.jpg,0742,.jpg,68923,539,539,RGB,8803f2157f5ed5e1a31a97ed0b389e02,c1cf21f03e47c21f,data\raw\dataset_B\EALPR Vechicles dataset\Vehicles\0742.jpg
dataset_B,0743.jpg,0743,.jpg,77189,1080,1080,RGB,9eb2dbc871cac9aa74471957be93bbf4,80493f6f84c1a76f,data\raw\dataset_B\EALPR Vechicles dataset\Vehicles\0743.jpg
dataset_B,0744.jpg,0744,.jpg,74205,1080,1080,RGB,f3c4193aa71ca6a5af5e46916005358b,ffff7e8191050501,data\raw\dataset_B\EALPR Vechicles dataset\Vehicles\0744.jpg
dataset_B,0745.jpg,0745,.jpg,33467,720,720,RGB,bfe6790a65da8ba01dad7556f16056a5,c761e1c662f3c2e1,data\raw\dataset_B\EALPR Vechicles dataset\Vehicles\0745.jpg
dataset_B,0746.jpg,0746,.jpg,93621,1080,1080,RGB,5e04dde2687fc05f6895eb6e3fd454fc,fa837f86857e6005,data\raw\dataset_B\EALPR Vechicles dataset\Vehicles\0746.jpg
dataset_B,0747.jpg,0747,.jpg,108611,750,750,RGB,f67e308f00388d65c174ad8766ba50d3,e11d16e30dd0672f,data\raw\dataset_B\EALPR Vechicles dataset\Vehicles\0747.jpg
dataset_B,0748.jpg,0748,.jpg,72074,640,640,RGB,5dde787ec96ea7c2d38ebbc6525c0ee6,9bfd69c0830a947d,data\raw\dataset_B\EALPR Vechicles dataset\Vehicles\0748.jpg
dataset_B,0749.jpg,0749,.jpg,72611,603,603,RGB,29e4a3924ba352601bb99148427e4661,88d59568a92bde95,data\raw\dataset_B\EALPR Vechicles dataset\Vehicles\0749.jpg
dataset_B,0750.jpg,0750,.jpg,64171,1080,1080,RGB,d8a741a3d96cc19c9aa66dbd69775680,9d666099e6f55c22,data\raw\dataset_B\EALPR Vechicles dataset\Vehicles\0750.jpg
dataset_B,0751.jpg,0751,.jpg,118676,1080,898,RGB,469665d35186da9f2c756f4ccb670426,88e0dffca8a8a72a,data\raw\dataset_B\EALPR Vechicles dataset\Vehicles\0751.jpg
dataset_B,0752.jpg,0752,.jpg,139034,1080,1080,RGB,925ea09a53a5c594d44cf37fe8e5c318,a391b86ec0cc3f8d,data\raw\dataset_B\EALPR Vechicles dataset\Vehicles\0752.jpg
dataset_B,0753.jpg,0753,.jpg,59483,960,960,RGB,d6a4d9a93fc2bb3aefd9d562d3cd3a6c,9c6b639872359d61,data\raw\dataset_B\EALPR Vechicles dataset\Vehicles\0753.jpg
dataset_B,0754.jpg,0754,.jpg,77268,1080,1080,RGB,260aca7011e6612609bd6cdc5cf23f00,d8db87486943d17a,data\raw\dataset_B\EALPR Vechicles dataset\Vehicles\0754.jpg
dataset_B,0755.jpg,0755,.jpg,148070,1080,1080,RGB,56cc1778858e7ae32975f6b950d80411,efe07cdcc043194d,data\raw\dataset_B\EALPR Vechicles dataset\Vehicles\0755.jpg
dataset_B,0756.jpg,0756,.jpg,95780,960,960,RGB,c6a19f2dffbe546ad073593e249ace48,aea8a855879d394d,data\raw\dataset_B\EALPR Vechicles dataset\Vehicles\0756.jpg
dataset_B,0757.jpg,0757,.jpg,75244,900,1125,RGB,fa6b393191b0ba129865b543b8f045c8,eb3ad02fc93034c7,data\raw\dataset_B\EALPR Vechicles dataset\Vehicles\0757.jpg
dataset_B,0758.jpg,0758,.jpg,82096,819,819,RGB,e272dd537a44334d64e3e403d64087af,bf1ed2946d6c6830,data\raw\dataset_B\EALPR Vechicles dataset\Vehicles\0758.jpg
dataset_B,0759.jpg,0759,.jpg,171152,1000,1000,RGB,8cbc1625a2f3520fe826e9950c3693d4,e38bbfdd90306270,data\raw\dataset_B\EALPR Vechicles dataset\Vehicles\0759.jpg
dataset_B,0760.jpg,0760,.jpg,116269,1080,1080,RGB,114f3dadf76f56ec72a70a101c20f4e7,bf1e902dcb9ab284,data\raw\dataset_B\EALPR Vechicles dataset\Vehicles\0760.jpg
dataset_B,0761.jpg,0761,.jpg,70062,612,602,RGB,edc1571901c04b2ea3cdcbbb32c2704b,eee05047b58e95b4,data\raw\dataset_B\EALPR Vechicles dataset\Vehicles\0761.jpg
dataset_B,0762.jpg,0762,.jpg,60140,612,602,RGB,13e9288f621dd3f97653b529a1ee86af,eac4bc92c121bbe3,data\raw\dataset_B\EALPR Vechicles dataset\Vehicles\0762.jpg
dataset_B,0763.jpg,0763,.jpg,99830,1079,565,RGB,e86e5113d789cdde28a9bfd6c94857bb,acad77134e8a24d3,data\raw\dataset_B\EALPR Vechicles dataset\Vehicles\0763.jpg
dataset_B,0764.jpg,0764,.jpg,31370,612,612,RGB,68e0a3d7bdb5b1bf0426cb5975092610,cef131468731f8c6,data\raw\dataset_B\EALPR Vechicles dataset\Vehicles\0764.jpg
dataset_B,0765.jpg,0765,.jpg,26934,750,418,RGB,8d2be72853447fe0a0fb3cafb5cfd2d7,9e0d7312cc6d7299,data\raw\dataset_B\EALPR Vechicles dataset\Vehicles\0765.jpg
dataset_B,0766.jpg,0766,.jpg,86187,838,838,RGB,301f75216e72d03d0db74ec6a2abf962,93922b61d4fe6465,data\raw\dataset_B\EALPR Vechicles dataset\Vehicles\0766.jpg
dataset_B,0767.jpg,0767,.jpg,103366,1080,1080,RGB,2db1f07b85a9febe97cdb2c50a4e862d,da72079274cd9674,data\raw\dataset_B\EALPR Vechicles dataset\Vehicles\0767.jpg
dataset_B,0768.jpg,0768,.jpg,92051,640,799,RGB,6fc9878771081106fb2730b9101ed991,c5429b2b176639dc,data\raw\dataset_B\EALPR Vechicles dataset\Vehicles\0768.jpg
dataset_B,0769.jpg,0769,.jpg,110060,960,720,RGB,5b3c30aa6e5d81d8bc0321489a942030,c0c27dd4d4cacb4d,data\raw\dataset_B\EALPR Vechicles dataset\Vehicles\0769.jpg
dataset_B,0770.jpg,0770,.jpg,141091,750,750,RGB,f404e2df14e7e3f9c3e29922af876487,ec46d029c3c10fdf,data\raw\dataset_B\EALPR Vechicles dataset\Vehicles\0770.jpg
dataset_B,0771.jpg,0771,.jpg,96336,750,750,RGB,e512c71e66771eeec50e94bbf871a3fc,8b87c76967e079c0,data\raw\dataset_B\EALPR Vechicles dataset\Vehicles\0771.jpg
dataset_B,0772.jpg,0772,.jpg,55139,640,640,RGB,d6df4d673e3620857ed1b42a43847129,8877638cd533cc33,data\raw\dataset_B\EALPR Vechicles dataset\Vehicles\0772.jpg
dataset_B,0773.jpg,0773,.jpg,147118,750,742,RGB,beb9d3fcf8ce173fa2c1ef5c78c458b7,9f77e015d160ac33,data\raw\dataset_B\EALPR Vechicles dataset\Vehicles\0773.jpg
dataset_B,0774.jpg,0774,.jpg,73281,720,720,RGB,0d9c68e2a55cbc250bff208ab736ffa7,d0583d6da05d8fc3,data\raw\dataset_B\EALPR Vechicles dataset\Vehicles\0774.jpg
dataset_B,0775.jpg,0775,.jpg,43781,584,584,RGB,824e62d4bda8cf887ff739f59867c453,dda622c932d31da6,data\raw\dataset_B\EALPR Vechicles dataset\Vehicles\0775.jpg
dataset_B,0776.jpg,0776,.jpg,66990,900,1125,RGB,88fba9044bdcd5ab426fe8a4c7da04d9,eb3e6398682fa690,data\raw\dataset_B\EALPR Vechicles dataset\Vehicles\0776.jpg
dataset_B,0777.jpg,0777,.jpg,95666,750,750,RGB,06444a2589d297e082b807edcfa163c1,95c47a6cb5cea10e,data\raw\dataset_B\EALPR Vechicles dataset\Vehicles\0777.jpg
dataset_B,0778.jpg,0778,.jpg,83149,640,799,RGB,d4fc67af391ba59b4d06ffd2e0e6fa29,e0c8afdf9430b84d,data\raw\dataset_B\EALPR Vechicles dataset\Vehicles\0778.jpg
dataset_B,0779.jpg,0779,.jpg,93966,736,736,RGB,6a8398aa8874ff76e4c3761b351f6781,a8c1f16a88ef31e5,data\raw\dataset_B\EALPR Vechicles dataset\Vehicles\0779.jpg
dataset_B,0780.jpg,0780,.jpg,128138,750,750,RGB,bb272c4ad1d73b07722f1eba8cde2b92,cc91eb2f7030ca9b,data\raw\dataset_B\EALPR Vechicles dataset\Vehicles\0780.jpg
dataset_B,0781.jpg,0781,.jpg,48759,612,612,RGB,2ff803c6b9547227da941af606e9fbeb,adb1514ac2b1adcd,data\raw\dataset_B\EALPR Vechicles dataset\Vehicles\0781.jpg
dataset_B,0782.jpg,0782,.jpg,98079,1080,1080,RGB,509c8d956908160fb94c50f3f5767b97,d5d6c26834c29bc7,data\raw\dataset_B\EALPR Vechicles dataset\Vehicles\0782.jpg
dataset_B,0783.jpg,0783,.jpg,73453,720,720,RGB,70ac533e331c87c8fc3073122fd2c062,f8988dedd4f480aa,data\raw\dataset_B\EALPR Vechicles dataset\Vehicles\0783.jpg
dataset_B,0784.jpg,0784,.jpg,93161,750,750,RGB,58218fb3b5036a79804d40c142d0efe0,adc681a784e4b9f1,data\raw\dataset_B\EALPR Vechicles dataset\Vehicles\0784.jpg
dataset_B,0785.jpg,0785,.jpg,203310,1032,1290,RGB,1560b182a4bfed9f7078349d5c8c9a79,c9d9497d8cc61fc0,data\raw\dataset_B\EALPR Vechicles dataset\Vehicles\0785.jpg
dataset_B,0786.jpg,0786,.jpg,72340,720,720,RGB,3ca79d20fe8e4ce9eb35dc6d43cd67d9,fadaddc908e20764,data\raw\dataset_B\EALPR Vechicles dataset\Vehicles\0786.jpg
dataset_B,0787.jpg,0787,.jpg,72594,900,1125,RGB,10381945d5bc9f2e7ae92ea900cb53c9,bb99959692923333,data\raw\dataset_B\EALPR Vechicles dataset\Vehicles\0787.jpg
dataset_B,0788.jpg,0788,.jpg,52116,720,640,RGB,148fa18d6ecfdfea7984af9380845b05,c1d81f4a61b89b37,data\raw\dataset_B\EALPR Vechicles dataset\Vehicles\0788.jpg
dataset_B,0789.jpg,0789,.jpg,79950,640,640,RGB,36745ec3f6aa05fc1328a2eed9cc70e3,be65954ed26a084f,data\raw\dataset_B\EALPR Vechicles dataset\Vehicles\0789.jpg
dataset_B,0790.jpg,0790,.jpg,94669,640,640,RGB,9ac37862d4480b02bb95ede3c68015d3,c090573f4aaa7d2b,data\raw\dataset_B\EALPR Vechicles dataset\Vehicles\0790.jpg
dataset_B,0791.jpg,0791,.jpg,115209,640,640,RGB,54e6b088b377814e9da4b5254d3b5d44,c4d5bbca423a2e87,data\raw\dataset_B\EALPR Vechicles dataset\Vehicles\0791.jpg
dataset_B,0792.jpg,0792,.jpg,100938,640,640,RGB,3e6e2f04759b430b1acc230be038328c,9961a659d4375a1e,data\raw\dataset_B\EALPR Vechicles dataset\Vehicles\0792.jpg
dataset_B,0793.jpg,0793,.jpg,110913,640,640,RGB,5330a5de666213dab013e9bfea822b8d,d474bc3c4ed26632,data\raw\dataset_B\EALPR Vechicles dataset\Vehicles\0793.jpg
dataset_B,0794.jpg,0794,.jpg,72048,640,640,RGB,d2de1028c5469aff24205c82d1e0cd1b,be90493f843b5d2c,data\raw\dataset_B\EALPR Vechicles dataset\Vehicles\0794.jpg
dataset_B,0795.jpg,0795,.jpg,58855,640,640,RGB,374291951c60bc2863ffdca79caea531,aa92536f14330fcd,data\raw\dataset_B\EALPR Vechicles dataset\Vehicles\0795.jpg
dataset_B,0796.jpg,0796,.jpg,118888,1080,1350,RGB,23d7f919d698177fb1977e97386a2233,85416a7e9c6d29f1,data\raw\dataset_B\EALPR Vechicles dataset\Vehicles\0796.jpg
dataset_B,0797.jpg,0797,.jpg,40262,552,552,RGB,c0d39ec696b004d4d336869ab2143dc1,ea69c1569e8ca2e3,data\raw\dataset_B\EALPR Vechicles dataset\Vehicles\0797.jpg
dataset_B,0798.jpg,0798,.jpg,87495,640,640,RGB,ac9e6520640d25ba606e2daf8b236416,e9641286cd5dfa61,data\raw\dataset_B\EALPR Vechicles dataset\Vehicles\0798.jpg
dataset_B,0799.jpg,0799,.jpg,103833,1080,720,RGB,ae35f8ae9adbf982ce3807ffbc9e2f36,ea84643f312bf670,data\raw\dataset_B\EALPR Vechicles dataset\Vehicles\0799.jpg
dataset_B,0800.jpg,0800,.jpg,77843,640,640,RGB,d9cddbfef049356bb6e97997a33a58ca,fcdb5bb2480d170c,data\raw\dataset_B\EALPR Vechicles dataset\Vehicles\0800.jpg
dataset_B,0801.jpg,0801,.jpg,55928,750,566,RGB,e5d25c65de5f2a6319c2750105fc2c98,f8b1f9290539d8f0,data\raw\dataset_B\EALPR Vechicles dataset\Vehicles\0801.jpg
dataset_B,0802.jpg,0802,.jpg,82537,640,640,RGB,2e9f716b856de2a206f1ee679edc7a36,919595e0ce3d3996,data\raw\dataset_B\EALPR Vechicles dataset\Vehicles\0802.jpg
dataset_B,0803.jpg,0803,.jpg,72398,1080,1080,RGB,869012008ebb7ae6ea8171b9d3e1699c,a197cf69c0611f9c,data\raw\dataset_B\EALPR Vechicles dataset\Vehicles\0803.jpg
dataset_B,0804.jpg,0804,.jpg,116850,1080,1080,RGB,c290ea60beb9d2b09bf2b8b5a84f830e,8ec2a3a3cf7c3033,data\raw\dataset_B\EALPR Vechicles dataset\Vehicles\0804.jpg
dataset_B,0805.jpg,0805,.jpg,91614,750,483,RGB,728e8f6b94ac3a802d5f47b63a098871,eca0bd168c8c369f,data\raw\dataset_B\EALPR Vechicles dataset\Vehicles\0805.jpg
dataset_B,0806.jpg,0806,.jpg,101324,742,738,RGB,d848736b893a0ee9c48b2dddf48dad2b,9eb292a8f8cd85e1,data\raw\dataset_B\EALPR Vechicles dataset\Vehicles\0806.jpg
dataset_B,0807.jpg,0807,.jpg,109788,743,743,RGB,5de3acc5740c6755fe5a898749faba7e,bff490cb83cc824b,data\raw\dataset_B\EALPR Vechicles dataset\Vehicles\0807.jpg
dataset_B,0808.jpg,0808,.jpg,109814,1080,720,RGB,e7141173b2f54e19b72e91570d4627e2,aaea63d150c2f363,data\raw\dataset_B\EALPR Vechicles dataset\Vehicles\0808.jpg
dataset_B,0809.jpg,0809,.jpg,152197,750,750,RGB,1be87cecb5bff42e4c7e5505180b861c,a4a7cfa56c834339,data\raw\dataset_B\EALPR Vechicles dataset\Vehicles\0809.jpg
dataset_B,0810.jpg,0810,.jpg,133074,929,1162,RGB,c43c2922aad8430cb83ebcc69e5e8513,e8a0d75ab83734d1,data\raw\dataset_B\EALPR Vechicles dataset\Vehicles\0810.jpg
dataset_B,0811.jpg,0811,.jpg,370945,1080,1080,RGB,8a48559a940be784baf53fe993d3519a,a1d1df1fa264261e,data\raw\dataset_B\EALPR Vechicles dataset\Vehicles\0811.jpg
dataset_B,0812.jpg,0812,.jpg,365356,1080,1080,RGB,4de237d852bcf5db4ce5f9942818a952,f1b0d25a1c3c2e6e,data\raw\dataset_B\EALPR Vechicles dataset\Vehicles\0812.jpg
dataset_B,0813.jpg,0813,.jpg,62288,750,740,RGB,35fde1c8ba041dc4f277e982f78dd61d,b6a1818f94f4ee83,data\raw\dataset_B\EALPR Vechicles dataset\Vehicles\0813.jpg
dataset_B,0814.jpg,0814,.jpg,92791,640,640,RGB,53c0397fbaf04b1295acbc4d76c05dcc,b283946f54c46f93,data\raw\dataset_B\EALPR Vechicles dataset\Vehicles\0814.jpg
dataset_B,0815.jpg,0815,.jpg,88033,1080,721,RGB,63a4fb85e4322afceea716e6a049c818,b9d577be10988aa2,data\raw\dataset_B\EALPR Vechicles dataset\Vehicles\0815.jpg
dataset_B,0816.jpg,0816,.jpg,77903,960,720,RGB,b2c1bac869fc16a563e11d2cac4fb8c0,ecc3cdc9d07acd80,data\raw\dataset_B\EALPR Vechicles dataset\Vehicles\0816.jpg
dataset_B,0817.jpg,0817,.jpg,59367,720,720,RGB,bee885804e55baf1ecc705942eba098c,8a858f9f9eb41a2a,data\raw\dataset_B\EALPR Vechicles dataset\Vehicles\0817.jpg
dataset_B,0818.jpg,0818,.jpg,100471,750,750,RGB,cb47283de2a647fd88c7d278b31adb99,d0d39a892cecdb52,data\raw\dataset_B\EALPR Vechicles dataset\Vehicles\0818.jpg
dataset_B,0819.jpg,0819,.jpg,117853,1080,809,RGB,dbdddbe0f24aab2016190b963662f088,c8db9726443b29d6,data\raw\dataset_B\EALPR Vechicles dataset\Vehicles\0819.jpg
dataset_B,0820.jpg,0820,.jpg,106869,750,599,RGB,6fe99ca95c3d82dc3c99d9421ea0ed9c,b8e8636a870fdcc4,data\raw\dataset_B\EALPR Vechicles dataset\Vehicles\0820.jpg
dataset_B,0821.jpg,0821,.jpg,68379,1080,1080,RGB,c9ef105ba80dd4e28dc6738705c59508,aeae3a02868796f5,data\raw\dataset_B\EALPR Vechicles dataset\Vehicles\0821.jpg
dataset_B,0822.jpg,0822,.jpg,74187,720,696,RGB,6befe2e67e600dd32fa4ca78ad76e67d,e4c0f3cedce4a189,data\raw\dataset_B\EALPR Vechicles dataset\Vehicles\0822.jpg
dataset_B,0823.jpg,0823,.jpg,88203,726,726,RGB,00f9393c38a56344f697347356eda19d,fed4a02a953ef520,data\raw\dataset_B\EALPR Vechicles dataset\Vehicles\0823.jpg
dataset_B,0824.jpg,0824,.jpg,116592,742,742,RGB,68041a0cc4bc52ab5215d4facb4ae44a,ff878017483b6b62,data\raw\dataset_B\EALPR Vechicles dataset\Vehicles\0824.jpg
dataset_B,0825.jpg,0825,.jpg,111074,749,749,RGB,6816380d9d2eadfb55fe3098267f3ddd,fc8f8f1e90914963,data\raw\dataset_B\EALPR Vechicles dataset\Vehicles\0825.jpg
dataset_B,0826.jpg,0826,.jpg,57104,510,510,RGB,26bda48b9c886a9c6b52e01a4bb4e965,c3e33e3b889007cf,data\raw\dataset_B\EALPR Vechicles dataset\Vehicles\0826.jpg
dataset_B,0827.jpg,0827,.jpg,121844,1080,810,RGB,fbb18e8d177fe43480d03387cf9a4004,c3b17e9aea0f9230,data\raw\dataset_B\EALPR Vechicles dataset\Vehicles\0827.jpg
dataset_B,0828.jpg,0828,.jpg,44742,428,428,RGB,bcd36d46d0e246d9edfe62f878e3f2d6,edc0ab3e3271c0cd,data\raw\dataset_B\EALPR Vechicles dataset\Vehicles\0828.jpg
dataset_B,0829.jpg,0829,.jpg,127217,1080,1350,RGB,ed8fa383053f2e1897dbc7120952798a,c1826a7dc65e652e,data\raw\dataset_B\EALPR Vechicles dataset\Vehicles\0829.jpg
dataset_B,0830.jpg,0830,.jpg,71998,720,720,RGB,4a83e55d28444ff7706984ce28183ad3,ebe185798fc8928a,data\raw\dataset_B\EALPR Vechicles dataset\Vehicles\0830.jpg
dataset_B,0831.jpg,0831,.jpg,82392,750,750,RGB,925895570a53f4de78b9f803e0d470b7,fe88f033f03c88bc,data\raw\dataset_B\EALPR Vechicles dataset\Vehicles\0831.jpg
dataset_B,0832.jpg,0832,.jpg,33710,612,612,RGB,7f50d12c76bc93af7ba2dde9b743235d,c619e10fc739e60e,data\raw\dataset_B\EALPR Vechicles dataset\Vehicles\0832.jpg
dataset_B,0833.jpg,0833,.jpg,75314,1080,1080,RGB,ab64a978cd0e3a1a2ebce18058e4b951,bdbd357741504247,data\raw\dataset_B\EALPR Vechicles dataset\Vehicles\0833.jpg
dataset_B,0834.jpg,0834,.jpg,173151,1080,994,RGB,6b8cd2151875bf50a8c1328e9ae92b67,a2a5bcbcc3c9d81a,data\raw\dataset_B\EALPR Vechicles dataset\Vehicles\0834.jpg
dataset_B,0835.jpg,0835,.jpg,114808,800,1000,RGB,4fa1a90aa7efe8eb9c9865a0fa021ce9,d758292f95c9c2a5,data\raw\dataset_B\EALPR Vechicles dataset\Vehicles\0835.jpg
dataset_B,0836.jpg,0836,.jpg,102923,1080,649,RGB,8567eb58fd9308b17941d28bda9cdae4,9a9c67438ca56d27,data\raw\dataset_B\EALPR Vechicles dataset\Vehicles\0836.jpg
dataset_B,0837.jpg,0837,.jpg,75069,1080,1080,RGB,dfbbd56661e0d1ca5b1cc58eb7b06bc5,c7c762949b6b2698,data\raw\dataset_B\EALPR Vechicles dataset\Vehicles\0837.jpg
dataset_B,0838.jpg,0838,.jpg,141137,1032,1290,RGB,bba0bf513edafdab5173c9c37e04e310,fafc858781ca2ae4,data\raw\dataset_B\EALPR Vechicles dataset\Vehicles\0838.jpg
dataset_B,0839.jpg,0839,.jpg,94536,844,1055,RGB,967407579ce1b621ef2886a2713e5cef,ef809e5e4121ac7e,data\raw\dataset_B\EALPR Vechicles dataset\Vehicles\0839.jpg
dataset_B,0840.jpg,0840,.jpg,104599,1080,810,RGB,84b0b052a91959c507bf8e96cf42fd60,e8f8d10e5730ca1f,data\raw\dataset_B\EALPR Vechicles dataset\Vehicles\0840.jpg
dataset_B,0841.jpg,0841,.jpg,57629,1080,903,RGB,fc36bfbcef78ee088a2be98594d7d67c,9669689669db9329,data\raw\dataset_B\EALPR Vechicles dataset\Vehicles\0841.jpg
dataset_B,0842.jpg,0842,.jpg,85998,1080,1080,RGB,6875322fc4bc3b12a4fd20fa427f097f,be97816b2ee52584,data\raw\dataset_B\EALPR Vechicles dataset\Vehicles\0842.jpg
dataset_B,0843.jpg,0843,.jpg,94401,800,1000,RGB,ad377a10196b2ed58279f542220cd30c,c0832f7ed0c79636,data\raw\dataset_B\EALPR Vechicles dataset\Vehicles\0843.jpg
dataset_B,0844.jpg,0844,.jpg,93598,1080,1080,RGB,ae9896441fee7fdd960b1fc9e2b1daeb,80a07b7fc744d17a,data\raw\dataset_B\EALPR Vechicles dataset\Vehicles\0844.jpg
dataset_B,0845.jpg,0845,.jpg,84593,1080,890,RGB,dc432ebbdab2c0af329700fc12ed6cd3,baaa27c140c7e7c5,data\raw\dataset_B\EALPR Vechicles dataset\Vehicles\0845.jpg
dataset_B,0846.jpg,0846,.jpg,111589,1080,1080,RGB,f273467edbe7c4c5582d995b3f441e0d,c5c4587cb4ba9596,data\raw\dataset_B\EALPR Vechicles dataset\Vehicles\0846.jpg
dataset_B,0847.jpg,0847,.jpg,107651,1080,1080,RGB,151f6ed3778769b31da3293d4312c880,bdb7daf08303c0ca,data\raw\dataset_B\EALPR Vechicles dataset\Vehicles\0847.jpg
dataset_B,0848.jpg,0848,.jpg,51570,1080,975,RGB,2063a350227bc5c91aa0c90ee34ab9c9,afd0647b5a52d22c,data\raw\dataset_B\EALPR Vechicles dataset\Vehicles\0848.jpg
dataset_B,0849.jpg,0849,.jpg,80032,750,750,RGB,b4580c44071076d6392c3eb0e3502bf8,fdd58078c0c38fc5,data\raw\dataset_B\EALPR Vechicles dataset\Vehicles\0849.jpg
dataset_B,0850.jpg,0850,.jpg,117881,937,1171,RGB,0f33ae4c4b1eb3a7d4a91460637e7b11,cfc4b3c1d4ec80bc,data\raw\dataset_B\EALPR Vechicles dataset\Vehicles\0850.jpg
dataset_B,0851.jpg,0851,.jpg,137701,900,1125,RGB,8c8398a30ddf0e4bdf284fc5351b5ed0,8ac6a61cb86767d2,data\raw\dataset_B\EALPR Vechicles dataset\Vehicles\0851.jpg
dataset_B,0852.jpg,0852,.jpg,97909,1080,1074,RGB,837abed4633848963c94b6578f9b0662,818b075939269fdb,data\raw\dataset_B\EALPR Vechicles dataset\Vehicles\0852.jpg
dataset_B,0853.jpg,0853,.jpg,102175,750,750,RGB,563ab905413afb563ef0043fb4175a72,b46082a3addbc2ee,data\raw\dataset_B\EALPR Vechicles dataset\Vehicles\0853.jpg
dataset_B,0854.jpg,0854,.jpg,97979,1080,807,RGB,deb62607272df3dc6367d46b22bdb9a2,ec217a5ed1e4223b,data\raw\dataset_B\EALPR Vechicles dataset\Vehicles\0854.jpg
dataset_B,0855.jpg,0855,.jpg,160986,1080,1350,RGB,246cff107566cb74649ff5e6997db4f7,bd948acb8490dbe6,data\raw\dataset_B\EALPR Vechicles dataset\Vehicles\0855.jpg
dataset_B,0856.jpg,0856,.jpg,129593,1080,1080,RGB,2d5e79ba9cda7ae11e4be87b66694d43,bf639044f5ff0b00,data\raw\dataset_B\EALPR Vechicles dataset\Vehicles\0856.jpg
dataset_B,0857.jpg,0857,.jpg,94609,1080,1080,RGB,e490ffe74b15ef72b7ead8c435f276f4,eacbd1158c52d2e9,data\raw\dataset_B\EALPR Vechicles dataset\Vehicles\0857.jpg
dataset_B,0858.jpg,0858,.jpg,81314,1080,1080,RGB,466853c996ac7f2161c596edfaa1e583,ce708e33c338739c,data\raw\dataset_B\EALPR Vechicles dataset\Vehicles\0858.jpg
dataset_B,0859.jpg,0859,.jpg,81651,1080,1080,RGB,114fee2b2cd7c6895a980120f2cba20f,85387a97e3e0167a,data\raw\dataset_B\EALPR Vechicles dataset\Vehicles\0859.jpg
dataset_B,0860.jpg,0860,.jpg,79578,1080,810,RGB,d6b341007a33542a790d3ed815add1d1,94756b793f0e12e0,data\raw\dataset_B\EALPR Vechicles dataset\Vehicles\0860.jpg
dataset_B,0861.jpg,0861,.jpg,105693,1080,1080,RGB,72515ec7dff6a2189a89c20ab5bb75c2,c53a17c0ff023ba5,data\raw\dataset_B\EALPR Vechicles dataset\Vehicles\0861.jpg
dataset_B,0862.jpg,0862,.jpg,52148,1080,840,RGB,163118d4a4582defb778d03186577b09,81eb7ec48e9b903c,data\raw\dataset_B\EALPR Vechicles dataset\Vehicles\0862.jpg
dataset_B,0863.jpg,0863,.jpg,156622,810,810,RGB,1966c367b0de6725c5bfda9e30321604,f861c549dac2d8b5,data\raw\dataset_B\EALPR Vechicles dataset\Vehicles\0863.jpg
dataset_B,0864.jpg,0864,.jpg,72325,640,640,RGB,c2c74078c45b956a052123ab640ea347,ed84d25b8da8bc62,data\raw\dataset_B\EALPR Vechicles dataset\Vehicles\0864.jpg
dataset_B,0865.jpg,0865,.jpg,123457,765,956,RGB,2c9f397212e1f54313e9109a1a170b2d,efc7d42aaa258546,data\raw\dataset_B\EALPR Vechicles dataset\Vehicles\0865.jpg
dataset_B,0866.jpg,0866,.jpg,132373,1080,1080,RGB,ee1635c95b0f9c7c8b679314ac751121,e2edc06a902f8fb8,data\raw\dataset_B\EALPR Vechicles dataset\Vehicles\0866.jpg
dataset_B,0867.jpg,0867,.jpg,76481,1080,608,RGB,92fdfce601e99ebf320a146cb4e8c6c4,a387c5642377658d,data\raw\dataset_B\EALPR Vechicles dataset\Vehicles\0867.jpg
dataset_B,0868.jpg,0868,.jpg,104840,1080,880,RGB,b85af960e8dc0b7d0ea5011ae3254931,af84a695c83c20ff,data\raw\dataset_B\EALPR Vechicles dataset\Vehicles\0868.jpg
dataset_B,0869.jpg,0869,.jpg,76582,750,750,RGB,49141ce7cefcb7cf4f2560d94c8e779f,96d673f1de2e0601,data\raw\dataset_B\EALPR Vechicles dataset\Vehicles\0869.jpg
dataset_B,0870.jpg,0870,.jpg,53953,572,572,RGB,b964c6b65624d659d9faeba1864bf20b,bf95901a8a08fc7d,data\raw\dataset_B\EALPR Vechicles dataset\Vehicles\0870.jpg
dataset_B,0871.jpg,0871,.jpg,92849,1080,841,RGB,36adc0f42c20731d320e4ebeb5f2a5dd,ccd5335dacb3620c,data\raw\dataset_B\EALPR Vechicles dataset\Vehicles\0871.jpg
dataset_B,0872.jpg,0872,.jpg,237820,1080,1350,RGB,5684996f226878887d67cdd8bfd42bcc,c56ddc27da32624a,data\raw\dataset_B\EALPR Vechicles dataset\Vehicles\0872.jpg
dataset_B,0873.jpg,0873,.jpg,78266,1080,608,RGB,45c26d40280a1eb7aa092df84fb8429e,ea80e3decab294ac,data\raw\dataset_B\EALPR Vechicles dataset\Vehicles\0873.jpg
dataset_B,0874.jpg,0874,.jpg,118723,765,956,RGB,36f47022f3c48ac95d4d3d9b59280094,b8d0d0be96b43c36,data\raw\dataset_B\EALPR Vechicles dataset\Vehicles\0874.jpg
dataset_B,0875.jpg,0875,.jpg,110443,1080,920,RGB,d1a568e326b8eca759b20e4c26ee74b3,fb80d09dd196a8b9,data\raw\dataset_B\EALPR Vechicles dataset\Vehicles\0875.jpg
dataset_B,0876.jpg,0876,.jpg,70479,1080,830,RGB,c14d06d914680d7b9e9b32d11444ba05,857a7a857e95a01e,data\raw\dataset_B\EALPR Vechicles dataset\Vehicles\0876.jpg
dataset_B,0877.jpg,0877,.jpg,117564,1080,986,RGB,acfc4ec5219e6935c8ee0e0ba396d17b,abb55142b39f2b21,data\raw\dataset_B\EALPR Vechicles dataset\Vehicles\0877.jpg
dataset_B,0878.jpg,0878,.jpg,94872,599,599,RGB,a1c0c58acda292a6727b7e26d59eeb10,fae18170f027bb98,data\raw\dataset_B\EALPR Vechicles dataset\Vehicles\0878.jpg
dataset_B,0879.jpg,0879,.jpg,95970,1080,1080,RGB,79abf9276190774814c11160d3a70c4f,bffda0c8c9829585,data\raw\dataset_B\EALPR Vechicles dataset\Vehicles\0879.jpg
dataset_B,0880.jpg,0880,.jpg,113399,1080,1080,RGB,b58aab4089c7d97cfcb92edceb4eb73c,bdfdb04a6af08d80,data\raw\dataset_B\EALPR Vechicles dataset\Vehicles\0880.jpg
dataset_B,0881.jpg,0881,.jpg,87189,1080,1080,RGB,1d8b774d92dffd27732205e5befcded0,eb93979794303c0d,data\raw\dataset_B\EALPR Vechicles dataset\Vehicles\0881.jpg
dataset_B,0882.jpg,0882,.jpg,87512,780,780,RGB,a0d3f2988b21046befac7aa672ca5548,e8e932d2c30de726,data\raw\dataset_B\EALPR Vechicles dataset\Vehicles\0882.jpg
dataset_B,0883.jpg,0883,.jpg,124907,1080,1080,RGB,e1c12e92f8b631fe631cc3e4c5faeeb1,bf8d85c033e03e39,data\raw\dataset_B\EALPR Vechicles dataset\Vehicles\0883.jpg
dataset_B,0884.jpg,0884,.jpg,149581,1080,1080,RGB,b243485663f62af18958944d13c0abbe,ebd0d47ad07fc600,data\raw\dataset_B\EALPR Vechicles dataset\Vehicles\0884.jpg
dataset_B,0885.jpg,0885,.jpg,90576,1080,1080,RGB,bd2b9ac7dc2e9d66b44ff4316a88648d,d899e36687d89d03,data\raw\dataset_B\EALPR Vechicles dataset\Vehicles\0885.jpg
dataset_B,0886.jpg,0886,.jpg,142677,1080,1080,RGB,7eeb7995b11f2271e4228a77eaae1861,a0b0ba7e85d1d58d,data\raw\dataset_B\EALPR Vechicles dataset\Vehicles\0886.jpg
dataset_B,0887.jpg,0887,.jpg,274548,1080,1080,RGB,c939a00fc7cde09f9314a37e15413110,a1a1e06263a56f9f,data\raw\dataset_B\EALPR Vechicles dataset\Vehicles\0887.jpg
dataset_B,0888.jpg,0888,.jpg,50695,1080,1080,RGB,cc33cfe55a7c988c9bd17b0ccf32b7d0,b9693c92d3693c86,data\raw\dataset_B\EALPR Vechicles dataset\Vehicles\0888.jpg
dataset_B,0889.jpg,0889,.jpg,68550,1080,1080,RGB,65b75eadeaf3a1abb2c27d8b38894cf6,be6a2b946e38c51c,data\raw\dataset_B\EALPR Vechicles dataset\Vehicles\0889.jpg
dataset_B,0890.jpg,0890,.jpg,61818,1080,1080,RGB,d7076bdc435a9fe841f9a54682b5091d,bfbfefd5d0428000,data\raw\dataset_B\EALPR Vechicles dataset\Vehicles\0890.jpg
dataset_B,0891.jpg,0891,.jpg,74256,844,1055,RGB,a349a1e02e0a28173dc710d4f6dd6039,9ad6777790989826,data\raw\dataset_B\EALPR Vechicles dataset\Vehicles\0891.jpg
dataset_B,0892.jpg,0892,.jpg,54996,575,575,RGB,abe4213725c96909974c3e047bd66066,bbf0688697426ba9,data\raw\dataset_B\EALPR Vechicles dataset\Vehicles\0892.jpg
dataset_B,0893.jpg,0893,.jpg,96587,1080,1080,RGB,92c15ee9687b1f0e0aab82306d24cf7e,fb12886fc32c0ee6,data\raw\dataset_B\EALPR Vechicles dataset\Vehicles\0893.jpg
dataset_B,0894.jpg,0894,.jpg,41780,1080,616,RGB,8a37c77b29e9f25ebec31da5ee0401c3,cbce1207e5d94a78,data\raw\dataset_B\EALPR Vechicles dataset\Vehicles\0894.jpg
dataset_B,0895.jpg,0895,.jpg,66065,1080,608,RGB,307a8a57edf7490b5c65dd194f756039,b492937d94b0dec8,data\raw\dataset_B\EALPR Vechicles dataset\Vehicles\0895.jpg
dataset_B,0896.jpg,0896,.jpg,146622,1080,1080,RGB,93c5f8a74fdb3603145fcb7f8fde959d,ff81a07f71608d16,data\raw\dataset_B\EALPR Vechicles dataset\Vehicles\0896.jpg
dataset_B,0897.jpg,0897,.jpg,104868,679,720,RGB,be11d8891d3c50566c7b8ce9d78fc3a2,fbfa6069c0e53314,data\raw\dataset_B\EALPR Vechicles dataset\Vehicles\0897.jpg
dataset_B,0898.jpg,0898,.jpg,70747,1080,1080,RGB,2edaf15e98133fb4450ed302ef76fd6c,ece07242d69f0727,data\raw\dataset_B\EALPR Vechicles dataset\Vehicles\0898.jpg
dataset_B,0899.jpg,0899,.jpg,44296,1080,606,RGB,2a76a3dd31a1c919e2842879e960473d,e9e5f49c36141b16,data\raw\dataset_B\EALPR Vechicles dataset\Vehicles\0899.jpg
dataset_B,0900.jpg,0900,.jpg,87009,1080,1080,RGB,17203c52f04707d330f6d3cfaa8cc3de,bbe9e69581c1c05e,data\raw\dataset_B\EALPR Vechicles dataset\Vehicles\0900.jpg
dataset_B,0901.jpg,0901,.jpg,237742,1080,1350,RGB,6c9c7413d0914bd766a5720245d7eaed,fa002517cd4b9b2f,data\raw\dataset_B\EALPR Vechicles dataset\Vehicles\0901.jpg
dataset_B,0902.jpg,0902,.jpg,35480,1080,608,RGB,f63d5ddcdd0610d1263e6a9e140c9287,fcf4a03dbf4cc0c0,data\raw\dataset_B\EALPR Vechicles dataset\Vehicles\0902.jpg
dataset_B,0903.jpg,0903,.jpg,160433,1080,882,RGB,e9f7963110eabdfe8f06cdfe463a5992,e2f45ad0f4aa0787,data\raw\dataset_B\EALPR Vechicles dataset\Vehicles\0903.jpg
dataset_B,0904.jpg,0904,.jpg,81216,844,1055,RGB,fffa9f4e858bf733fbb186e8da64097b,ffe0e067f7901061,data\raw\dataset_B\EALPR Vechicles dataset\Vehicles\0904.jpg
dataset_B,0905.jpg,0905,.jpg,133813,937,1170,RGB,e7d8f0ecbcdf1698c5b5199627c8909f,c46a3a847b779529,data\raw\dataset_B\EALPR Vechicles dataset\Vehicles\0905.jpg
dataset_B,0906.jpg,0906,.jpg,41756,1080,608,RGB,6785f8ab2d9d535e459acb603872d81e,e8f0f8fa5088d276,data\raw\dataset_B\EALPR Vechicles dataset\Vehicles\0906.jpg
dataset_B,0907.jpg,0907,.jpg,153687,1080,1350,RGB,8f3ae7d3d622cd0427bc23c6faec4666,ab6be663d1c14456,data\raw\dataset_B\EALPR Vechicles dataset\Vehicles\0907.jpg
dataset_B,0908.jpg,0908,.jpg,92240,750,750,RGB,3e717a65e299665e73beaa8c1f10fae1,ae01b17fe068ceca,data\raw\dataset_B\EALPR Vechicles dataset\Vehicles\0908.jpg
dataset_B,0909.jpg,0909,.jpg,73603,1080,1080,RGB,45b6a58042ce9a8eb353d60ede05ab00,fed8f469c1c38194,data\raw\dataset_B\EALPR Vechicles dataset\Vehicles\0909.jpg
dataset_B,0910.jpg,0910,.jpg,73725,1080,608,RGB,1e9b7af987d52bed36f4a0fb3926e5ca,e15658da8589597e,data\raw\dataset_B\EALPR Vechicles dataset\Vehicles\0910.jpg
dataset_B,0911.jpg,0911,.jpg,93073,1080,1080,RGB,7c77bf390e77939fc4a74f36042ce001,a081ffd8d85e8837,data\raw\dataset_B\EALPR Vechicles dataset\Vehicles\0911.jpg
dataset_B,0912.jpg,0912,.jpg,137814,1080,810,RGB,bc601def6506c1bf62cc53d41804047b,ba92ad2c99b99835,data\raw\dataset_B\EALPR Vechicles dataset\Vehicles\0912.jpg
dataset_B,0913.jpg,0913,.jpg,167581,937,1171,RGB,4a1a9198e4a264d21e7874e94cd91878,dd84ea7f81829734,data\raw\dataset_B\EALPR Vechicles dataset\Vehicles\0913.jpg
dataset_B,0914.jpg,0914,.jpg,178687,1080,1351,RGB,305e39e4847089aab40d544565f999d9,fcece0d4c162cec8,data\raw\dataset_B\EALPR Vechicles dataset\Vehicles\0914.jpg
dataset_B,0915.jpg,0915,.jpg,177810,844,1055,RGB,8c07d2e46304385e28a040d4df42141a,ea7ad0e526179435,data\raw\dataset_B\EALPR Vechicles dataset\Vehicles\0915.jpg
dataset_B,0916.jpg,0916,.jpg,96758,826,1032,RGB,f9d981ce0bfcb86bc40be3d94ff10cb8,d07f2a2a3bb9e0c4,data\raw\dataset_B\EALPR Vechicles dataset\Vehicles\0916.jpg
dataset_B,0917.jpg,0917,.jpg,95335,1080,810,RGB,6402ad572859816ec99aa5063e4f7237,aed5a8b7a898d560,data\raw\dataset_B\EALPR Vechicles dataset\Vehicles\0917.jpg
dataset_B,0918.jpg,0918,.jpg,60905,1080,761,RGB,c88a5858b65e9cf712ce21730a1f50cd,d23f35d03591698e,data\raw\dataset_B\EALPR Vechicles dataset\Vehicles\0918.jpg
dataset_B,0919.jpg,0919,.jpg,131328,1080,1040,RGB,83295f0a702b4aeaee457a2acb78b1ec,fee8820f8729c971,data\raw\dataset_B\EALPR Vechicles dataset\Vehicles\0919.jpg
dataset_B,0920.jpg,0920,.jpg,71413,1080,1079,RGB,bd809bb25c5f93abe8fede1ef1e976c5,a9a5a11aad35dc9a,data\raw\dataset_B\EALPR Vechicles dataset\Vehicles\0920.jpg
dataset_B,0921.jpg,0921,.jpg,72027,1080,1079,RGB,335f8faf9472c1d1b0d9bc8a5425e6b1,cfc6d6ee2cc022d2,data\raw\dataset_B\EALPR Vechicles dataset\Vehicles\0921.jpg
dataset_B,0922.jpg,0922,.jpg,223930,1080,1080,RGB,13eb8b6be0c1e8cec94f02bd21a138fb,aa78970730bc3ea3,data\raw\dataset_B\EALPR Vechicles dataset\Vehicles\0922.jpg
dataset_B,0923.jpg,0923,.jpg,272156,1080,745,RGB,8d4b32f58687afd1bb11d1be08d231eb,991b7392925b6c96,data\raw\dataset_B\EALPR Vechicles dataset\Vehicles\0923.jpg
dataset_B,0924.jpg,0924,.jpg,105346,750,750,RGB,6821812d382073d1ae1833df3746590d,cd8dba1b903a3372,data\raw\dataset_B\EALPR Vechicles dataset\Vehicles\0924.jpg
dataset_B,0925.jpg,0925,.jpg,82305,640,640,RGB,95d226d76ccf00ddec0d488536f803d8,e2e3b492830e39f9,data\raw\dataset_B\EALPR Vechicles dataset\Vehicles\0925.jpg
dataset_B,0926.jpg,0926,.jpg,48878,612,612,RGB,bb8668dee4d65c4be828b53dc4cc28d2,bf9180eeecece088,data\raw\dataset_B\EALPR Vechicles dataset\Vehicles\0926.jpg
dataset_B,0927.jpg,0927,.jpg,73964,750,750,RGB,8f94303fcc95f0b15eb524220091eddb,cb333293bbd35212,data\raw\dataset_B\EALPR Vechicles dataset\Vehicles\0927.jpg
dataset_B,0928.jpg,0928,.jpg,82337,750,750,RGB,3c288943e7fcd319e114c4669143c545,e8e8dfd4d0cc8e82,data\raw\dataset_B\EALPR Vechicles dataset\Vehicles\0928.jpg
dataset_B,0929.jpg,0929,.jpg,154375,844,1055,RGB,a66b9c8dafc8975a4a76393e69d7a4c7,eb51c4e202c79f1b,data\raw\dataset_B\EALPR Vechicles dataset\Vehicles\0929.jpg
dataset_B,0930.jpg,0930,.jpg,77352,1080,1080,RGB,54efd5a192119ca9a20c063ed2f15c84,f0f070879f17950d,data\raw\dataset_B\EALPR Vechicles dataset\Vehicles\0930.jpg
dataset_B,0931.jpg,0931,.jpg,186747,1080,1080,RGB,41a40d81b28da441937cc6eb603ff5e9,aa87d2788687787a,data\raw\dataset_B\EALPR Vechicles dataset\Vehicles\0931.jpg
dataset_B,0932.jpg,0932,.jpg,63473,834,1042,RGB,d9ea662d486b0ea00ec1d9fbddbabd84,d879058fe97494a3,data\raw\dataset_B\EALPR Vechicles dataset\Vehicles\0932.jpg
dataset_B,0933.jpg,0933,.jpg,38282,1080,742,RGB,ffe8bd0133b19f23ee2e1f03b856b6c3,cc6333983367cc33,data\raw\dataset_B\EALPR Vechicles dataset\Vehicles\0933.jpg
dataset_B,0934.jpg,0934,.jpg,98453,1080,1080,RGB,03af52f37909ce38749f32b61fce80f5,a8fdd0d847052ce7,data\raw\dataset_B\EALPR Vechicles dataset\Vehicles\0934.jpg
dataset_B,0935.jpg,0935,.jpg,27697,1080,1080,RGB,7d20857d82ec7947f742d278aa5e494a,8cac333343cdccb5,data\raw\dataset_B\EALPR Vechicles dataset\Vehicles\0935.jpg
dataset_B,0936.jpg,0936,.jpg,56158,612,612,RGB,590a0ba54bcdf762c4b76c42cad72468,f8f07078f97022f2,data\raw\dataset_B\EALPR Vechicles dataset\Vehicles\0936.jpg
dataset_B,0937.jpg,0937,.jpg,84425,1080,1068,RGB,7ae068bf4ac66d1b6b8173368138cdec,afd4d8c2c3492d27,data\raw\dataset_B\EALPR Vechicles dataset\Vehicles\0937.jpg
dataset_B,0938.jpg,0938,.jpg,86145,750,750,RGB,1a06b05b3f4a86291361112a67accc71,ead1d702b9aea322,data\raw\dataset_B\EALPR Vechicles dataset\Vehicles\0938.jpg
dataset_B,0939.jpg,0939,.jpg,59615,900,1125,RGB,2627d278fc867c7b86460adbdae94499,abf0e07b6bc8c1c1,data\raw\dataset_B\EALPR Vechicles dataset\Vehicles\0939.jpg
dataset_B,0940.jpg,0940,.jpg,67134,612,612,RGB,17cdd5adfc2f8d989893ddb1027f3748,c2cbff5d91711940,data\raw\dataset_B\EALPR Vechicles dataset\Vehicles\0940.jpg
dataset_B,0941.jpg,0941,.jpg,95624,640,640,RGB,787beb5721409739757fd7089ffbcba2,8ac0f4f5cada6465,data\raw\dataset_B\EALPR Vechicles dataset\Vehicles\0941.jpg
dataset_B,0942.jpg,0942,.jpg,99474,640,640,RGB,f7b7cffd225bd6e5b5d3edab650f9440,bbb58413faaad890,data\raw\dataset_B\EALPR Vechicles dataset\Vehicles\0942.jpg
dataset_B,0943.jpg,0943,.jpg,104377,1080,1060,RGB,3cf3dc16fa2c6ca2278e8b75c402cc91,db836970c078cf1e,data\raw\dataset_B\EALPR Vechicles dataset\Vehicles\0943.jpg
dataset_B,0944.jpg,0944,.jpg,189025,944,1181,RGB,b28cc8ca504f2b6a879b5c7941a0db1e,f8fa5ad200e7a43c,data\raw\dataset_B\EALPR Vechicles dataset\Vehicles\0944.jpg
dataset_B,0945.jpg,0945,.jpg,50065,1080,823,RGB,92b99a46db954169b4df5d66347f15fe,eaa11fd2c2c2c31f,data\raw\dataset_B\EALPR Vechicles dataset\Vehicles\0945.jpg
dataset_B,0946.jpg,0946,.jpg,53076,900,1125,RGB,cb3a32353525a0723a4996b02640b152,dbdbf97dd4808024,data\raw\dataset_B\EALPR Vechicles dataset\Vehicles\0946.jpg
dataset_B,0947.jpg,0947,.jpg,92034,1080,1080,RGB,ac17b70ac90187fd6a98d46511c97ff0,a980a69f8557c67a,data\raw\dataset_B\EALPR Vechicles dataset\Vehicles\0947.jpg
dataset_B,0948.jpg,0948,.jpg,63097,1080,608,RGB,106ff2d0fd6d916784cde34633fff814,8f397a0e3185c67a,data\raw\dataset_B\EALPR Vechicles dataset\Vehicles\0948.jpg
dataset_B,0949.jpg,0949,.jpg,97377,750,570,RGB,ecba4b5e9991a9c7be97495093476e8f,fb83a0fe94649591,data\raw\dataset_B\EALPR Vechicles dataset\Vehicles\0949.jpg
dataset_B,0950.jpg,0950,.jpg,65784,1080,608,RGB,641deae8ef35436672f5f87db861bee6,c638929665567d95,data\raw\dataset_B\EALPR Vechicles dataset\Vehicles\0950.jpg
dataset_B,0951.jpg,0951,.jpg,99218,1080,1080,RGB,db1bfe67fc43dad98fa9f19cff7cedf4,fc8d85517a9ad232,data\raw\dataset_B\EALPR Vechicles dataset\Vehicles\0951.jpg
dataset_B,0952.jpg,0952,.jpg,97648,1080,974,RGB,333e2770760d9fc6eacbbc9ad3e7a041,9b7f24c29be624d0,data\raw\dataset_B\EALPR Vechicles dataset\Vehicles\0952.jpg
dataset_B,0953.jpg,0953,.jpg,64036,618,772,RGB,49a744830671673a326afa80bb7ad591,db4b857c3a94dc90,data\raw\dataset_B\EALPR Vechicles dataset\Vehicles\0953.jpg
dataset_B,0954.jpg,0954,.jpg,27417,1080,608,RGB,1b59de3bea896c40056178ae26bedc79,e1a7d48d9ed8c298,data\raw\dataset_B\EALPR Vechicles dataset\Vehicles\0954.jpg
dataset_B,0955.jpg,0955,.jpg,105040,1080,1080,RGB,b25f856c874085a750b102ecfe391405,9f9979f4a68404dc,data\raw\dataset_B\EALPR Vechicles dataset\Vehicles\0955.jpg
dataset_B,0956.jpg,0956,.jpg,142684,1080,810,RGB,7d316dcc423e405006d01fc34df46e9c,ac4aeae1d378823e,data\raw\dataset_B\EALPR Vechicles dataset\Vehicles\0956.jpg
dataset_B,0957.jpg,0957,.jpg,81677,1080,1014,RGB,a7e48be4da3cae03d5ec5972250d487b,e0e03fa186bc8f8d,data\raw\dataset_B\EALPR Vechicles dataset\Vehicles\0957.jpg
dataset_B,0958.jpg,0958,.jpg,73432,1080,608,RGB,b906693ded59c4175a5da050454a3c1c,e4a43b7ac6e23a83,data\raw\dataset_B\EALPR Vechicles dataset\Vehicles\0958.jpg
dataset_B,0959.jpg,0959,.jpg,116393,1080,975,RGB,b58a5ef85f160d72b6353293543fa69b,bbf860d5d5d6c202,data\raw\dataset_B\EALPR Vechicles dataset\Vehicles\0959.jpg
dataset_B,0960.jpg,0960,.jpg,71969,1080,1080,RGB,481d75f7fa63d191ca6cdb49cdcdfabb,aab49132cf4efa30,data\raw\dataset_B\EALPR Vechicles dataset\Vehicles\0960.jpg
dataset_B,0961.jpg,0961,.jpg,114320,1080,810,RGB,9031db4c4936c85cbbc3aa148d5c754e,a161e72adb87d492,data\raw\dataset_B\EALPR Vechicles dataset\Vehicles\0961.jpg
dataset_B,0962.jpg,0962,.jpg,143911,900,1125,RGB,abe96f0ebb13c8be961534077e38b4e2,ff7be02195950705,data\raw\dataset_B\EALPR Vechicles dataset\Vehicles\0962.jpg
dataset_B,0963.jpg,0963,.jpg,49238,1080,810,RGB,527e67d751b025115ff3683e786c9d86,de2fe12e8e582370,data\raw\dataset_B\EALPR Vechicles dataset\Vehicles\0963.jpg
dataset_B,0964.jpg,0964,.jpg,80492,1080,1080,RGB,46b19fd00a80200ca98dc064c8650cf7,ceec6fc4c6732112,data\raw\dataset_B\EALPR Vechicles dataset\Vehicles\0964.jpg
dataset_B,0965.jpg,0965,.jpg,53969,1080,565,RGB,23449aeabeb9ea0c23f5b91034aaa387,ea61628a71887ff2,data\raw\dataset_B\EALPR Vechicles dataset\Vehicles\0965.jpg
dataset_B,0966.jpg,0966,.jpg,76980,1080,1080,RGB,bd9e022622f5f81147e9f906d7095ddb,cc735e8d318e19a5,data\raw\dataset_B\EALPR Vechicles dataset\Vehicles\0966.jpg
dataset_B,0967.jpg,0967,.jpg,75629,844,1055,RGB,df8c4c9ad48766770fcd4e1986f82bb3,ff94e07a919ae620,data\raw\dataset_B\EALPR Vechicles dataset\Vehicles\0967.jpg
dataset_B,0968.jpg,0968,.jpg,139647,1080,1080,RGB,dfa3006772a45955f60a64fa6b19d3c5,d1cb2f94643ed42c,data\raw\dataset_B\EALPR Vechicles dataset\Vehicles\0968.jpg
dataset_B,0969.jpg,0969,.jpg,67206,1080,810,RGB,68f86feac001943a4e579eedd9a6099b,eee4b430327bc3c2,data\raw\dataset_B\EALPR Vechicles dataset\Vehicles\0969.jpg
dataset_B,0970.jpg,0970,.jpg,102824,1080,975,RGB,04a6d95ab3f336d75d051df0da3a4107,b81f0ea51517e0fc,data\raw\dataset_B\EALPR Vechicles dataset\Vehicles\0970.jpg
dataset_B,0971.jpg,0971,.jpg,98412,1080,1080,RGB,83a2a1c474b7532e16b9b57faaf5c909,f8fa72c0a070def0,data\raw\dataset_B\EALPR Vechicles dataset\Vehicles\0971.jpg
dataset_B,0972.jpg,0972,.jpg,89781,900,1125,RGB,943dcd5123f4754f233ad14a1fc3bc9a,c46a3a847b739729,data\raw\dataset_B\EALPR Vechicles dataset\Vehicles\0972.jpg
dataset_B,0973.jpg,0973,.jpg,93912,1080,1080,RGB,390fbfe6007a94ea551d52999382062c,b47edb006d72c41d,data\raw\dataset_B\EALPR Vechicles dataset\Vehicles\0973.jpg
dataset_B,0974.jpg,0974,.jpg,126472,1080,1080,RGB,9435c230a462cc9e3eed5e9d3bc92d71,9bf0ee9a93812e26,data\raw\dataset_B\EALPR Vechicles dataset\Vehicles\0974.jpg
dataset_B,0975.jpg,0975,.jpg,84378,1080,716,RGB,4692b8d5c6721c33555ae4fc093a2c99,efc0c3c5c0c3cf83,data\raw\dataset_B\EALPR Vechicles dataset\Vehicles\0975.jpg
dataset_B,0976.jpg,0976,.jpg,99465,1080,635,RGB,f6d033c6d930b3772693dd681c0dc241,cdcbf9b017c031cc,data\raw\dataset_B\EALPR Vechicles dataset\Vehicles\0976.jpg
dataset_B,0977.jpg,0977,.jpg,122243,1080,896,RGB,5f3362b358f309eb4606004c4ae9f3ce,ab870f1dae98d432,data\raw\dataset_B\EALPR Vechicles dataset\Vehicles\0977.jpg
dataset_B,0978.jpg,0978,.jpg,57055,1080,933,RGB,73143d52345c9062b62e222025ebe1fa,fae8e1a0978696d4,data\raw\dataset_B\EALPR Vechicles dataset\Vehicles\0978.jpg
dataset_B,0979.jpg,0979,.jpg,116237,900,1125,RGB,de7b53db55e52462465f108231a383b6,ef05101f3db86347,data\raw\dataset_B\EALPR Vechicles dataset\Vehicles\0979.jpg
dataset_B,0980.jpg,0980,.jpg,79610,844,1055,RGB,f425a3fe829d209e363ee621f7b717b0,a9a496d28b4d743d,data\raw\dataset_B\EALPR Vechicles dataset\Vehicles\0980.jpg
dataset_B,0981.jpg,0981,.jpg,100819,1080,1080,RGB,491f82ba92dff6a5d48bcea91fe1f5f3,bb7eee7498982460,data\raw\dataset_B\EALPR Vechicles dataset\Vehicles\0981.jpg
dataset_B,0982.jpg,0982,.jpg,75405,825,825,RGB,648ae3866332ff5fd0774ce3ce309396,d55e2a21e50e5ad6,data\raw\dataset_B\EALPR Vechicles dataset\Vehicles\0982.jpg
dataset_B,0983.jpg,0983,.jpg,81208,844,1055,RGB,cc8b33f9a6853f68b13bd53814001475,93d377141c1eba83,data\raw\dataset_B\EALPR Vechicles dataset\Vehicles\0983.jpg
dataset_B,0984.jpg,0984,.jpg,45089,1080,608,RGB,9577556b6698d4a46768382ba83fa7e7,d9da92d8f9c270a4,data\raw\dataset_B\EALPR Vechicles dataset\Vehicles\0984.jpg
dataset_B,0985.jpg,0985,.jpg,40973,1080,644,RGB,2f77d433e3abe6c421a6fc1af7f0d519,c00d3fe2753ed4c2,data\raw\dataset_B\EALPR Vechicles dataset\Vehicles\0985.jpg
dataset_B,0986.jpg,0986,.jpg,112929,1080,1080,RGB,8bed27dcc50b21623ff7889ba7883e23,e0cf9f30b6274d0c,data\raw\dataset_B\EALPR Vechicles dataset\Vehicles\0986.jpg
dataset_B,0987.jpg,0987,.jpg,87685,1080,1080,RGB,30ff944dfdce9ce05aa277d397cad190,85a4309587677f59,data\raw\dataset_B\EALPR Vechicles dataset\Vehicles\0987.jpg
dataset_B,0988.jpg,0988,.jpg,119747,825,825,RGB,c1c82f2d05249e219c2c5ef7e9ae006e,ad05c57fcec88187,data\raw\dataset_B\EALPR Vechicles dataset\Vehicles\0988.jpg
dataset_B,0989.jpg,0989,.jpg,204095,1080,1080,RGB,798ccb293ec45f7240d5d3de8ed06e3c,c76b12b323e2dad0,data\raw\dataset_B\EALPR Vechicles dataset\Vehicles\0989.jpg
dataset_B,0990.jpg,0990,.jpg,82625,1080,1080,RGB,431a7f91bad619977b8b268db5064314,adb1d2d25fcd88c0,data\raw\dataset_B\EALPR Vechicles dataset\Vehicles\0990.jpg
dataset_B,0991.jpg,0991,.jpg,73071,1080,770,RGB,199871a22e8336a07cc7b49b38f55611,f8d2d283871f3e60,data\raw\dataset_B\EALPR Vechicles dataset\Vehicles\0991.jpg
dataset_B,0992.jpg,0992,.jpg,186348,1080,1080,RGB,262ca0c166e9f500f1ac9bf89d1d545f,dd2e806b36da2d70,data\raw\dataset_B\EALPR Vechicles dataset\Vehicles\0992.jpg
dataset_B,0993.jpg,0993,.jpg,55903,1080,1080,RGB,5421e71e4e81b2b171e85fb32414492a,a2aa2a4aa527d79d,data\raw\dataset_B\EALPR Vechicles dataset\Vehicles\0993.jpg
dataset_B,0994.jpg,0994,.jpg,63519,1080,804,RGB,8de8901e6d4fa447b29113be87c5c529,cd473e389845c667,data\raw\dataset_B\EALPR Vechicles dataset\Vehicles\0994.jpg
dataset_B,0995.jpg,0995,.jpg,120387,1080,1080,RGB,392a73797556498e7c58315a96229df2,adbdd79198d94901,data\raw\dataset_B\EALPR Vechicles dataset\Vehicles\0995.jpg
dataset_B,0996.jpg,0996,.jpg,52120,1080,810,RGB,8e5a6dcb56bd0f1f36ebd80f99d29096,acb432c8ed73039d,data\raw\dataset_B\EALPR Vechicles dataset\Vehicles\0996.jpg
dataset_B,0997.jpg,0997,.jpg,57215,1080,1080,RGB,a4204d325dda2c0e289baac687b08cc6,9a83e4a49b35673c,data\raw\dataset_B\EALPR Vechicles dataset\Vehicles\0997.jpg
dataset_B,0998.jpg,0998,.jpg,61641,1000,1000,RGB,df159a66f3cb1d9a045b913ecc703fe3,8579e8078a72b74b,data\raw\dataset_B\EALPR Vechicles dataset\Vehicles\0998.jpg
dataset_B,0999.jpg,0999,.jpg,52069,1080,1080,RGB,c86505ba3b7814f414728293979882ee,bf84e239550298fe,data\raw\dataset_B\EALPR Vechicles dataset\Vehicles\0999.jpg
dataset_B,1000.jpg,1000,.jpg,78001,1080,1080,RGB,acd9067f44a02d1906aac1234cf153d8,f4f6a68ccc6b3230,data\raw\dataset_B\EALPR Vechicles dataset\Vehicles\1000.jpg
dataset_B,1001.jpg,1001,.jpg,57850,1080,1080,RGB,568be7bea5dda077faafc82eb82fdf88,95f4f80bcb4b05b4,data\raw\dataset_B\EALPR Vechicles dataset\Vehicles\1001.jpg
dataset_B,1002.jpg,1002,.jpg,96582,1080,1080,RGB,a3937f2b0361716fffb61e202fa2bdd3,d2d26c09997e368b,data\raw\dataset_B\EALPR Vechicles dataset\Vehicles\1002.jpg
dataset_B,1003.jpg,1003,.jpg,77997,750,750,RGB,b8762f3c38220de5d7f4b6394f06de65,f6d0d0d219ec52b9,data\raw\dataset_B\EALPR Vechicles dataset\Vehicles\1003.jpg
dataset_B,1004.jpg,1004,.jpg,70966,631,631,RGB,8f1d945c324f4170ed24c1d46eac7fe8,fff8388386b85982,data\raw\dataset_B\EALPR Vechicles dataset\Vehicles\1004.jpg
dataset_B,1005.jpg,1005,.jpg,62899,1080,810,RGB,c95a1ab8e219571dc55c3ee2fe3d8a9e,a5db80e5c6c2cf86,data\raw\dataset_B\EALPR Vechicles dataset\Vehicles\1005.jpg
dataset_B,1006.jpg,1006,.jpg,22419,900,1125,RGB,f1a8278609c215ecea3f17add8d4c537,ea3f32c6c92632c5,data\raw\dataset_B\EALPR Vechicles dataset\Vehicles\1006.jpg
dataset_B,1007.jpg,1007,.jpg,83981,1080,1079,RGB,be3811a0bd0881b789175923af839663,de91f17c86478316,data\raw\dataset_B\EALPR Vechicles dataset\Vehicles\1007.jpg
dataset_B,1008.jpg,1008,.jpg,57747,1080,651,RGB,859beb929220f51f685709354b2f7c17,ea474d9c722b37c0,data\raw\dataset_B\EALPR Vechicles dataset\Vehicles\1008.jpg
dataset_B,1009.jpg,1009,.jpg,105635,1080,1080,RGB,e3514d38232a8bdc9528ed957a5e74d2,fac00f8ff0d00377,data\raw\dataset_B\EALPR Vechicles dataset\Vehicles\1009.jpg
dataset_B,1010.jpg,1010,.jpg,88488,1080,1066,RGB,c55d33bf2b0610fef86df9cfe8733f1e,fbc0c07d7070c35b,data\raw\dataset_B\EALPR Vechicles dataset\Vehicles\1010.jpg
dataset_B,1011.jpg,1011,.jpg,70655,1080,732,RGB,fb6a486db61e3b367454ad6089b11e48,8885935fdcc2f09d,data\raw\dataset_B\EALPR Vechicles dataset\Vehicles\1011.jpg
dataset_B,1012.jpg,1012,.jpg,148418,1080,1080,RGB,e83d38b152b31dd86e639611c7ea2fbb,ae4ebf7682cacc04,data\raw\dataset_B\EALPR Vechicles dataset\Vehicles\1012.jpg
dataset_B,1013.jpg,1013,.jpg,78546,1080,609,RGB,50bcd2753c5aa2e90add60fa1634cdd4,ba115dde194d92b4,data\raw\dataset_B\EALPR Vechicles dataset\Vehicles\1013.jpg
dataset_B,1014.jpg,1014,.jpg,136618,900,1125,RGB,44357a8913658b75c3076c955c5ad83f,9fada888caeec494,data\raw\dataset_B\EALPR Vechicles dataset\Vehicles\1014.jpg
dataset_B,1015.jpg,1015,.jpg,81250,750,704,RGB,c8c518cad0452903c4c7fa1033cc4edb,b587ca08e17ada35,data\raw\dataset_B\EALPR Vechicles dataset\Vehicles\1015.jpg
dataset_B,1016.jpg,1016,.jpg,93393,640,640,RGB,067d91ba4c30d9215422c700143c1538,d9c921b6c182bdd3,data\raw\dataset_B\EALPR Vechicles dataset\Vehicles\1016.jpg
dataset_B,1017.jpg,1017,.jpg,91196,1080,1028,RGB,730cca7ddbe1753b31ab2e4dd8b590d4,f852a71a95286d1f,data\raw\dataset_B\EALPR Vechicles dataset\Vehicles\1017.jpg
dataset_B,1018.jpg,1018,.jpg,84320,1080,933,RGB,9709d90ae89d82ce9b999a837b24eefc,bae098b789dbd501,data\raw\dataset_B\EALPR Vechicles dataset\Vehicles\1018.jpg
dataset_B,1019.jpg,1019,.jpg,111277,750,750,RGB,04ce8096378f80d095f70fc5f5f7fd9a,fcd883033f222737,data\raw\dataset_B\EALPR Vechicles dataset\Vehicles\1019.jpg
dataset_B,1020.jpg,1020,.jpg,98806,1080,1028,RGB,5fcaa50ee5e891ef1b05df80f2a01498,b587ca08e17ada35,data\raw\dataset_B\EALPR Vechicles dataset\Vehicles\1020.jpg
dataset_B,1021.jpg,1021,.jpg,54137,1032,580,RGB,da756d89ef5c48417e6451843c0cdbe7,fdb5f5158c062338,data\raw\dataset_B\EALPR Vechicles dataset\Vehicles\1021.jpg
dataset_B,1022.jpg,1022,.jpg,71694,750,750,RGB,3ffc0e0b78c5cc5c1adbef1046575e57,eaa1d5be9d4f2220,data\raw\dataset_B\EALPR Vechicles dataset\Vehicles\1022.jpg
dataset_B,1023.jpg,1023,.jpg,102776,1080,810,RGB,15ae5ba74b472bea67d88f7e713da15e,fbd5a23a81a92666,data\raw\dataset_B\EALPR Vechicles dataset\Vehicles\1023.jpg
dataset_B,1024.jpg,1024,.jpg,37180,1080,1080,RGB,60f2e139c11e45bd2906d306d7a8f2c9,989867679a9a9a65,data\raw\dataset_B\EALPR Vechicles dataset\Vehicles\1024.jpg
dataset_B,1025.jpg,1025,.jpg,66735,1080,608,RGB,54ac933d56961fe087530fd703a6630e,839b3a29b475ac69,data\raw\dataset_B\EALPR Vechicles dataset\Vehicles\1025.jpg
dataset_B,1026.jpg,1026,.jpg,121192,1080,810,RGB,56ef8b479b122bdd2684a0b0b082bc70,e0c0cede81f90f4b,data\raw\dataset_B\EALPR Vechicles dataset\Vehicles\1026.jpg
dataset_B,1027.jpg,1027,.jpg,135381,1032,1290,RGB,7dd1338ae957a69d5d5e1fcf9e76d01c,85a57a82977ae1e1,data\raw\dataset_B\EALPR Vechicles dataset\Vehicles\1027.jpg
dataset_B,1028.jpg,1028,.jpg,142467,1080,1080,RGB,ed88fa77b3fe4519d53bdb389318031b,89835371ed1a1ed5,data\raw\dataset_B\EALPR Vechicles dataset\Vehicles\1028.jpg
dataset_B,1029.jpg,1029,.jpg,138291,1080,1080,RGB,2fa9e1fbd47d985f3d58e82f55f7e9d8,ebc4f0b5a43036e5,data\raw\dataset_B\EALPR Vechicles dataset\Vehicles\1029.jpg
dataset_B,1030.jpg,1030,.jpg,80348,768,702,RGB,d7f75baf4ad03e5ec93da5655c077023,ded2db7cd0298185,data\raw\dataset_B\EALPR Vechicles dataset\Vehicles\1030.jpg
dataset_B,1031.jpg,1031,.jpg,73277,1080,1060,RGB,02a362cb05af67f3b5687a0f12b64def,e21c9d4772c867b1,data\raw\dataset_B\EALPR Vechicles dataset\Vehicles\1031.jpg
dataset_B,1032.jpg,1032,.jpg,69644,1080,565,RGB,d93c1057f5c7032e03b931ab6c0d5c6d,da616c9e659e140f,data\raw\dataset_B\EALPR Vechicles dataset\Vehicles\1032.jpg
dataset_B,1033.jpg,1033,.jpg,30213,1080,810,RGB,f5f9a5b8845dcb4aa1cb80581ab87926,a832575da3a8cc57,data\raw\dataset_B\EALPR Vechicles dataset\Vehicles\1033.jpg
dataset_B,1034.jpg,1034,.jpg,67485,1080,608,RGB,a4098d924c29362b1bdb3a4fe5b36ffb,cbe0648e8b9b9e64,data\raw\dataset_B\EALPR Vechicles dataset\Vehicles\1034.jpg
dataset_B,1035.jpg,1035,.jpg,59546,750,748,RGB,3d0deaca1d82c62bca91001b5da3a177,fae8a0ff81958585,data\raw\dataset_B\EALPR Vechicles dataset\Vehicles\1035.jpg
dataset_B,1036.jpg,1036,.jpg,107377,1080,585,RGB,38ffdd7a273a8f38e9b56cfe7c523b6c,aed0532d0529f2de,data\raw\dataset_B\EALPR Vechicles dataset\Vehicles\1036.jpg
dataset_B,1037.jpg,1037,.jpg,184394,1080,1351,RGB,75c85f03bf799d997466d1c1f8416d72,e0fc60dfe39cc098,data\raw\dataset_B\EALPR Vechicles dataset\Vehicles\1037.jpg
dataset_B,1038.jpg,1038,.jpg,69222,640,640,RGB,77f9c9876e7a5c76790ff97146870930,f3934c2d8990f636,data\raw\dataset_B\EALPR Vechicles dataset\Vehicles\1038.jpg
dataset_B,1039.jpg,1039,.jpg,62354,1080,608,RGB,8cc6078d7cf16b402f7845a9bdb7c07b,d1833f35f07c6c81,data\raw\dataset_B\EALPR Vechicles dataset\Vehicles\1039.jpg
dataset_B,1040.jpg,1040,.jpg,93103,1080,1080,RGB,b73f633bc53e66ffa30669e0497cbe55,bfc86878988e6578,data\raw\dataset_B\EALPR Vechicles dataset\Vehicles\1040.jpg
dataset_B,1041.jpg,1041,.jpg,90266,1080,1080,RGB,01b801f7954cf8eb3424ea3b3dde0870,ea973978986ac1b1,data\raw\dataset_B\EALPR Vechicles dataset\Vehicles\1041.jpg
dataset_B,1042.jpg,1042,.jpg,64415,1080,810,RGB,2d3679c142a2361b792c92170551b201,d2ce6ccc8a93356c,data\raw\dataset_B\EALPR Vechicles dataset\Vehicles\1042.jpg
dataset_B,1043.jpg,1043,.jpg,136780,1008,756,RGB,e401da0f0a6376ad4bb79951b9b2022e,a8b1935e5e74646c,data\raw\dataset_B\EALPR Vechicles dataset\Vehicles\1043.jpg
dataset_B,1044.jpg,1044,.jpg,133158,750,750,RGB,7aa8a34688a9e7c0720c9c84e1fdb64a,ee863006ab3a6d7a,data\raw\dataset_B\EALPR Vechicles dataset\Vehicles\1044.jpg
dataset_B,1045.jpg,1045,.jpg,128212,1080,810,RGB,d6385a6a0d534c00314aa7fe943ee62a,b448db2dc933d4d8,data\raw\dataset_B\EALPR Vechicles dataset\Vehicles\1045.jpg
dataset_B,1046.jpg,1046,.jpg,89302,756,568,RGB,41e14eb603c40b88d9d47eb7f200c686,aac5f5d84c3a918d,data\raw\dataset_B\EALPR Vechicles dataset\Vehicles\1046.jpg
dataset_B,1047.jpg,1047,.jpg,129537,1080,1080,RGB,0715af6749c687ad7abc822a51ec3c3b,efb0e0cfa0718d32,data\raw\dataset_B\EALPR Vechicles dataset\Vehicles\1047.jpg
dataset_B,1048.jpg,1048,.jpg,35758,1080,1080,RGB,37b76613fb5932e59bce28371b518008,8a8a6575d6ceaa26,data\raw\dataset_B\EALPR Vechicles dataset\Vehicles\1048.jpg
dataset_B,1049.jpg,1049,.jpg,92217,1080,1080,RGB,d375f8ffa660e9e99412d28c60315a4e,8e8e8fe1d1b382e1,data\raw\dataset_B\EALPR Vechicles dataset\Vehicles\1049.jpg
dataset_B,1050.jpg,1050,.jpg,85414,900,1125,RGB,17c65777edb4184ec9490113fb91b046,ef87b0c6c1c80f3c,data\raw\dataset_B\EALPR Vechicles dataset\Vehicles\1050.jpg
dataset_B,1051.jpg,1051,.jpg,149079,844,1055,RGB,4553ddaa36100af069fedc39983246dc,ad93d380aca4b6b5,data\raw\dataset_B\EALPR Vechicles dataset\Vehicles\1051.jpg
dataset_B,1052.jpg,1052,.jpg,105883,1080,1080,RGB,e324915ade89765bc005a2a5208a3597,d7d0d0d219ec52b9,data\raw\dataset_B\EALPR Vechicles dataset\Vehicles\1052.jpg
dataset_B,1053.jpg,1053,.jpg,72981,1080,948,RGB,98178839a1c0cfadc9ccb467d3c3da2d,bdad353dd99860a0,data\raw\dataset_B\EALPR Vechicles dataset\Vehicles\1053.jpg
dataset_B,1054.jpg,1054,.jpg,138521,868,868,RGB,a83d189b3f7f0f789d57e2cd09dc41ef,bfd7a6229b0a4307,data\raw\dataset_B\EALPR Vechicles dataset\Vehicles\1054.jpg
dataset_B,1055.jpg,1055,.jpg,62127,612,459,RGB,3406a028437ac9560475c377ebd744af,ec4cd66a317178d8,data\raw\dataset_B\EALPR Vechicles dataset\Vehicles\1055.jpg
dataset_B,1056.jpg,1056,.jpg,101510,1080,750,RGB,998f9efd8d0934324f9fe54856871156,bdf01b1b81a1995b,data\raw\dataset_B\EALPR Vechicles dataset\Vehicles\1056.jpg
dataset_B,1057.jpg,1057,.jpg,75958,1080,1080,RGB,58b9ade54e0b923af4eec0b99a7cc3b3,a38185020f6f7df5,data\raw\dataset_B\EALPR Vechicles dataset\Vehicles\1057.jpg
dataset_B,1058.jpg,1058,.jpg,61576,612,459,RGB,e70863ea3ae79818cf5d7c47ace4b75c,caf824ca1e2d313f,data\raw\dataset_B\EALPR Vechicles dataset\Vehicles\1058.jpg
dataset_B,1059.jpg,1059,.jpg,57111,900,1125,RGB,49c0f2b84b4a09deec3118cddafcde3d,fa2f2fd0d02f8292,data\raw\dataset_B\EALPR Vechicles dataset\Vehicles\1059.jpg
dataset_B,1060.jpg,1060,.jpg,119629,750,750,RGB,aca40f5d0dc3099a30967483891cad7e,af97975398ec208c,data\raw\dataset_B\EALPR Vechicles dataset\Vehicles\1060.jpg
dataset_B,1061.jpg,1061,.jpg,122974,900,1125,RGB,aeab4bc14fb9fda605eff4257b48b929,af025a3ab5c7c338,data\raw\dataset_B\EALPR Vechicles dataset\Vehicles\1061.jpg
dataset_B,1062.jpg,1062,.jpg,187055,929,1162,RGB,c39cf16b183cc69d8ee089f5c431107e,9090aac9d0f2eecf,data\raw\dataset_B\EALPR Vechicles dataset\Vehicles\1062.jpg
dataset_B,1063.jpg,1063,.jpg,82553,696,640,RGB,c9920b8fb0fe34fd9a829b0590279865,ea808507877dbda6,data\raw\dataset_B\EALPR Vechicles dataset\Vehicles\1063.jpg
dataset_B,1064.jpg,1064,.jpg,101098,1080,1080,RGB,e30c045df9aaf5671f5ef37740156cb7,bab0900f6f252d1f,data\raw\dataset_B\EALPR Vechicles dataset\Vehicles\1064.jpg
dataset_B,1065.jpg,1065,.jpg,103559,1080,1080,RGB,c17f3918a844dd57b654ca8e797f19f6,eb3e901f3e36e0c0,data\raw\dataset_B\EALPR Vechicles dataset\Vehicles\1065.jpg
dataset_B,1066.jpg,1066,.jpg,75904,1080,1080,RGB,db9ab84ddedb60e0533b2abc4696c3c3,af3d94943c1c85e5,data\raw\dataset_B\EALPR Vechicles dataset\Vehicles\1066.jpg
dataset_B,1067.jpg,1067,.jpg,241381,1080,1080,RGB,4fc9dfc3e35871241df3983bd181a11b,dedeccbc8c80b093,data\raw\dataset_B\EALPR Vechicles dataset\Vehicles\1067.jpg
dataset_B,1068.jpg,1068,.jpg,92595,1080,1080,RGB,17a8b1fb6c1abd5e57905906dabf5cb9,91c2ef3d94d8c331,data\raw\dataset_B\EALPR Vechicles dataset\Vehicles\1068.jpg
dataset_B,1069.jpg,1069,.jpg,64175,900,1125,RGB,790c46429ae8579ac52a1aacdd5cf33b,eb95c06896b6384f,data\raw\dataset_B\EALPR Vechicles dataset\Vehicles\1069.jpg
dataset_B,1070.jpg,1070,.jpg,89064,1080,1080,RGB,6256803229b376e56ca502b78b47f445,f4fcfe5a8225a520,data\raw\dataset_B\EALPR Vechicles dataset\Vehicles\1070.jpg
dataset_B,1071.jpg,1071,.jpg,134846,744,744,RGB,af2ad46f7a194b3c119899a53a80ae20,f996ec68830f6b60,data\raw\dataset_B\EALPR Vechicles dataset\Vehicles\1071.jpg
dataset_B,1072.jpg,1072,.jpg,146828,900,1125,RGB,4696b9c8b168d67dbc9518acf7e4b217,bf14d34b6aa53170,data\raw\dataset_B\EALPR Vechicles dataset\Vehicles\1072.jpg
dataset_B,1073.jpg,1073,.jpg,126622,900,1125,RGB,f0a21388a67c6aba926756303164cf4a,fb91c14fe1879434,data\raw\dataset_B\EALPR Vechicles dataset\Vehicles\1073.jpg
dataset_B,1074.jpg,1074,.jpg,103106,1080,1080,RGB,1d7178766a38325c5717f2b3ed378ff5,ef95303ccdc53232,data\raw\dataset_B\EALPR Vechicles dataset\Vehicles\1074.jpg
dataset_B,1075.jpg,1075,.jpg,91288,1080,810,RGB,464f62c9c713eb3f43147c6b96163deb,f8b0b2582fa7cd24,data\raw\dataset_B\EALPR Vechicles dataset\Vehicles\1075.jpg
dataset_B,1076.jpg,1076,.jpg,45820,1080,1080,RGB,59fd0e014e88a941d876044b60262f96,cdf77a4a8425c4ca,data\raw\dataset_B\EALPR Vechicles dataset\Vehicles\1076.jpg
dataset_B,1077.jpg,1077,.jpg,130566,902,1125,RGB,369bf28cf6e9f9b050fda7be1ca9fc17,81a32fc1e56de465,data\raw\dataset_B\EALPR Vechicles dataset\Vehicles\1077.jpg
dataset_B,1078.jpg,1078,.jpg,86101,1080,810,RGB,d0240b5114122988e55d3e80527f365d,a0a5bf538f994346,data\raw\dataset_B\EALPR Vechicles dataset\Vehicles\1078.jpg
dataset_B,1079.jpg,1079,.jpg,64279,1080,565,RGB,4323ba9a91e25831482be137f42bfcc9,9f60aa5f8068cdc7,data\raw\dataset_B\EALPR Vechicles dataset\Vehicles\1079.jpg
dataset_B,1080.jpg,1080,.jpg,102866,960,720,RGB,9411bf6f1ab5cfea20451542b3c8dd12,dcbce21dd7429541,data\raw\dataset_B\EALPR Vechicles dataset\Vehicles\1080.jpg
dataset_B,1081.jpg,1081,.jpg,25758,1080,608,RGB,257a4d85c15b3c0acf602f083968d5f4,c9a43c8ecb24fcc3,data\raw\dataset_B\EALPR Vechicles dataset\Vehicles\1081.jpg
dataset_B,1082.jpg,1082,.jpg,81378,1080,1028,RGB,bec8f9788082341b22511d7c3dc26bfc,afaad281cdb5b0d0,data\raw\dataset_B\EALPR Vechicles dataset\Vehicles\1082.jpg
dataset_B,1083.jpg,1083,.jpg,43057,956,956,RGB,0039fb9282b492c7215bf101b1552e31,ad29ba5a42d4a9ad,data\raw\dataset_B\EALPR Vechicles dataset\Vehicles\1083.jpg
dataset_B,1084.jpg,1084,.jpg,54799,1000,749,RGB,ea7b6d286bb95c39fbb34a94bda7162e,ce397298ec235cb8,data\raw\dataset_B\EALPR Vechicles dataset\Vehicles\1084.jpg
dataset_B,1085.jpg,1085,.jpg,156840,953,1125,RGB,b22fa92af6140a9104ea65aaf503b169,aec1d16ec52b2e31,data\raw\dataset_B\EALPR Vechicles dataset\Vehicles\1085.jpg
dataset_B,1086.jpg,1086,.jpg,54155,1080,609,RGB,173089e02f757ffc23e5721ac3fe33ad,ca07e6f69c233394,data\raw\dataset_B\EALPR Vechicles dataset\Vehicles\1086.jpg
dataset_B,1087.jpg,1087,.jpg,162604,1080,1080,RGB,bb559430ceec33e476da81a70909504e,ab82a43fd7e89d20,data\raw\dataset_B\EALPR Vechicles dataset\Vehicles\1087.jpg
dataset_B,1088.jpg,1088,.jpg,55874,1080,608,RGB,3a69cd59d324efb82859e005fd23936b,b583ea7d43149f82,data\raw\dataset_B\EALPR Vechicles dataset\Vehicles\1088.jpg
dataset_B,1089.jpg,1089,.jpg,99265,900,1125,RGB,01152c7f189906ac295fdde1c21866e5,bb6ac23c19c23537,data\raw\dataset_B\EALPR Vechicles dataset\Vehicles\1089.jpg
dataset_B,1090.jpg,1090,.jpg,77435,1080,810,RGB,ba35568a4c433b9f1372fd480495ba69,afa5a49c8647c3ca,data\raw\dataset_B\EALPR Vechicles dataset\Vehicles\1090.jpg
dataset_B,1091.jpg,1091,.jpg,71183,1080,796,RGB,9efe8b77efe8306e251873be0144c3f2,af35548b24ad8d36,data\raw\dataset_B\EALPR Vechicles dataset\Vehicles\1091.jpg
dataset_B,1092.jpg,1092,.jpg,68040,1050,1125,RGB,ed3fb400fc30581be3cacacb5ae4dc17,f88793f87e0a01dc,data\raw\dataset_B\EALPR Vechicles dataset\Vehicles\1092.jpg
dataset_B,1093.jpg,1093,.jpg,125383,900,1125,RGB,ee5c36f5b7c97d14fcfe63c4977eba5a,ba3b921212f63bb8,data\raw\dataset_B\EALPR Vechicles dataset\Vehicles\1093.jpg
dataset_B,1094.jpg,1094,.jpg,99559,1080,809,RGB,9ed591a43114101b743845100ddeb4bd,bbd6d929a419d688,data\raw\dataset_B\EALPR Vechicles dataset\Vehicles\1094.jpg
dataset_B,1095.jpg,1095,.jpg,93742,1080,608,RGB,27745109eebac2a9987f857136303d06,9bcbce24f4323316,data\raw\dataset_B\EALPR Vechicles dataset\Vehicles\1095.jpg
dataset_B,1096.jpg,1096,.jpg,81993,900,1125,RGB,630e9b35ed554b2f84940faae6560abb,eb9796c04c8771d8,data\raw\dataset_B\EALPR Vechicles dataset\Vehicles\1096.jpg
dataset_B,1097.jpg,1097,.jpg,44749,1080,1080,RGB,9881c535116645fb322ee8b85b7c2567,ff81f34a0a6c8cac,data\raw\dataset_B\EALPR Vechicles dataset\Vehicles\1097.jpg
dataset_B,1098.jpg,1098,.jpg,74119,900,1125,RGB,a2921068b4374fc2fe305e58476672b2,ebc9d89c8bc38938,data\raw\dataset_B\EALPR Vechicles dataset\Vehicles\1098.jpg
dataset_B,1099.jpg,1099,.jpg,78240,1080,608,RGB,3d618492be5f583ca40fc468fdbce599,c8f036af8d67a311,data\raw\dataset_B\EALPR Vechicles dataset\Vehicles\1099.jpg
dataset_B,1100.jpg,1100,.jpg,50945,1080,608,RGB,d784e9122791c0341ea4fc536b35357c,d7382a8229df5f82,data\raw\dataset_B\EALPR Vechicles dataset\Vehicles\1100.jpg
dataset_B,1101.jpg,1101,.jpg,91215,1000,1109,RGB,3b4fc5fe0fb04f2953a77a39a6fb95d8,fcdade16468aac28,data\raw\dataset_B\EALPR Vechicles dataset\Vehicles\1101.jpg
dataset_B,1102.jpg,1102,.jpg,96601,900,1125,RGB,b55522d86ca05758ed10f0fa34430247,beb4b4b04b5f4e02,data\raw\dataset_B\EALPR Vechicles dataset\Vehicles\1102.jpg
dataset_B,1103.jpg,1103,.jpg,170052,827,827,RGB,2233aced407de5025fbfcd694f533557,e80ecf788ae37145,data\raw\dataset_B\EALPR Vechicles dataset\Vehicles\1103.jpg
dataset_B,1104.jpg,1104,.jpg,42652,1080,808,RGB,372b643bcd305c085c2c929f33189b08,c8e173898d2333dd,data\raw\dataset_B\EALPR Vechicles dataset\Vehicles\1104.jpg
dataset_B,1105.jpg,1105,.jpg,63582,1080,808,RGB,ddecaf9dfee308ba6f6f68f008b9d092,88a324dc7374ce73,data\raw\dataset_B\EALPR Vechicles dataset\Vehicles\1105.jpg
dataset_B,1106.jpg,1106,.jpg,92222,1080,808,RGB,a0493a3c8df3a844b7dc37b53cb4a2db,adacea83b1e1e1c1,data\raw\dataset_B\EALPR Vechicles dataset\Vehicles\1106.jpg
dataset_B,1107.jpg,1107,.jpg,42109,1080,810,RGB,57b9c46c58421201fd8fed423de027bf,f8d10323d3e1e5d1,data\raw\dataset_B\EALPR Vechicles dataset\Vehicles\1107.jpg
dataset_B,1108.jpg,1108,.jpg,96808,900,1125,RGB,00284316e3f57af204366581625ae1b7,af8e5ac3c7347083,data\raw\dataset_B\EALPR Vechicles dataset\Vehicles\1108.jpg
dataset_B,1109.jpg,1109,.jpg,151922,1080,1080,RGB,deecd6e46714b096629b52fc4529493c,ae8686b57ad301d9,data\raw\dataset_B\EALPR Vechicles dataset\Vehicles\1109.jpg
dataset_B,1110.jpg,1110,.jpg,127966,1034,1293,RGB,1e88ebab8838b09ebfc3a7d01803092c,8ccc64ccdc5c66cb,data\raw\dataset_B\EALPR Vechicles dataset\Vehicles\1110.jpg
dataset_B,1111.jpg,1111,.jpg,133411,900,1125,RGB,e5aafcad59a014a7201d640ce2bf5c76,fa52c1215bd636d2,data\raw\dataset_B\EALPR Vechicles dataset\Vehicles\1111.jpg
dataset_B,1112.jpg,1112,.jpg,58806,900,1125,RGB,b55a406b32a32a02b4ac20d1f929c6cf,bf943e362465c52c,data\raw\dataset_B\EALPR Vechicles dataset\Vehicles\1112.jpg
dataset_B,1113.jpg,1113,.jpg,71864,900,1125,RGB,9c0029ba3a580c8afe011957049e75f6,fb933a89c52e6644,data\raw\dataset_B\EALPR Vechicles dataset\Vehicles\1113.jpg
dataset_B,1114.jpg,1114,.jpg,96537,1080,719,RGB,693eb9bbc293099b6dabe3377d40d468,ae2ab135c071d4de,data\raw\dataset_B\EALPR Vechicles dataset\Vehicles\1114.jpg
dataset_B,1115.jpg,1115,.jpg,85039,1080,810,RGB,60b304ce73720a613928874e1e9d7608,f9d0a62dd4ea29e0,data\raw\dataset_B\EALPR Vechicles dataset\Vehicles\1115.jpg
dataset_B,1116.jpg,1116,.jpg,229872,1080,1351,RGB,4086735cd21d1630ac0a65a450946d20,a96ad699cad291d8,data\raw\dataset_B\EALPR Vechicles dataset\Vehicles\1116.jpg
dataset_B,1117.jpg,1117,.jpg,40598,900,1125,RGB,630ab20e858d1b2f957007e70174bb76,fa66a49966919966,data\raw\dataset_B\EALPR Vechicles dataset\Vehicles\1117.jpg
dataset_B,1118.jpg,1118,.jpg,73417,1080,608,RGB,226eaab486182344e15c0fca918b1350,9e9131cef4228ecd,data\raw\dataset_B\EALPR Vechicles dataset\Vehicles\1118.jpg
dataset_B,1119.jpg,1119,.jpg,87271,1080,807,RGB,f1c9836778bc49dc192e75321b74b121,e8acb3809dc7c798,data\raw\dataset_B\EALPR Vechicles dataset\Vehicles\1119.jpg
dataset_B,1120.jpg,1120,.jpg,91000,1080,565,RGB,1dbfbcc62321ea0ea22b48c0a97f2f1b,fd91845e73ccc388,data\raw\dataset_B\EALPR Vechicles dataset\Vehicles\1120.jpg
dataset_B,1121.jpg,1121,.jpg,76875,1080,709,RGB,de859437a7ce03a1bfc52566d40d543c,a280cc4bcbcdc7c7,data\raw\dataset_B\EALPR Vechicles dataset\Vehicles\1121.jpg
dataset_B,1122.jpg,1122,.jpg,53271,1080,949,RGB,dcfff868f0c0697fedf6a3ca5f2d9f8a,ba5ac0256ad93de2,data\raw\dataset_B\EALPR Vechicles dataset\Vehicles\1122.jpg
dataset_B,1123.jpg,1123,.jpg,68737,900,1125,RGB,b2fcb9db6b81c7b1f27d17d6a6edb460,eb6b952fc02bc09c,data\raw\dataset_B\EALPR Vechicles dataset\Vehicles\1123.jpg
dataset_B,1124.jpg,1124,.jpg,76516,900,1125,RGB,1d7d32ae8c2d119dba297e156d6f1879,ebc16cc4d1193e6a,data\raw\dataset_B\EALPR Vechicles dataset\Vehicles\1124.jpg
dataset_B,1125.jpg,1125,.jpg,37310,900,1125,RGB,62b83718d8e2d5a64e6bf2923e7c000f,ba90676767989869,data\raw\dataset_B\EALPR Vechicles dataset\Vehicles\1125.jpg
dataset_B,1126.jpg,1126,.jpg,100548,900,1125,RGB,88642cb17ac7614c9ef34158870cae7b,bf9796969aca4062,data\raw\dataset_B\EALPR Vechicles dataset\Vehicles\1126.jpg
dataset_B,1127.jpg,1127,.jpg,92807,705,697,RGB,f3a6080cffd888ca283ce3718a11d232,d5af2a94955f8129,data\raw\dataset_B\EALPR Vechicles dataset\Vehicles\1127.jpg
dataset_B,1128.jpg,1128,.jpg,112489,900,1125,RGB,dd597db47bda0d9aeca1e3bdd6b21225,bb23a6666a8989e3,data\raw\dataset_B\EALPR Vechicles dataset\Vehicles\1128.jpg
dataset_B,1129.jpg,1129,.jpg,157203,1064,1125,RGB,92f0ce92368578bf8dd514814194b04e,96d6674969e94992,data\raw\dataset_B\EALPR Vechicles dataset\Vehicles\1129.jpg
dataset_B,1130.jpg,1130,.jpg,92214,986,1125,RGB,d98b42852b0178354e944188604ab6ed,ebd5f070d0c3c3c2,data\raw\dataset_B\EALPR Vechicles dataset\Vehicles\1130.jpg
dataset_B,1131.jpg,1131,.jpg,63886,1080,1080,RGB,fcb2261abf92145a9ca3a9104a12dea6,948183ab6d7436fa,data\raw\dataset_B\EALPR Vechicles dataset\Vehicles\1131.jpg
dataset_B,1132.jpg,1132,.jpg,52073,612,612,RGB,35a50c44e9f4fa6bef022680dfa16b3e,d43402ca2b27fcf6,data\raw\dataset_B\EALPR Vechicles dataset\Vehicles\1132.jpg
dataset_B,1133.jpg,1133,.jpg,124229,944,1181,RGB,74c8eeb4525704e7f7b676d50cb05c91,ada9c06f0f50b5d2,data\raw\dataset_B\EALPR Vechicles dataset\Vehicles\1133.jpg
dataset_B,1134.jpg,1134,.jpg,80775,900,1125,RGB,17e8d744dcc9215682f72840f85c5b7f,ba95b43c30d2da1e,data\raw\dataset_B\EALPR Vechicles dataset\Vehicles\1134.jpg
dataset_B,1135.jpg,1135,.jpg,115506,900,1125,RGB,46a17a70c73698a680648dd5310d529a,efe4d042cac24b2f,data\raw\dataset_B\EALPR Vechicles dataset\Vehicles\1135.jpg
dataset_B,1136.jpg,1136,.jpg,93719,800,1000,RGB,bb242dc65d07d485a5eb025312141b51,f885d7f8e0c6063a,data\raw\dataset_B\EALPR Vechicles dataset\Vehicles\1136.jpg
dataset_B,1137.jpg,1137,.jpg,106422,1080,1080,RGB,8465808ae246c36f82f32f0dd091daa4,e88086faf859f12e,data\raw\dataset_B\EALPR Vechicles dataset\Vehicles\1137.jpg
dataset_B,1138.jpg,1138,.jpg,177173,900,1125,RGB,3f4cd2cda8d3b33b42cddb74a9573cb4,ab2b941c29c256fd,data\raw\dataset_B\EALPR Vechicles dataset\Vehicles\1138.jpg
dataset_B,1139.jpg,1139,.jpg,93411,1080,1080,RGB,55fc516c12b34fb8c280273acb39a6f8,ea8f877a213fa160,data\raw\dataset_B\EALPR Vechicles dataset\Vehicles\1139.jpg
dataset_B,1140.jpg,1140,.jpg,92404,799,571,RGB,e60c8aa549a116e78c2671b7c73d87d4,ebb5a307171e889a,data\raw\dataset_B\EALPR Vechicles dataset\Vehicles\1140.jpg
dataset_B,1141.jpg,1141,.jpg,78218,1080,1080,RGB,65db0f4402b43e9cbc66e40f035d9552,bbd1d022a022f5fd,data\raw\dataset_B\EALPR Vechicles dataset\Vehicles\1141.jpg
dataset_B,1142.jpg,1142,.jpg,83111,1080,608,RGB,69d52313a39be6fec4ef258bd60b72e9,ba115dde194d92b4,data\raw\dataset_B\EALPR Vechicles dataset\Vehicles\1142.jpg
dataset_B,1143.jpg,1143,.jpg,89440,1080,1080,RGB,3391b4f5b61082e1d95bb62188375ff0,9babe66698983a26,data\raw\dataset_B\EALPR Vechicles dataset\Vehicles\1143.jpg
dataset_B,1144.jpg,1144,.jpg,103529,1080,776,RGB,8fefa9b1b62ab9045f0782a376a5e594,a8a288a0a39ff79b,data\raw\dataset_B\EALPR Vechicles dataset\Vehicles\1144.jpg
dataset_B,1145.jpg,1145,.jpg,109934,1080,776,RGB,5784dde733d10a03400288777a26cdbe,a9a1a3c2d57476d4,data\raw\dataset_B\EALPR Vechicles dataset\Vehicles\1145.jpg
dataset_B,1146.jpg,1146,.jpg,88254,1080,1080,RGB,919864060b31db8e3d7d3765a3105bf1,bbbbd4642c04d38b,data\raw\dataset_B\EALPR Vechicles dataset\Vehicles\1146.jpg
dataset_B,1147.jpg,1147,.jpg,136847,844,1055,RGB,eec23c9a9665add95de85fca4256014f,eaa6d73301b0723b,data\raw\dataset_B\EALPR Vechicles dataset\Vehicles\1147.jpg
dataset_B,1148.jpg,1148,.jpg,128178,1080,1080,RGB,8080972d4bee093c4c2c6ef82ff832b8,c502ea85077e5d67,data\raw\dataset_B\EALPR Vechicles dataset\Vehicles\1148.jpg
dataset_B,1149.jpg,1149,.jpg,93405,1080,608,RGB,c0660dbe7aa182dce77ff461fcd9af2e,b418daa4817f76e2,data\raw\dataset_B\EALPR Vechicles dataset\Vehicles\1149.jpg
dataset_B,1150.jpg,1150,.jpg,65969,1080,810,RGB,a75ff4c5d17786273d2234610a92254e,a825a73ed1e262cb,data\raw\dataset_B\EALPR Vechicles dataset\Vehicles\1150.jpg
dataset_B,1151.jpg,1151,.jpg,54141,1080,1080,RGB,6946cf65b4926ce18c4bf8695aedc744,abf0d4b50b68d495,data\raw\dataset_B\EALPR Vechicles dataset\Vehicles\1151.jpg
dataset_B,1152.jpg,1152,.jpg,61833,1080,1080,RGB,2bfc0f69d4f8918fa8efdef25681d423,fdd180bc2302dcf5,data\raw\dataset_B\EALPR Vechicles dataset\Vehicles\1152.jpg
dataset_B,1153.jpg,1153,.jpg,54034,1080,810,RGB,53b4c47cf4f94a4fb95bff5578bba14e,92a5259e9ea1b2cb,data\raw\dataset_B\EALPR Vechicles dataset\Vehicles\1153.jpg
dataset_B,1154.jpg,1154,.jpg,48872,1080,578,RGB,feb92f8c36e896787f1ff7de184716bf,c03d7fc3338d7c40,data\raw\dataset_B\EALPR Vechicles dataset\Vehicles\1154.jpg
dataset_B,1155.jpg,1155,.jpg,93060,1080,1004,RGB,3a4f29b1ed50f7a0931ae9d4c368a7b4,c2453f907ee7601b,data\raw\dataset_B\EALPR Vechicles dataset\Vehicles\1155.jpg
dataset_B,1156.jpg,1156,.jpg,58034,1080,809,RGB,221590b9f95d6a37d40510eded494242,99e26e9ee7a0c82a,data\raw\dataset_B\EALPR Vechicles dataset\Vehicles\1156.jpg
dataset_B,1157.jpg,1157,.jpg,108683,937,1171,RGB,e602aac7ad045fd3283d831e851cf0b3,e0f8708387157c7e,data\raw\dataset_B\EALPR Vechicles dataset\Vehicles\1157.jpg
dataset_B,1158.jpg,1158,.jpg,213717,1080,1080,RGB,7a624171b8848bedff364786f091301f,e986bedd853a9121,data\raw\dataset_B\EALPR Vechicles dataset\Vehicles\1158.jpg
dataset_B,1159.jpg,1159,.jpg,41915,1080,1080,RGB,af5430390dfbd4ebacd20c535f2d3e08,9669699669719669,data\raw\dataset_B\EALPR Vechicles dataset\Vehicles\1159.jpg
dataset_B,1160.jpg,1160,.jpg,106586,950,1125,RGB,cc41c181b38a2123d1d6fa83d1710d46,82012d7ff27b93c4,data\raw\dataset_B\EALPR Vechicles dataset\Vehicles\1160.jpg
dataset_B,1161.jpg,1161,.jpg,128966,900,1125,RGB,b7a593f7a3a6c1918a89b2ea09331cc8,ea78e1c1c8d8cacb,data\raw\dataset_B\EALPR Vechicles dataset\Vehicles\1161.jpg
dataset_B,1162.jpg,1162,.jpg,92630,900,1125,RGB,276538ddc98d9304f0d1514f629ada42,af35b7838301393d,data\raw\dataset_B\EALPR Vechicles dataset\Vehicles\1162.jpg
dataset_B,1163.jpg,1163,.jpg,136237,1080,1351,RGB,343a969b176d0cf15c51f358c5f83ffd,9cfe6a89d1629295,data\raw\dataset_B\EALPR Vechicles dataset\Vehicles\1163.jpg
dataset_B,1164.jpg,1164,.jpg,107780,800,1000,RGB,c0347d68878c671f6480d82189faaf79,ae78d4c61e282f93,data\raw\dataset_B\EALPR Vechicles dataset\Vehicles\1164.jpg
dataset_B,1165.jpg,1165,.jpg,107182,1080,1080,RGB,5eb39645660693dbfb16f0ca99612838,ea685d3e9ea16113,data\raw\dataset_B\EALPR Vechicles dataset\Vehicles\1165.jpg
dataset_B,1166.jpg,1166,.jpg,44159,1080,810,RGB,3da485b5c128c6c68b4b97d4c9c8e2f6,efacb1b98cac3130,data\raw\dataset_B\EALPR Vechicles dataset\Vehicles\1166.jpg
dataset_B,1167.jpg,1167,.jpg,150019,900,1125,RGB,e5151d1743caeb2010ebf7f003486403,bf52e03b81852f5a,data\raw\dataset_B\EALPR Vechicles dataset\Vehicles\1167.jpg
dataset_B,1168.jpg,1168,.jpg,143312,720,720,RGB,73e77a386e770e80ca2b469b84dcbfa6,ec71e32ad431cb46,data\raw\dataset_B\EALPR Vechicles dataset\Vehicles\1168.jpg
dataset_B,1169.jpg,1169,.jpg,103570,900,1125,RGB,1615f24094508b43241fb19a597929a2,efc5c1cae0f03ab0,data\raw\dataset_B\EALPR Vechicles dataset\Vehicles\1169.jpg
dataset_B,1170.jpg,1170,.jpg,86736,900,1125,RGB,629742ad7924121dd71b2f85aebd95f6,eecc2e13c30b3db0,data\raw\dataset_B\EALPR Vechicles dataset\Vehicles\1170.jpg
dataset_B,1171.jpg,1171,.jpg,56762,1080,608,RGB,06f30e7951faebd7a98dbc60676ab9c5,9bc90d36f0f6d803,data\raw\dataset_B\EALPR Vechicles dataset\Vehicles\1171.jpg
dataset_B,1172.jpg,1172,.jpg,147965,1080,1079,RGB,2ca137a8d504a4365b9fd40469d7ed7a,df84ac79e0a099e6,data\raw\dataset_B\EALPR Vechicles dataset\Vehicles\1172.jpg
dataset_B,1173.jpg,1173,.jpg,89915,1080,1079,RGB,f6e7b9abd38acb9e196ef470b21f6eb9,fc8af47382a1ca8d,data\raw\dataset_B\EALPR Vechicles dataset\Vehicles\1173.jpg
dataset_B,1174.jpg,1174,.jpg,151920,900,1125,RGB,b1e23735fb6772afd4e1ec97beb19b7c,bf93d2b034b4b438,data\raw\dataset_B\EALPR Vechicles dataset\Vehicles\1174.jpg
dataset_B,1175.jpg,1175,.jpg,148615,1080,1080,RGB,cd3fe7fcf9234e4a444f8238c431ec2d,8ac2d17cf4c2cbc3,data\raw\dataset_B\EALPR Vechicles dataset\Vehicles\1175.jpg
dataset_B,1176.jpg,1176,.jpg,207956,1080,1350,RGB,d9ed1d657271b5f98d9c7bcbd786d68b,ece46ed0642f1cd4,data\raw\dataset_B\EALPR Vechicles dataset\Vehicles\1176.jpg
dataset_B,1177.jpg,1177,.jpg,62553,900,1125,RGB,90c11ce4409f5e0193cce5d94b04006f,be266bc97aa414d2,data\raw\dataset_B\EALPR Vechicles dataset\Vehicles\1177.jpg
dataset_B,1178.jpg,1178,.jpg,88867,900,1125,RGB,64c9eba8d863c2c4103a8d859e39f57c,ab78a526942d9e35,data\raw\dataset_B\EALPR Vechicles dataset\Vehicles\1178.jpg
dataset_B,1179.jpg,1179,.jpg,40324,1080,810,RGB,53fc3d546fe0cc7b02410b20b9d05741,a8e8775799a86474,data\raw\dataset_B\EALPR Vechicles dataset\Vehicles\1179.jpg
dataset_B,1180.jpg,1180,.jpg,176421,1080,1080,RGB,4faf120d04dcbe744b0d5f8fd445bb49,a9f2c65f978288a6,data\raw\dataset_B\EALPR Vechicles dataset\Vehicles\1180.jpg
dataset_B,1181.jpg,1181,.jpg,63026,1080,810,RGB,b1e297a1f5a612fd621582a83eec1338,80813ff57e52f0ac,data\raw\dataset_B\EALPR Vechicles dataset\Vehicles\1181.jpg
dataset_B,1182.jpg,1182,.jpg,105442,1080,988,RGB,a0c3d4116070e05773d86187216e8014,af0ec2e03d965279,data\raw\dataset_B\EALPR Vechicles dataset\Vehicles\1182.jpg
dataset_B,1183.jpg,1183,.jpg,95699,900,1125,RGB,6003a9e4ba40316747e5bb9f2f4fd15e,ea823d7fc0c22ad5,data\raw\dataset_B\EALPR Vechicles dataset\Vehicles\1183.jpg
dataset_B,1184.jpg,1184,.jpg,84699,900,1125,RGB,bf35337b435bd3d01070c0b0f51bd8a9,ea813e3e60749e8e,data\raw\dataset_B\EALPR Vechicles dataset\Vehicles\1184.jpg
dataset_B,1185.jpg,1185,.jpg,79942,1080,847,RGB,f7c0c7e35700f03d8979f59233bd7f0b,dc80b217de5f6164,data\raw\dataset_B\EALPR Vechicles dataset\Vehicles\1185.jpg
dataset_B,1186.jpg,1186,.jpg,124672,900,1125,RGB,f3bfc7faf9dfe2b4ee4886fa60c8ff36,ab61803c729a73d7,data\raw\dataset_B\EALPR Vechicles dataset\Vehicles\1186.jpg
dataset_B,1187.jpg,1187,.jpg,53340,900,1125,RGB,8a5c60925546f1f4d6bd0816103c80f2,bf919c3c254b943c,data\raw\dataset_B\EALPR Vechicles dataset\Vehicles\1187.jpg
dataset_B,1188.jpg,1188,.jpg,33496,900,1125,RGB,96d1b74474fa6b4b6759008e516c73d3,ae336b8edc21ca4a,data\raw\dataset_B\EALPR Vechicles dataset\Vehicles\1188.jpg
dataset_B,1189.jpg,1189,.jpg,71413,900,1125,RGB,af10ae09171957898c57ce1576dde088,ea872d7d90c1da86,data\raw\dataset_B\EALPR Vechicles dataset\Vehicles\1189.jpg
dataset_B,1190.jpg,1190,.jpg,118392,900,1125,RGB,ffad106bcde9b5cb34bbdf41b4ab4972,ea8dabcb0b0a623e,data\raw\dataset_B\EALPR Vechicles dataset\Vehicles\1190.jpg
dataset_B,1191.jpg,1191,.jpg,208672,1080,1080,RGB,06c64f092d2926cc5b775245ee569334,fd02c23f7d24114f,data\raw\dataset_B\EALPR Vechicles dataset\Vehicles\1191.jpg
dataset_B,1192.jpg,1192,.jpg,122621,900,1125,RGB,c4534d9a6f785d1ac28d2fafa025c38c,c4357acbd836e4c4,data\raw\dataset_B\EALPR Vechicles dataset\Vehicles\1192.jpg
dataset_B,1193.jpg,1193,.jpg,134496,900,1125,RGB,44a08f4f44752271da04a10d363a986a,cdb15fc29226c578,data\raw\dataset_B\EALPR Vechicles dataset\Vehicles\1193.jpg
dataset_B,1194.jpg,1194,.jpg,69358,1080,810,RGB,2a74a8185d76987d39d832cd962e214d,e3e2e787d2e0e0d0,data\raw\dataset_B\EALPR Vechicles dataset\Vehicles\1194.jpg
dataset_B,1195.jpg,1195,.jpg,73488,1080,810,RGB,2953d197850c38f00a96f632f8dbc7f8,c6c6ce1ee5c1c1f0,data\raw\dataset_B\EALPR Vechicles dataset\Vehicles\1195.jpg
dataset_B,1196.jpg,1196,.jpg,63826,900,1125,RGB,80ac6923bb47fe049874781c88ecc918,ee3a33c34cb4c24b,data\raw\dataset_B\EALPR Vechicles dataset\Vehicles\1196.jpg
dataset_B,1197.jpg,1197,.jpg,92499,1080,810,RGB,e8bbd58d08d946f0f44f6641dd84f487,aed5730cf8a2628e,data\raw\dataset_B\EALPR Vechicles dataset\Vehicles\1197.jpg
dataset_B,1198.jpg,1198,.jpg,125716,827,827,RGB,3b4d72d6d9da3bfe65496cca71c37974,b5a42fa5d446693a,data\raw\dataset_B\EALPR Vechicles dataset\Vehicles\1198.jpg
dataset_B,1199.jpg,1199,.jpg,116920,1080,1080,RGB,6eaee00337800ebe94b2ac29f93a4f79,eeaeb6149c06c69c,data\raw\dataset_B\EALPR Vechicles dataset\Vehicles\1199.jpg
dataset_B,1200.jpg,1200,.jpg,64348,1080,810,RGB,bd600e419bcc7589cdb8c12bad455e24,813f6e8091eac8bf,data\raw\dataset_B\EALPR Vechicles dataset\Vehicles\1200.jpg
dataset_B,1201.jpg,1201,.jpg,87400,1080,810,RGB,be98029d275a757ac2fd2cbccf8cd729,ab90d32af514e639,data\raw\dataset_B\EALPR Vechicles dataset\Vehicles\1201.jpg
dataset_B,1202.jpg,1202,.jpg,50415,1080,773,RGB,c28c7f382284f4e52dc515ece7b3d288,ffffe5c8aa0080c2,data\raw\dataset_B\EALPR Vechicles dataset\Vehicles\1202.jpg
dataset_B,1203.jpg,1203,.jpg,25646,1036,1125,RGB,f40537defb339b5bff8ea8b17a734ba4,ffe1c0f0fa1d0198,data\raw\dataset_B\EALPR Vechicles dataset\Vehicles\1203.jpg
dataset_B,1204.jpg,1204,.jpg,137912,937,1170,RGB,6ee51f84a5cfb8a73655a268a71a34d3,ece9931610fc3d91,data\raw\dataset_B\EALPR Vechicles dataset\Vehicles\1204.jpg
dataset_B,1205.jpg,1205,.jpg,124283,750,750,RGB,336ffdf253e50fde64b457b8fee5024e,a8d22b2df22dcae1,data\raw\dataset_B\EALPR Vechicles dataset\Vehicles\1205.jpg
dataset_B,1206.jpg,1206,.jpg,109577,1080,1080,RGB,7ef2cccdf84301c22ec311edcb5a2938,c28237fc94c58d4f,data\raw\dataset_B\EALPR Vechicles dataset\Vehicles\1206.jpg
dataset_B,1207.jpg,1207,.jpg,175263,900,1125,RGB,56f32f4c82de39ef11d6ae3c30d29396,aba7252bd2e02597,data\raw\dataset_B\EALPR Vechicles dataset\Vehicles\1207.jpg
dataset_B,1208.jpg,1208,.jpg,124800,1080,1080,RGB,ef34c9524f788f338af9922587ea50ab,8829ea9ee322bea6,data\raw\dataset_B\EALPR Vechicles dataset\Vehicles\1208.jpg
dataset_B,1209.jpg,1209,.jpg,106398,1080,810,RGB,553bf69d5897f88f7eaa95001a3d96c2,f4b4c08357ddb5a0,data\raw\dataset_B\EALPR Vechicles dataset\Vehicles\1209.jpg
dataset_B,1210.jpg,1210,.jpg,43541,900,1125,RGB,741facc4b68809117de40936d4329aad,d7c3882cb4d253f8,data\raw\dataset_B\EALPR Vechicles dataset\Vehicles\1210.jpg
dataset_B,1211.jpg,1211,.jpg,64345,900,1125,RGB,c8f4dff4103793827296aab87da356a0,faf0e0471d26c2e9,data\raw\dataset_B\EALPR Vechicles dataset\Vehicles\1211.jpg
dataset_B,1212.jpg,1212,.jpg,74387,1080,810,RGB,7090d38b15c95ded700e0f2c6e418362,a982d67f892d2595,data\raw\dataset_B\EALPR Vechicles dataset\Vehicles\1212.jpg
dataset_B,1213.jpg,1213,.jpg,85827,900,1125,RGB,e7afa02f6e9fe91d580b72da24de65c6,fec62d2d87c9c860,data\raw\dataset_B\EALPR Vechicles dataset\Vehicles\1213.jpg
dataset_B,1214.jpg,1214,.jpg,63934,611,519,RGB,ed36eaa5423ae9ce4554dbd8fe4973f6,aa87952bff21a185,data\raw\dataset_B\EALPR Vechicles dataset\Vehicles\1214.jpg
dataset_B,1215.jpg,1215,.jpg,56470,1080,1013,RGB,3596aa2ffd4745858bbb59e478b2f8ca,8eab31210ccdbd3b,data\raw\dataset_B\EALPR Vechicles dataset\Vehicles\1215.jpg
dataset_B,1216.jpg,1216,.jpg,87092,1080,895,RGB,cb365c453d9ca98af5d41bcff82f093f,f1a1b13f8726416d,data\raw\dataset_B\EALPR Vechicles dataset\Vehicles\1216.jpg
dataset_B,1217.jpg,1217,.jpg,34225,1080,608,RGB,10d8c6d930a2994007084f06000ad3ea,c7c9c133f33b580c,data\raw\dataset_B\EALPR Vechicles dataset\Vehicles\1217.jpg
dataset_B,1218.jpg,1218,.jpg,51619,900,1125,RGB,cb8ae653631838ca074686edb163736f,fbd9c9c8c8e026c6,data\raw\dataset_B\EALPR Vechicles dataset\Vehicles\1218.jpg
dataset_B,1219.jpg,1219,.jpg,46909,900,1125,RGB,9fb10fb957042ee00897f9180f46ea30,fbd991d908ec24e2,data\raw\dataset_B\EALPR Vechicles dataset\Vehicles\1219.jpg
dataset_B,1220.jpg,1220,.jpg,66401,1080,1079,RGB,9ba7bcf094eec12c3103ad9422427c1c,8667654e8a607a9f,data\raw\dataset_B\EALPR Vechicles dataset\Vehicles\1220.jpg
dataset_B,1221.jpg,1221,.jpg,113406,900,1125,RGB,b9cd93404f18ba703e7aa9e080952ddf,bf9594b527aa9222,data\raw\dataset_B\EALPR Vechicles dataset\Vehicles\1221.jpg
dataset_B,1222.jpg,1222,.jpg,108280,810,810,RGB,8f7546404e31f48d69e673a8322a383c,ac75d04aadb42e53,data\raw\dataset_B\EALPR Vechicles dataset\Vehicles\1222.jpg
dataset_B,1223.jpg,1223,.jpg,32518,1080,810,RGB,62f701493d0d586ce009be85ad4202bd,d7b038cef4218e66,data\raw\dataset_B\EALPR Vechicles dataset\Vehicles\1223.jpg
dataset_B,1224.jpg,1224,.jpg,56648,1080,608,RGB,c09cb1fbdc577f5a0f9f24401b3a36c5,8bd335a56a189c6b,data\raw\dataset_B\EALPR Vechicles dataset\Vehicles\1224.jpg
dataset_B,1225.jpg,1225,.jpg,37584,1080,608,RGB,c85fc9e19ff407317bc29ae775fc0806,d3b1a01e695fccb0,data\raw\dataset_B\EALPR Vechicles dataset\Vehicles\1225.jpg
dataset_B,1226.jpg,1226,.jpg,124653,937,1170,RGB,d3033000eb041ca76213152d24d51b0f,fdc0d36d207b5494,data\raw\dataset_B\EALPR Vechicles dataset\Vehicles\1226.jpg
dataset_B,1227.jpg,1227,.jpg,55155,1080,810,RGB,04cb08510dc0c9372ff2405d24fbce47,aaea683cea5a0ea5,data\raw\dataset_B\EALPR Vechicles dataset\Vehicles\1227.jpg
dataset_B,1228.jpg,1228,.jpg,79823,900,1125,RGB,753b22b3187875942e2c2b287f0a0aeb,fa81e16b1a7a2785,data\raw\dataset_B\EALPR Vechicles dataset\Vehicles\1228.jpg
dataset_B,1229.jpg,1229,.jpg,97088,1080,1080,RGB,8ef0df2bd465eaf5e371bfd790a229dd,81d93e2e43d27a72,data\raw\dataset_B\EALPR Vechicles dataset\Vehicles\1229.jpg
dataset_B,1230.jpg,1230,.jpg,46110,900,1125,RGB,1a40a489b1a687812a32f089e2c8ef3e,bad193cd3484e4cd,data\raw\dataset_B\EALPR Vechicles dataset\Vehicles\1230.jpg
dataset_B,1231.jpg,1231,.jpg,82343,900,1125,RGB,bce09b26733e2657210fb2059e8cbef1,af85d07a1c2c3d95,data\raw\dataset_B\EALPR Vechicles dataset\Vehicles\1231.jpg
dataset_B,1232.jpg,1232,.jpg,75216,1080,810,RGB,70616eef54365b9e63d0741a21b71bca,c383ac3cdac26e78,data\raw\dataset_B\EALPR Vechicles dataset\Vehicles\1232.jpg
dataset_B,1233.jpg,1233,.jpg,67554,900,1125,RGB,0b3f4dfab0822b24df112d867c057853,fdd5a02a9a3a62d4,data\raw\dataset_B\EALPR Vechicles dataset\Vehicles\1233.jpg
dataset_B,1234.jpg,1234,.jpg,143189,800,1000,RGB,077aaeab21861d64fc84485b62cec4e1,a475c12c14956def,data\raw\dataset_B\EALPR Vechicles dataset\Vehicles\1234.jpg
dataset_B,1235.jpg,1235,.jpg,40677,900,1125,RGB,4a6f161abb9bc3ea844f184aead43dac,eb3e6a9cc0e2313c,data\raw\dataset_B\EALPR Vechicles dataset\Vehicles\1235.jpg
dataset_B,1236.jpg,1236,.jpg,72418,900,1125,RGB,783ac46611a4f67ee1aa4359aa9ec201,fbad2f2fc90d2500,data\raw\dataset_B\EALPR Vechicles dataset\Vehicles\1236.jpg
dataset_B,1237.jpg,1237,.jpg,68805,900,1125,RGB,727c3101e9cd56b47bcbf765a7b47a7e,be94c2c26323c3cf,data\raw\dataset_B\EALPR Vechicles dataset\Vehicles\1237.jpg
dataset_B,1238.jpg,1238,.jpg,68369,900,1125,RGB,0eeec7712eb9897971562a545bc013d7,eec4c0c16fcdc83c,data\raw\dataset_B\EALPR Vechicles dataset\Vehicles\1238.jpg
dataset_B,1239.jpg,1239,.jpg,59026,900,1125,RGB,ac3bfc64cf4049cec70b05e41d1258de,ee84c0c7c7cbc90d,data\raw\dataset_B\EALPR Vechicles dataset\Vehicles\1239.jpg
dataset_B,1240.jpg,1240,.jpg,66972,900,1125,RGB,901d1faab6cf1749521d8dd9b3ab22b9,eec4c14fc9983939,data\raw\dataset_B\EALPR Vechicles dataset\Vehicles\1240.jpg
dataset_B,1241.jpg,1241,.jpg,66871,900,1125,RGB,937f49c46f7eee823233bf2a88e8e534,ebc1c3cb99193133,data\raw\dataset_B\EALPR Vechicles dataset\Vehicles\1241.jpg
dataset_B,1242.jpg,1242,.jpg,63230,900,1125,RGB,645d967362da324a6615961f1551cb7f,efc0c31bd9387312,data\raw\dataset_B\EALPR Vechicles dataset\Vehicles\1242.jpg
dataset_B,1243.jpg,1243,.jpg,40507,960,754,RGB,ff52bcc036ef8a704b7a2fdb78d355b0,d4d5a5639c1c73c2,data\raw\dataset_B\EALPR Vechicles dataset\Vehicles\1243.jpg
dataset_B,1244.jpg,1244,.jpg,71398,900,1125,RGB,186428c32b3f67de98de0de1398b3ec9,eac1cb3b5a32c28e,data\raw\dataset_B\EALPR Vechicles dataset\Vehicles\1244.jpg
dataset_B,1245.jpg,1245,.jpg,103168,1080,1080,RGB,ce92c0025ffe995e4b7639a0ecc19c02,a6a6cc7c8b52548f,data\raw\dataset_B\EALPR Vechicles dataset\Vehicles\1245.jpg
dataset_B,1246.jpg,1246,.jpg,51395,900,1125,RGB,cee0e51c3f1f82efd24a8e6fe9e7e41b,ebc59e1ab0a56ec0,data\raw\dataset_B\EALPR Vechicles dataset\Vehicles\1246.jpg
dataset_B,1247.jpg,1247,.jpg,54736,900,1125,RGB,b274d0865f6eac281e37b364973a040e,fac0878f98903737,data\raw\dataset_B\EALPR Vechicles dataset\Vehicles\1247.jpg
dataset_B,1248.jpg,1248,.jpg,97766,900,1125,RGB,0d89e8cc89caf0d9ebb4d954eb6ffe47,ae85e06b7038359f,data\raw\dataset_B\EALPR Vechicles dataset\Vehicles\1248.jpg
dataset_B,1249.jpg,1249,.jpg,90738,900,1125,RGB,5184bc951f8c9d39f93c474559941d98,ff81d08f037a70e8,data\raw\dataset_B\EALPR Vechicles dataset\Vehicles\1249.jpg
dataset_B,1250.jpg,1250,.jpg,83648,825,825,RGB,80dc234cba5d020e0aa32516a0baa64b,a5a4161e09fb6f62,data\raw\dataset_B\EALPR Vechicles dataset\Vehicles\1250.jpg
dataset_B,1251.jpg,1251,.jpg,54875,1080,810,RGB,0fdbf4f4f7dd190a87f2a29d925dc945,abfd0402969b4d3d,data\raw\dataset_B\EALPR Vechicles dataset\Vehicles\1251.jpg
dataset_B,1252.jpg,1252,.jpg,80909,900,1125,RGB,be6433f2c591dc67fb5b79a0be1b3ee2,abb09696ad2df0a2,data\raw\dataset_B\EALPR Vechicles dataset\Vehicles\1252.jpg
dataset_B,1253.jpg,1253,.jpg,57188,900,1125,RGB,de9721b523a198f801554885fba06d2f,efc5c189e8b0f232,data\raw\dataset_B\EALPR Vechicles dataset\Vehicles\1253.jpg
dataset_B,1254.jpg,1254,.jpg,71798,900,1125,RGB,e732fa184685107ad4385a9b37725876,fad0e84b0f2c3e94,data\raw\dataset_B\EALPR Vechicles dataset\Vehicles\1254.jpg
dataset_B,1255.jpg,1255,.jpg,121128,825,825,RGB,7bc1331edad5280cbf409ec421bc1fae,af2f922eda324c92,data\raw\dataset_B\EALPR Vechicles dataset\Vehicles\1255.jpg
dataset_B,1256.jpg,1256,.jpg,64237,1080,808,RGB,3a612beb3ba699dbf21183e535ea9b50,f514d2fe0303353d,data\raw\dataset_B\EALPR Vechicles dataset\Vehicles\1256.jpg
dataset_B,1257.jpg,1257,.jpg,76066,1080,810,RGB,1f5c03e908ab0729b9a08a2d02d6a01c,c7d384c2bc2f62ac,data\raw\dataset_B\EALPR Vechicles dataset\Vehicles\1257.jpg
dataset_B,1258.jpg,1258,.jpg,68521,1080,607,RGB,97f4a71568990379c83380427d917489,8a8b7442977ccad3,data\raw\dataset_B\EALPR Vechicles dataset\Vehicles\1258.jpg
dataset_B,1259.jpg,1259,.jpg,50832,1080,606,RGB,fa71e7eb13e59a3a8d23b53f502cf879,d3da9430dfcc8c8c,data\raw\dataset_B\EALPR Vechicles dataset\Vehicles\1259.jpg
dataset_B,1260.jpg,1260,.jpg,34522,1080,810,RGB,e79d8938f4c995939a00cf886688d8ad,d0da2fcb926f2518,data\raw\dataset_B\EALPR Vechicles dataset\Vehicles\1260.jpg
dataset_B,1261.jpg,1261,.jpg,95324,1080,808,RGB,2f65a6bc3be6b774b387c2cc0056e825,a5b4945c4a6e5d96,data\raw\dataset_B\EALPR Vechicles dataset\Vehicles\1261.jpg
dataset_B,1262.jpg,1262,.jpg,72185,960,960,RGB,5b7474c2b9adbd588dd938e8901c2e7c,f8cbcb2e8e82247c,data\raw\dataset_B\EALPR Vechicles dataset\Vehicles\1262.jpg
dataset_B,1263.jpg,1263,.jpg,59820,1080,808,RGB,fbe283ae1968484bedc543a55240bcc8,f41496389e973d94,data\raw\dataset_B\EALPR Vechicles dataset\Vehicles\1263.jpg
dataset_B,1264.jpg,1264,.jpg,180690,1080,1080,RGB,607eb6b86d8cd95a23f279a2c27250a6,a02297ed6dcb4b16,data\raw\dataset_B\EALPR Vechicles dataset\Vehicles\1264.jpg
dataset_B,1265.jpg,1265,.jpg,50619,1080,609,RGB,67604b21f3fe447711634616ceb223d4,d6ccc8b33f5b6408,data\raw\dataset_B\EALPR Vechicles dataset\Vehicles\1265.jpg
dataset_B,1266.jpg,1266,.jpg,77016,900,1125,RGB,ffa81dd194daf2c19ccc3a0649cb9e9d,ea60b34e04b13fce,data\raw\dataset_B\EALPR Vechicles dataset\Vehicles\1266.jpg
dataset_B,1267.jpg,1267,.jpg,64564,1080,608,RGB,04fec30b4c2a5edb773bbf4bc13f4f32,ad9484ef2c6de8d0,data\raw\dataset_B\EALPR Vechicles dataset\Vehicles\1267.jpg
dataset_B,1268.jpg,1268,.jpg,69927,900,1125,RGB,1c5b963c6bc7ec50e05dd0f1ee76f4c6,be3e919085cadbc4,data\raw\dataset_B\EALPR Vechicles dataset\Vehicles\1268.jpg
dataset_B,1269.jpg,1269,.jpg,65296,1080,810,RGB,67d1f9bd0f1e25e1133c6ad98f0626ec,afc2b32b8c7c3330,data\raw\dataset_B\EALPR Vechicles dataset\Vehicles\1269.jpg
dataset_B,1270.jpg,1270,.jpg,78392,1080,608,RGB,71b8cb5cfb89d2fb144780e65655d5a2,a993f403f514c63e,data\raw\dataset_B\EALPR Vechicles dataset\Vehicles\1270.jpg
dataset_B,1271.jpg,1271,.jpg,69768,796,597,RGB,b37c90c6c4178bbc034e682b3e4c4025,9e296a92c796313b,data\raw\dataset_B\EALPR Vechicles dataset\Vehicles\1271.jpg
dataset_B,1272.jpg,1272,.jpg,102518,900,1125,RGB,f7e7d86e4eeed6107988cfbcdaf3deca,ee3e96c03897c730,data\raw\dataset_B\EALPR Vechicles dataset\Vehicles\1272.jpg
dataset_B,1273.jpg,1273,.jpg,85138,900,1125,RGB,4e38a58d51370da5848efb6a7104d7aa,fa6ac2934d38c3cc,data\raw\dataset_B\EALPR Vechicles dataset\Vehicles\1273.jpg
dataset_B,1274.jpg,1274,.jpg,78717,1080,608,RGB,054e6c386e64479389f9d903a69d245d,f1c6e65825269f94,data\raw\dataset_B\EALPR Vechicles dataset\Vehicles\1274.jpg
dataset_B,1275.jpg,1275,.jpg,175273,1080,1080,RGB,2443d2e430ad191782651cf3225e8e41,9a66e52793916666,data\raw\dataset_B\EALPR Vechicles dataset\Vehicles\1275.jpg
dataset_B,1276.jpg,1276,.jpg,75304,1080,810,RGB,d2e41f41c6d27ea5a5df6224326fa2cf,bf25b425c3966439,data\raw\dataset_B\EALPR Vechicles dataset\Vehicles\1276.jpg
dataset_B,1277.jpg,1277,.jpg,97355,844,844,RGB,b9c47fcf3237aea7928915d4a3f18515,aa0c85ad0d67676b,data\raw\dataset_B\EALPR Vechicles dataset\Vehicles\1277.jpg
dataset_B,1278.jpg,1278,.jpg,114931,1052,1125,RGB,fe56238feb5f92528b4dfa5d3ff98ccf,fe86a21ff1683c84,data\raw\dataset_B\EALPR Vechicles dataset\Vehicles\1278.jpg
dataset_B,1279.jpg,1279,.jpg,52695,1080,808,RGB,0992240b2809d7d36f673d1a0243fcfd,f285853bcf363690,data\raw\dataset_B\EALPR Vechicles dataset\Vehicles\1279.jpg
dataset_B,1280.jpg,1280,.jpg,107920,900,1125,RGB,96e5184b583fe3fdc336820c704da3f2,bea1c97a61112ddc,data\raw\dataset_B\EALPR Vechicles dataset\Vehicles\1280.jpg
dataset_B,1281.jpg,1281,.jpg,96177,900,1125,RGB,006f3be43c758c2540932335ce2865fc,abe12d4b933c2dc1,data\raw\dataset_B\EALPR Vechicles dataset\Vehicles\1281.jpg
dataset_B,1282.jpg,1282,.jpg,57408,1080,837,RGB,32f999115bd2812e5be1b70dd2edc76c,ac94933b8c747173,data\raw\dataset_B\EALPR Vechicles dataset\Vehicles\1282.jpg
dataset_B,1283.jpg,1283,.jpg,75962,900,1125,RGB,dee6f4e6c06c9a272c673708aa155341,fa4b2f16c0e9361a,data\raw\dataset_B\EALPR Vechicles dataset\Vehicles\1283.jpg
dataset_B,1284.jpg,1284,.jpg,82795,767,767,RGB,fcea396f5fbfdc1b41e457c05553704d,add5560e1a2b2975,data\raw\dataset_B\EALPR Vechicles dataset\Vehicles\1284.jpg
dataset_B,1285.jpg,1285,.jpg,66655,900,1125,RGB,5f80fec8ed201b767bbf2505ba0d780a,bb81a46e6256de49,data\raw\dataset_B\EALPR Vechicles dataset\Vehicles\1285.jpg
dataset_B,1286.jpg,1286,.jpg,160843,937,1171,RGB,a23ad3f0f9c426f8d2e94e8641a5e304,eaa4815d547d5f44,data\raw\dataset_B\EALPR Vechicles dataset\Vehicles\1286.jpg
dataset_B,1287.jpg,1287,.jpg,74197,900,1125,RGB,61912b4b7aa8550541d3aaec50089d35,eac4959ab5672c4a,data\raw\dataset_B\EALPR Vechicles dataset\Vehicles\1287.jpg
dataset_B,1288.jpg,1288,.jpg,52769,1080,607,RGB,5cd49055550a900384e51aa84f28add0,b889d678d87c0d0f,data\raw\dataset_B\EALPR Vechicles dataset\Vehicles\1288.jpg
dataset_B,1289.jpg,1289,.jpg,29941,612,343,RGB,ab3d8aefe10075a9f8d2f0735f743ccd,ea5ee00c89607fd9,data\raw\dataset_B\EALPR Vechicles dataset\Vehicles\1289.jpg
dataset_B,1290.jpg,1290,.jpg,38820,640,480,RGB,9d5c9f4062957f67437015225102cc89,b0618f36cb8177b8,data\raw\dataset_B\EALPR Vechicles dataset\Vehicles\1290.jpg
dataset_B,1291.jpg,1291,.jpg,73795,900,1125,RGB,5d0a5e98694b7ce86cc70c5243039aa1,be94c19c3c78387a,data\raw\dataset_B\EALPR Vechicles dataset\Vehicles\1291.jpg
dataset_B,1292.jpg,1292,.jpg,53398,648,648,RGB,0bbb1e97ad4ae4c35334ffeeadea8e96,faa1819e9e9c8563,data\raw\dataset_B\EALPR Vechicles dataset\Vehicles\1292.jpg
dataset_B,1293.jpg,1293,.jpg,92131,1080,608,RGB,460cfeb172a13b50e881a10843d2e9e5,96c9b61649cece23,data\raw\dataset_B\EALPR Vechicles dataset\Vehicles\1293.jpg
dataset_B,1294.jpg,1294,.jpg,127965,900,1125,RGB,b4214a1ad3dac2c05e29c659f8cf9c5e,be5a909cbd58c0ec,data\raw\dataset_B\EALPR Vechicles dataset\Vehicles\1294.jpg
dataset_B,1295.jpg,1295,.jpg,54672,1080,900,RGB,80586444046bfff20bfc0a2b1ef9b278,abe8e4c595dad248,data\raw\dataset_B\EALPR Vechicles dataset\Vehicles\1295.jpg
dataset_B,1296.jpg,1296,.jpg,81279,1080,808,RGB,86fa40867ccb13ca3d8633c6ca1282f9,f9c3c12a8c7c36c6,data\raw\dataset_B\EALPR Vechicles dataset\Vehicles\1296.jpg
dataset_B,1297.jpg,1297,.jpg,141925,1080,1351,RGB,f625154bfd6d42618c07493052800282,aae2b272d2d2d296,data\raw\dataset_B\EALPR Vechicles dataset\Vehicles\1297.jpg
dataset_B,1298.jpg,1298,.jpg,66102,1080,810,RGB,e6570c5c483347d8662c39856ed489d0,ee7293c644b3a31c,data\raw\dataset_B\EALPR Vechicles dataset\Vehicles\1298.jpg
dataset_B,1299.jpg,1299,.jpg,72352,1080,808,RGB,2550ef24801fbaa305df720ca1ac7835,fa87d4e87a65421a,data\raw\dataset_B\EALPR Vechicles dataset\Vehicles\1299.jpg
dataset_B,1300.jpg,1300,.jpg,82028,900,1125,RGB,5be80f234603b0401c531f96dbeab876,bad86f4cd062e6e0,data\raw\dataset_B\EALPR Vechicles dataset\Vehicles\1300.jpg
dataset_B,1301.jpg,1301,.jpg,85783,900,1125,RGB,2b88ed02f6dbdfa635e6d0e36ca3134d,eec3c1c1688599cf,data\raw\dataset_B\EALPR Vechicles dataset\Vehicles\1301.jpg
dataset_B,1302.jpg,1302,.jpg,53180,750,562,RGB,1959eac4be482ebb7b895672a8e4cbd3,d8e061da9a65339b,data\raw\dataset_B\EALPR Vechicles dataset\Vehicles\1302.jpg
dataset_B,1303.jpg,1303,.jpg,99378,1080,725,RGB,cac167ba16ccf45ed519c1e4fa9612e7,ae24b05aceb0b2cf,data\raw\dataset_B\EALPR Vechicles dataset\Vehicles\1303.jpg
dataset_B,1304.jpg,1304,.jpg,42260,1080,608,RGB,59f7e58919df2cf6aec54ad4421d2f19,e6d9917d1b27e011,data\raw\dataset_B\EALPR Vechicles dataset\Vehicles\1304.jpg
dataset_B,1305.jpg,1305,.jpg,56758,1006,1125,RGB,2dddf4582ecf1a93e7680911837557df,f7a19c96497a3069,data\raw\dataset_B\EALPR Vechicles dataset\Vehicles\1305.jpg
dataset_B,1306.jpg,1306,.jpg,133176,1080,1350,RGB,5e0a47ddfb6195ad48a52e29ec53d0ab,a525951e0ac2ce7f,data\raw\dataset_B\EALPR Vechicles dataset\Vehicles\1306.jpg
dataset_B,1307.jpg,1307,.jpg,77271,1080,680,RGB,921eb57c441093636749c88ade6bd185,d85ad43cc337ee20,data\raw\dataset_B\EALPR Vechicles dataset\Vehicles\1307.jpg
dataset_B,1308.jpg,1308,.jpg,118908,936,1168,RGB,9b6a3e5c0b4bc7454315fdf5d6271840,bd9a0f909715ca6a,data\raw\dataset_B\EALPR Vechicles dataset\Vehicles\1308.jpg
dataset_B,1309.jpg,1309,.jpg,63131,900,1125,RGB,ce96b7135ea2992639d2516cdf8a4078,af8184b579497c74,data\raw\dataset_B\EALPR Vechicles dataset\Vehicles\1309.jpg
dataset_B,1310.jpg,1310,.jpg,52773,1080,810,RGB,c72e259e122b4dd414213fc411959931,e8d5a2dc6672d8c8,data\raw\dataset_B\EALPR Vechicles dataset\Vehicles\1310.jpg
dataset_B,1311.jpg,1311,.jpg,74243,708,708,RGB,b35d981e7cfaea21f31c8e8007b1f3c6,eb40d43e9a3d9236,data\raw\dataset_B\EALPR Vechicles dataset\Vehicles\1311.jpg
dataset_B,1312.jpg,1312,.jpg,41686,1080,810,RGB,a12c6acf5d137a7418353fdce3e57a7d,f7ff298640688786,data\raw\dataset_B\EALPR Vechicles dataset\Vehicles\1312.jpg
dataset_B,1313.jpg,1313,.jpg,92401,1080,712,RGB,1e9b046302b11534c9e0d7cc4563fa11,ed90b212f13af05b,data\raw\dataset_B\EALPR Vechicles dataset\Vehicles\1313.jpg
dataset_B,1314.jpg,1314,.jpg,72965,1080,808,RGB,2f69e62abe401ccfc0b87c5032a6b8bd,a4a12db4e96b88f9,data\raw\dataset_B\EALPR Vechicles dataset\Vehicles\1314.jpg
dataset_B,1315.jpg,1315,.jpg,72716,1080,680,RGB,a467984fe6ced799695572e829a1918f,c817f5e88761ec23,data\raw\dataset_B\EALPR Vechicles dataset\Vehicles\1315.jpg
dataset_B,1316.jpg,1316,.jpg,64480,1080,808,RGB,14913e06b27e64648779daabc065499e,968a2d2c13733d5d,data\raw\dataset_B\EALPR Vechicles dataset\Vehicles\1316.jpg
dataset_B,1317.jpg,1317,.jpg,81247,900,1125,RGB,4f92db0c0eff7387b21baf4fa55fb8cc,be90c9a943f363c1,data\raw\dataset_B\EALPR Vechicles dataset\Vehicles\1317.jpg
dataset_B,1318.jpg,1318,.jpg,71180,900,1125,RGB,29d510970df4304cff7970cc294c9902,ba6ae0e458d5c572,data\raw\dataset_B\EALPR Vechicles dataset\Vehicles\1318.jpg
dataset_B,1319.jpg,1319,.jpg,234286,1080,1344,RGB,a619b7a9eccaeb13767b54e228c984aa,b9f1f0d8932a4c66,data\raw\dataset_B\EALPR Vechicles dataset\Vehicles\1319.jpg
dataset_B,1320.jpg,1320,.jpg,122687,900,1125,RGB,b16c0d3ceb808ce7d333da1656927157,ea8cf0c1211fadf8,data\raw\dataset_B\EALPR Vechicles dataset\Vehicles\1320.jpg
dataset_B,1321.jpg,1321,.jpg,126875,750,564,RGB,1afd8aa4d1215e46ce1cdce74ec7b16d,f810b671d1d993b2,data\raw\dataset_B\EALPR Vechicles dataset\Vehicles\1321.jpg
dataset_B,1322.jpg,1322,.jpg,65541,968,1125,RGB,9c0d8e3d0be7e5bf1006d67c60810f72,c4353bcacab4f530,data\raw\dataset_B\EALPR Vechicles dataset\Vehicles\1322.jpg
dataset_B,1323.jpg,1323,.jpg,74705,1080,782,RGB,f113022398e4fece3aef13d026077f46,d8c8b732c13b8c3d,data\raw\dataset_B\EALPR Vechicles dataset\Vehicles\1323.jpg
dataset_B,1324.jpg,1324,.jpg,101104,1080,1080,RGB,cb10655d221d66bc631658c50af01375,e042ab2dd6bec8c3,data\raw\dataset_B\EALPR Vechicles dataset\Vehicles\1324.jpg
dataset_B,1325.jpg,1325,.jpg,23209,1080,810,RGB,2f99ebe2633fd22e2514a2bfe0b5b765,d9d0666699996666,data\raw\dataset_B\EALPR Vechicles dataset\Vehicles\1325.jpg
dataset_B,1326.jpg,1326,.jpg,54604,1080,808,RGB,47b13767c37928e509e83f6b20297ccb,8bad26c63d93e20e,data\raw\dataset_B\EALPR Vechicles dataset\Vehicles\1326.jpg
dataset_B,1327.jpg,1327,.jpg,83941,900,1125,RGB,7830afb8c5b6180448ea8688fbf3a39c,ae16d2de46423c6e,data\raw\dataset_B\EALPR Vechicles dataset\Vehicles\1327.jpg
dataset_B,1328.jpg,1328,.jpg,92542,1080,608,RGB,68f7c118115be364b561fbe0ac35240e,b252d327dea03aa9,data\raw\dataset_B\EALPR Vechicles dataset\Vehicles\1328.jpg
dataset_B,1329.jpg,1329,.jpg,93616,1080,1080,RGB,a6878fa772e04b2ede4c0194bc106180,f8c1c168d3c3d873,data\raw\dataset_B\EALPR Vechicles dataset\Vehicles\1329.jpg
dataset_B,1330.jpg,1330,.jpg,91884,826,826,RGB,07f9ce4d7d3ff5877007d43d230cbd6c,a5d63689092767dc,data\raw\dataset_B\EALPR Vechicles dataset\Vehicles\1330.jpg
dataset_B,1331.jpg,1331,.jpg,104202,900,1125,RGB,5a5850f412f2dcab708c515b2be489ba,bb92963d69c5461a,data\raw\dataset_B\EALPR Vechicles dataset\Vehicles\1331.jpg
dataset_B,1332.jpg,1332,.jpg,50846,1080,675,RGB,735831e1499225e06785f246164f6505,ea1740e93fc81da6,data\raw\dataset_B\EALPR Vechicles dataset\Vehicles\1332.jpg
dataset_B,1333.jpg,1333,.jpg,75165,900,1125,RGB,4baf4537bb6420422e49cdac458567ee,bf95c148e974b432,data\raw\dataset_B\EALPR Vechicles dataset\Vehicles\1333.jpg
dataset_B,1334.jpg,1334,.jpg,81876,900,1125,RGB,a210117cc71fd19334c9b7c89a0288ef,efe5f1309c9d8403,data\raw\dataset_B\EALPR Vechicles dataset\Vehicles\1334.jpg
dataset_B,1335.jpg,1335,.jpg,88795,900,1125,RGB,d309e84a22f8985c95c9559c3fee3867,beb1c381a5adc2d2,data\raw\dataset_B\EALPR Vechicles dataset\Vehicles\1335.jpg
dataset_B,1336.jpg,1336,.jpg,96885,800,1000,RGB,8cc405319fe0122fbea263e038301ec4,9232e0686ed7b78a,data\raw\dataset_B\EALPR Vechicles dataset\Vehicles\1336.jpg
dataset_B,1337.jpg,1337,.jpg,65869,1080,1080,RGB,6c43c0d65af9603eabd3c6afc12d349c,83c1cbc1e861abdb,data\raw\dataset_B\EALPR Vechicles dataset\Vehicles\1337.jpg
dataset_B,1338.jpg,1338,.jpg,78009,640,640,RGB,0b8b7d80c19af9037cf4f9e1b1f761e1,ffe0d409832b8d74,data\raw\dataset_B\EALPR Vechicles dataset\Vehicles\1338.jpg
dataset_B,1339.jpg,1339,.jpg,76681,1080,690,RGB,e46c9bf5ac4e57c38bef03715117d4ef,d078d8566f38c798,data\raw\dataset_B\EALPR Vechicles dataset\Vehicles\1339.jpg
dataset_B,1340.jpg,1340,.jpg,63575,900,1125,RGB,7192a3e53bafa4e3e681fdd9613fb777,baf16d9cd4619a82,data\raw\dataset_B\EALPR Vechicles dataset\Vehicles\1340.jpg
dataset_B,1341.jpg,1341,.jpg,61383,1080,799,RGB,b58efa6c3014f5bcbae725226f4a8094,f8b1838b8363cc8f,data\raw\dataset_B\EALPR Vechicles dataset\Vehicles\1341.jpg
dataset_B,1342.jpg,1342,.jpg,84544,900,1125,RGB,da1963775eede826551acde741967a02,bcad8d6878103cbd,data\raw\dataset_B\EALPR Vechicles dataset\Vehicles\1342.jpg
dataset_B,1343.jpg,1343,.jpg,57586,900,1125,RGB,e945fe9e0af5e9a61a3083cffbe3239d,eac43e3f60c88753,data\raw\dataset_B\EALPR Vechicles dataset\Vehicles\1343.jpg
dataset_B,1344.jpg,1344,.jpg,146783,800,1000,RGB,149b2c8597f7222c0a01f623f4133ea1,bc898171dea3a1c7,data\raw\dataset_B\EALPR Vechicles dataset\Vehicles\1344.jpg
dataset_B,1345.jpg,1345,.jpg,82186,1080,810,RGB,4232e657a2c42daa80ac9217f9d88922,e3e0e1615dee6c44,data\raw\dataset_B\EALPR Vechicles dataset\Vehicles\1345.jpg
dataset_B,1346.jpg,1346,.jpg,104234,900,1125,RGB,42304a476261a1e4250d317a49535a6d,ea8d8d0b0ff49692,data\raw\dataset_B\EALPR Vechicles dataset\Vehicles\1346.jpg
dataset_B,1347.jpg,1347,.jpg,92506,900,1125,RGB,d114a2a1667100af421d1fcb92ee7a6e,be9094c5c33b3cc5,data\raw\dataset_B\EALPR Vechicles dataset\Vehicles\1347.jpg
dataset_B,1348.jpg,1348,.jpg,69922,1080,649,RGB,2018706373c1314faca64acc32202f23,e18696a57e5b07c8,data\raw\dataset_B\EALPR Vechicles dataset\Vehicles\1348.jpg
dataset_B,1349.jpg,1349,.jpg,60552,1080,810,RGB,bacade70d5ffbc21b3b293b7aea622e9,cec0786883975eda,data\raw\dataset_B\EALPR Vechicles dataset\Vehicles\1349.jpg
dataset_B,1350.jpg,1350,.jpg,55700,900,1125,RGB,7c5e9eb54502fa24af85ad17cf69a374,fb991e46e8680f85,data\raw\dataset_B\EALPR Vechicles dataset\Vehicles\1350.jpg
dataset_B,1351.jpg,1351,.jpg,107787,1080,1350,RGB,b06f847b9649e6cd8bdfc9d4441a72df,ebc41a47659e916a,data\raw\dataset_B\EALPR Vechicles dataset\Vehicles\1351.jpg
dataset_B,1352.jpg,1352,.jpg,94748,900,1125,RGB,0443e626e804a44952ce273a056ccbd5,efe1da5a88c8d2c2,data\raw\dataset_B\EALPR Vechicles dataset\Vehicles\1352.jpg
dataset_B,1353.jpg,1353,.jpg,62597,900,900,RGB,ccdf29a624b8623c2b9878c544627d40,af683e3bc1959cc0,data\raw\dataset_B\EALPR Vechicles dataset\Vehicles\1353.jpg
dataset_B,1354.jpg,1354,.jpg,61848,1080,1080,RGB,1a4cbeb6ee346ea427baefc83f99d323,c0447d7fc2c06fc9,data\raw\dataset_B\EALPR Vechicles dataset\Vehicles\1354.jpg
dataset_B,1355.jpg,1355,.jpg,47968,1080,810,RGB,1b9e3cd45f439528d713175b41a6fab7,96cc684d9f7c4866,data\raw\dataset_B\EALPR Vechicles dataset\Vehicles\1355.jpg
dataset_B,1356.jpg,1356,.jpg,52468,900,1125,RGB,d9415fe6097edf74c2276636735c7f46,ee3939c49631cccc,data\raw\dataset_B\EALPR Vechicles dataset\Vehicles\1356.jpg
dataset_B,1357.jpg,1357,.jpg,70628,900,1125,RGB,1fa50af6232554b7535f98191ffdfefc,af953280d73e3c94,data\raw\dataset_B\EALPR Vechicles dataset\Vehicles\1357.jpg
dataset_B,1358.jpg,1358,.jpg,44855,960,640,RGB,f087818061deb1ab6dc723dbc71cebbc,b67a2d7692d8e128,data\raw\dataset_B\EALPR Vechicles dataset\Vehicles\1358.jpg
dataset_B,1359.jpg,1359,.jpg,121985,1080,939,RGB,f97ed7e771a8a937474c6abc56ef48f8,ccc3c9c933dcd944,data\raw\dataset_B\EALPR Vechicles dataset\Vehicles\1359.jpg
dataset_B,1360.jpg,1360,.jpg,79521,900,1125,RGB,e7468582c907182d42c85d0ca5d6b8f3,9272e0686ed6b78a,data\raw\dataset_B\EALPR Vechicles dataset\Vehicles\1360.jpg
dataset_B,1361.jpg,1361,.jpg,63535,900,1125,RGB,1b723bfca55af76d85530026bbce60da,ab3f36a04fcd3032,data\raw\dataset_B\EALPR Vechicles dataset\Vehicles\1361.jpg
dataset_B,1362.jpg,1362,.jpg,129819,1080,1350,RGB,b43e65ea40ec40e4da86b9438961468a,c81b7f41831e7175,data\raw\dataset_B\EALPR Vechicles dataset\Vehicles\1362.jpg
dataset_B,1363.jpg,1363,.jpg,62011,900,1125,RGB,20e21693abe65bb18c5c70e1d9f25967,aab13394d43e1b2b,data\raw\dataset_B\EALPR Vechicles dataset\Vehicles\1363.jpg
dataset_B,1364.jpg,1364,.jpg,140767,900,1125,RGB,ad7112562728a066e5f82ac37843b574,bf0d1d856179d892,data\raw\dataset_B\EALPR Vechicles dataset\Vehicles\1364.jpg
dataset_B,1365.jpg,1365,.jpg,67468,900,1125,RGB,32b3554858dc2ac1736cc1d63545721e,bec4c5a133526b4d,data\raw\dataset_B\EALPR Vechicles dataset\Vehicles\1365.jpg
dataset_B,1366.jpg,1366,.jpg,68965,900,1125,RGB,cda2a9854b94dc254ff9ecf7c34a76e6,bfcfc568a4609a26,data\raw\dataset_B\EALPR Vechicles dataset\Vehicles\1366.jpg
dataset_B,1367.jpg,1367,.jpg,89798,825,825,RGB,7db658c3bb6453c46f2de93b67bb70cf,af922ccbc368f0c3,data\raw\dataset_B\EALPR Vechicles dataset\Vehicles\1367.jpg
dataset_B,1368.jpg,1368,.jpg,48286,1080,840,RGB,e8288d3ff662e00ad86408c74aed16e6,ff80e21791dcc722,data\raw\dataset_B\EALPR Vechicles dataset\Vehicles\1368.jpg
dataset_B,1369.jpg,1369,.jpg,49388,1080,608,RGB,c47bbae1032f052f31d9b5b01ed4e2a0,a9c2c3c88fc7c5cc,data\raw\dataset_B\EALPR Vechicles dataset\Vehicles\1369.jpg
dataset_B,1370.jpg,1370,.jpg,37870,1080,808,RGB,d97f2c768f3cd0111e4deb51db35632a,cfcec6ccc46682c6,data\raw\dataset_B\EALPR Vechicles dataset\Vehicles\1370.jpg
dataset_B,1371.jpg,1371,.jpg,45728,1080,808,RGB,f899f8e70edd07bef77c115a907eaf87,faea638998a06795,data\raw\dataset_B\EALPR Vechicles dataset\Vehicles\1371.jpg
dataset_B,1372.jpg,1372,.jpg,53731,1080,808,RGB,9f3fb753ae3e9cb31317e09a51623ab3,a817d2309fdb898d,data\raw\dataset_B\EALPR Vechicles dataset\Vehicles\1372.jpg
dataset_B,1373.jpg,1373,.jpg,121767,900,1125,RGB,c713722616527e507212cd6018e64401,ffff6ac100c06a49,data\raw\dataset_B\EALPR Vechicles dataset\Vehicles\1373.jpg
dataset_B,1374.jpg,1374,.jpg,86837,900,1125,RGB,d7a991872f1fe1e1f1535a90a9cda768,c0dd7b40a83fef20,data\raw\dataset_B\EALPR Vechicles dataset\Vehicles\1374.jpg
dataset_B,1375.jpg,1375,.jpg,88300,1080,739,RGB,ffb59023aa0bfec850c37388aee4f0a1,c0c15b7ae06eda8e,data\raw\dataset_B\EALPR Vechicles dataset\Vehicles\1375.jpg
dataset_B,1376.jpg,1376,.jpg,150291,1080,1080,RGB,cb8ce8159dfd12b931c403beeab229c8,acacbe96c44aa2f4,data\raw\dataset_B\EALPR Vechicles dataset\Vehicles\1376.jpg
dataset_B,1377.jpg,1377,.jpg,104166,1080,649,RGB,7cbf4d8e0ba9120862a58ccf5191c91f,ea83eb09b063696d,data\raw\dataset_B\EALPR Vechicles dataset\Vehicles\1377.jpg
dataset_B,1378.jpg,1378,.jpg,128634,900,1125,RGB,18e4b6f728e8362a799579409b16f061,babc96d2e1c50746,data\raw\dataset_B\EALPR Vechicles dataset\Vehicles\1378.jpg
dataset_B,1379.jpg,1379,.jpg,93411,900,1125,RGB,c34aa937127d9a592c801645aa1fa752,af67c38d7948d070,data\raw\dataset_B\EALPR Vechicles dataset\Vehicles\1379.jpg
dataset_B,1380.jpg,1380,.jpg,147814,957,957,RGB,4400fc3b06bc88336ab55c10d9e91105,8b177dd5605b85a1,data\raw\dataset_B\EALPR Vechicles dataset\Vehicles\1380.jpg
dataset_B,1381.jpg,1381,.jpg,57295,900,1125,RGB,595993a5d3126e98914b6fefc4b9590b,eb3c3cc392316c1e,data\raw\dataset_B\EALPR Vechicles dataset\Vehicles\1381.jpg
dataset_B,1382.jpg,1382,.jpg,66637,900,1125,RGB,a24c9479ff2f1ae87e267462a5aa90e0,bf6a32952cec3249,data\raw\dataset_B\EALPR Vechicles dataset\Vehicles\1382.jpg
dataset_B,1383.jpg,1383,.jpg,66983,1080,808,RGB,252f84de8069087ae5bdac37be69d1e1,e2c0a04ebfcfc919,data\raw\dataset_B\EALPR Vechicles dataset\Vehicles\1383.jpg
dataset_B,1384.jpg,1384,.jpg,76296,900,1125,RGB,ae21be242bb0dacbce9763853f9198d7,ee6ec0e1634ec4f0,data\raw\dataset_B\EALPR Vechicles dataset\Vehicles\1384.jpg
dataset_B,1385.jpg,1385,.jpg,83852,900,1125,RGB,8bbb395894e1095a74cbcd1fc0ba7360,eec14d92d30b347c,data\raw\dataset_B\EALPR Vechicles dataset\Vehicles\1385.jpg
dataset_B,1386.jpg,1386,.jpg,61121,900,1125,RGB,475423383e3b4c40dce0112b9d868ba4,eb6b4a94984ec6d4,data\raw\dataset_B\EALPR Vechicles dataset\Vehicles\1386.jpg
dataset_B,1387.jpg,1387,.jpg,144072,900,1125,RGB,67202c77dd0e54008c09bab68d52d44f,af875b8392b072d8,data\raw\dataset_B\EALPR Vechicles dataset\Vehicles\1387.jpg
dataset_B,1388.jpg,1388,.jpg,99466,900,1125,RGB,2e34e42ec856e0ef9cb1b2a4a3c18d9c,a1e09e836b9d072f,data\raw\dataset_B\EALPR Vechicles dataset\Vehicles\1388.jpg
dataset_B,1389.jpg,1389,.jpg,97628,1080,1080,RGB,03e9b696766cce93808cd2bb89be5569,855528d2ff998077,data\raw\dataset_B\EALPR Vechicles dataset\Vehicles\1389.jpg
dataset_B,1390.jpg,1390,.jpg,125897,1032,1290,RGB,6ce314e14c2b08c1e4ee0f4a3f7efcff,dd3a1282c878f747,data\raw\dataset_B\EALPR Vechicles dataset\Vehicles\1390.jpg
dataset_B,1391.jpg,1391,.jpg,98285,754,758,RGB,10112948854a7d64f71763377464ace4,f5816e87fb4ac029,data\raw\dataset_B\EALPR Vechicles dataset\Vehicles\1391.jpg
dataset_B,1392.jpg,1392,.jpg,105343,937,1170,RGB,c69a652f9eeeebbcf0314b393162054b,bf98c02f7332c82d,data\raw\dataset_B\EALPR Vechicles dataset\Vehicles\1392.jpg
dataset_B,1393.jpg,1393,.jpg,71581,900,1125,RGB,8a7c171a15ecb04b89f8b5e223979035,fe616a8e21709f8c,data\raw\dataset_B\EALPR Vechicles dataset\Vehicles\1393.jpg
dataset_B,1394.jpg,1394,.jpg,57595,900,1125,RGB,70fe7dac06a62ccc925be9517f07f1d9,ab3c3ec1a92ec139,data\raw\dataset_B\EALPR Vechicles dataset\Vehicles\1394.jpg
dataset_B,1395.jpg,1395,.jpg,70548,1080,1080,RGB,38bd157036e36824b5407647cb2bf98a,8381661a98fa6d77,data\raw\dataset_B\EALPR Vechicles dataset\Vehicles\1395.jpg
dataset_B,1396.jpg,1396,.jpg,43188,1080,1080,RGB,21a8384ce07c09c98591259a26f8d296,82a3e59283e9ed96,data\raw\dataset_B\EALPR Vechicles dataset\Vehicles\1396.jpg
dataset_B,1397.jpg,1397,.jpg,40413,1080,1080,RGB,badb6ba7869ad6f60ed69b7c2f838733,aa82827f7ca8b8ec,data\raw\dataset_B\EALPR Vechicles dataset\Vehicles\1397.jpg
dataset_B,1398.jpg,1398,.jpg,73046,900,1125,RGB,e8784eaf929045c3bd12d20a3347c930,eeb5d1d195c2330a,data\raw\dataset_B\EALPR Vechicles dataset\Vehicles\1398.jpg
dataset_B,1399.jpg,1399,.jpg,129338,720,900,RGB,db8d379b25a62bea15d3724544344cbf,b670087fc52ed2aa,data\raw\dataset_B\EALPR Vechicles dataset\Vehicles\1399.jpg
dataset_B,1400.jpg,1400,.jpg,127369,900,1125,RGB,fab98f32b59aff5eb470da3ef2a82370,bf59c9993190cae4,data\raw\dataset_B\EALPR Vechicles dataset\Vehicles\1400.jpg
dataset_B,1401.jpg,1401,.jpg,74864,1080,1080,RGB,956ad980b73fd9e831191d77124d5f20,ca8e9c9c9c9523e3,data\raw\dataset_B\EALPR Vechicles dataset\Vehicles\1401.jpg
dataset_B,1402.jpg,1402,.jpg,70822,1080,1080,RGB,7e1ecbd88e9b8530e4c4cb248a216d61,eaca9bf0b5450565,data\raw\dataset_B\EALPR Vechicles dataset\Vehicles\1402.jpg
dataset_B,1403.jpg,1403,.jpg,23192,1080,756,RGB,652c4dbc39cfa74b0441fada35666c7c,b2cac8c9bdb5a690,data\raw\dataset_B\EALPR Vechicles dataset\Vehicles\1403.jpg
dataset_B,1404.jpg,1404,.jpg,55549,1080,712,RGB,be349627945d0572feecf9f97b5ca050,c2162bb43a5f3a53,data\raw\dataset_B\EALPR Vechicles dataset\Vehicles\1404.jpg
dataset_B,1405.jpg,1405,.jpg,58616,900,1125,RGB,e3c0ce83e1618354b7db3e0cdabbc6bb,ef9d0f93a162234a,data\raw\dataset_B\EALPR Vechicles dataset\Vehicles\1405.jpg
dataset_B,1406.jpg,1406,.jpg,75014,900,1125,RGB,5eff03a043ae1a7a798134c39d768cd9,fa90783c94d21f95,data\raw\dataset_B\EALPR Vechicles dataset\Vehicles\1406.jpg
dataset_B,1407.jpg,1407,.jpg,43308,900,1125,RGB,497ed55390b81e8474a850d6f6fe54af,bed66a99c13786c0,data\raw\dataset_B\EALPR Vechicles dataset\Vehicles\1407.jpg
dataset_B,1408.jpg,1408,.jpg,112425,1080,1350,RGB,2a0bd96850aaf3d107ef23c96387c55b,e0dd5f07203fd740,data\raw\dataset_B\EALPR Vechicles dataset\Vehicles\1408.jpg
dataset_B,1409.jpg,1409,.jpg,77520,900,1125,RGB,b82d037e5282d75f8b390ec3075dd64d,be6863636b9c9461,data\raw\dataset_B\EALPR Vechicles dataset\Vehicles\1409.jpg
dataset_B,1410.jpg,1410,.jpg,81585,900,1125,RGB,26140e1470d8323e023f21153d66fec4,be5a9023f23449fc,data\raw\dataset_B\EALPR Vechicles dataset\Vehicles\1410.jpg
dataset_B,1411.jpg,1411,.jpg,24247,1080,808,RGB,170ffe263fdda8ef484eccace082609c,8d71326ccc2333dd,data\raw\dataset_B\EALPR Vechicles dataset\Vehicles\1411.jpg
dataset_B,1412.jpg,1412,.jpg,60830,900,1125,RGB,70d07a02918d8c7d32c8d859220f52bd,eac0c0ad4edc2d6d,data\raw\dataset_B\EALPR Vechicles dataset\Vehicles\1412.jpg
dataset_B,1413.jpg,1413,.jpg,26558,632,790,RGB,3d44fded852898d9901d5a767932ffc5,d97e7e958160741c,data\raw\dataset_B\EALPR Vechicles dataset\Vehicles\1413.jpg
dataset_B,1414.jpg,1414,.jpg,102546,960,720,RGB,00d0b69baa66b417ca0849472af84e99,fa70f9c2c06f920d,data\raw\dataset_B\EALPR Vechicles dataset\Vehicles\1414.jpg
dataset_B,1415.jpg,1415,.jpg,111462,900,1125,RGB,8aba3c6c5a89019957cfa6d94b30762a,ab0f968661d1466f,data\raw\dataset_B\EALPR Vechicles dataset\Vehicles\1415.jpg
dataset_B,1416.jpg,1416,.jpg,111164,900,1125,RGB,0ca1c1fe954e232b11bcb2cdeacbe983,eb851f2ec21529e3,data\raw\dataset_B\EALPR Vechicles dataset\Vehicles\1416.jpg
dataset_B,1417.jpg,1417,.jpg,69725,900,1125,RGB,7bf01ea6956df6c433e924aa1358806f,eefc3b8b940684e1,data\raw\dataset_B\EALPR Vechicles dataset\Vehicles\1417.jpg
dataset_B,1418.jpg,1418,.jpg,74833,900,1125,RGB,89f5180420d66e9c335f7a909b01276b,aea13f85853da670,data\raw\dataset_B\EALPR Vechicles dataset\Vehicles\1418.jpg
dataset_B,1419.jpg,1419,.jpg,151224,1080,1080,RGB,0dcabd81cc09ac9d67195164c19f1d05,ea80d61e90e2ecfc,data\raw\dataset_B\EALPR Vechicles dataset\Vehicles\1419.jpg
dataset_B,1420.jpg,1420,.jpg,97002,900,1125,RGB,281185d7299ef2cd42d282fd1c561ed9,eac2f1f8872f3881,data\raw\dataset_B\EALPR Vechicles dataset\Vehicles\1420.jpg
dataset_B,1421.jpg,1421,.jpg,72654,900,1125,RGB,7b9a39347954bdbf1dfbebbbe5c573fa,bf6c314cc32e9139,data\raw\dataset_B\EALPR Vechicles dataset\Vehicles\1421.jpg
dataset_B,1422.jpg,1422,.jpg,74433,1080,899,RGB,5ec2fa04f4f1b1fa6d477d555204a799,d07838943e3ea54f,data\raw\dataset_B\EALPR Vechicles dataset\Vehicles\1422.jpg
dataset_B,1423.jpg,1423,.jpg,65544,900,1125,RGB,54944f9059bc07b67b566098b95f7f81,af83c3b5923aaca4,data\raw\dataset_B\EALPR Vechicles dataset\Vehicles\1423.jpg
dataset_B,1424.jpg,1424,.jpg,290541,1080,1080,RGB,b3c97e1bb6a1f8c9ce72bb88c5b7e87f,fc36975f02242d17,data\raw\dataset_B\EALPR Vechicles dataset\Vehicles\1424.jpg
dataset_B,1425.jpg,1425,.jpg,72315,1080,810,RGB,c84efd9ae0328a5116beae59dba95095,86ec6c82d3ba996c,data\raw\dataset_B\EALPR Vechicles dataset\Vehicles\1425.jpg
dataset_B,1426.jpg,1426,.jpg,124334,900,1125,RGB,958effa62e9fb68621a778de2903b727,ab8d6e5ac00f287e,data\raw\dataset_B\EALPR Vechicles dataset\Vehicles\1426.jpg
dataset_B,1427.jpg,1427,.jpg,48223,900,1125,RGB,d5342aabe636f5f3fe50ffb61a53b396,aff15b0f0e7860c2,data\raw\dataset_B\EALPR Vechicles dataset\Vehicles\1427.jpg
dataset_B,1428.jpg,1428,.jpg,46909,1080,608,RGB,b72a28e1a54967caa40172c5d3714274,84a32b9fd67348ca,data\raw\dataset_B\EALPR Vechicles dataset\Vehicles\1428.jpg
dataset_B,1429.jpg,1429,.jpg,139821,929,1162,RGB,1cf9eb6fb70a6333b12aa788bf2918a4,c50ece648dc39f86,data\raw\dataset_B\EALPR Vechicles dataset\Vehicles\1429.jpg
dataset_B,1430.jpg,1430,.jpg,63681,900,1125,RGB,d58477ea7c78c1c116c1cae5af1492ff,eac0c3cbcc818fcd,data\raw\dataset_B\EALPR Vechicles dataset\Vehicles\1430.jpg
dataset_B,1431.jpg,1431,.jpg,44789,1080,608,RGB,8554172840b91d7d1fa413a9ef99c255,d5bf2da02b0b2ba1,data\raw\dataset_B\EALPR Vechicles dataset\Vehicles\1431.jpg
dataset_B,1432.jpg,1432,.jpg,66985,1080,808,RGB,f9e06e8fe95b1c3e34a967c24609a986,c1776224ce6e35c5,data\raw\dataset_B\EALPR Vechicles dataset\Vehicles\1432.jpg
dataset_B,1433.jpg,1433,.jpg,38603,1080,808,RGB,42855519c2e9ebe429c43c5d5eaab7d7,fae800553faaaa55,data\raw\dataset_B\EALPR Vechicles dataset\Vehicles\1433.jpg
dataset_B,1434.jpg,1434,.jpg,119895,900,1125,RGB,106a132bf17da891fd91f0764b066c7f,af5a8168bd2d160f,data\raw\dataset_B\EALPR Vechicles dataset\Vehicles\1434.jpg
dataset_B,1435.jpg,1435,.jpg,99741,900,1125,RGB,3ca7c510031f07d50df843d4e3ecd375,bf91d08ec46746ca,data\raw\dataset_B\EALPR Vechicles dataset\Vehicles\1435.jpg
dataset_B,1436.jpg,1436,.jpg,55582,453,369,RGB,38033ed771b47c563dbce0a33fe8f212,cd2b7ed8912d6a50,data\raw\dataset_B\EALPR Vechicles dataset\Vehicles\1436.jpg
dataset_B,1437.jpg,1437,.jpg,52466,1080,808,RGB,e2afcd94e97bd96325820234d99b30aa,d8c117f9a0e06e1f,data\raw\dataset_B\EALPR Vechicles dataset\Vehicles\1437.jpg
dataset_B,1438.jpg,1438,.jpg,37091,1080,810,RGB,0eae0248a69cb0d1b06bbc2e720b1183,c59d5878d5853c6a,data\raw\dataset_B\EALPR Vechicles dataset\Vehicles\1438.jpg
dataset_B,1439.jpg,1439,.jpg,114014,900,1125,RGB,f61282f94a2653bcec4b9254a9c1759b,af94f8688c995b49,data\raw\dataset_B\EALPR Vechicles dataset\Vehicles\1439.jpg
dataset_B,1440.jpg,1440,.jpg,44682,1080,808,RGB,76876337be4d491d2445f90f601238e5,ebea14d5a42b2b68,data\raw\dataset_B\EALPR Vechicles dataset\Vehicles\1440.jpg
dataset_B,1441.jpg,1441,.jpg,63166,900,1125,RGB,0e95fe49ff55e7489dc2cb1a8e20168c,eb9196943c256579,data\raw\dataset_B\EALPR Vechicles dataset\Vehicles\1441.jpg
dataset_B,1442.jpg,1442,.jpg,71869,960,720,RGB,b6e445d3f61ee502c2184b11d7de416c,e855c70f85595671,data\raw\dataset_B\EALPR Vechicles dataset\Vehicles\1442.jpg
dataset_B,1443.jpg,1443,.jpg,35163,1080,810,RGB,628e854fbc3288443c992ff4ee7232a9,e7b058d7c7291986,data\raw\dataset_B\EALPR Vechicles dataset\Vehicles\1443.jpg
dataset_B,1444.jpg,1444,.jpg,111132,1080,810,RGB,54036b289e83fd48fe0cd765df114294,a1866378ccd0f4db,data\raw\dataset_B\EALPR Vechicles dataset\Vehicles\1444.jpg
dataset_B,1445.jpg,1445,.jpg,112434,1080,810,RGB,1840ce6baaf2348a68d6d894a1bf7cf1,c44f69e1d0b8cf83,data\raw\dataset_B\EALPR Vechicles dataset\Vehicles\1445.jpg
dataset_B,1446.jpg,1446,.jpg,82352,1080,810,RGB,883ff717d9962da8627dc3333766b5c5,d39b2d211cc8c37d,data\raw\dataset_B\EALPR Vechicles dataset\Vehicles\1446.jpg
dataset_B,1447.jpg,1447,.jpg,64031,584,584,RGB,7644fdedab0c30a4453016d65efd4802,f5401f29c7f428da,data\raw\dataset_B\EALPR Vechicles dataset\Vehicles\1447.jpg
dataset_B,1448.jpg,1448,.jpg,43755,900,1125,RGB,93a67e5a228a231943faacb0fe226f07,af69689c8663699c,data\raw\dataset_B\EALPR Vechicles dataset\Vehicles\1448.jpg
dataset_B,1449.jpg,1449,.jpg,98982,900,1125,RGB,859b47e72bd9e5832c431595b284ef85,faf068a05aca2f8e,data\raw\dataset_B\EALPR Vechicles dataset\Vehicles\1449.jpg
dataset_B,1450.jpg,1450,.jpg,55263,900,1125,RGB,92b8c99e0dbe68eeeb662413aee3eb62,ba961f49b59632c8,data\raw\dataset_B\EALPR Vechicles dataset\Vehicles\1450.jpg
dataset_B,1451.jpg,1451,.jpg,72766,1080,845,RGB,045103689dc973957ba1843aeb6e63e2,afc506e2397b3390,data\raw\dataset_B\EALPR Vechicles dataset\Vehicles\1451.jpg
dataset_B,1452.jpg,1452,.jpg,84007,1080,844,RGB,551fd93dcfb004433d9ab7e1af159f32,eb41686bc278f4d4,data\raw\dataset_B\EALPR Vechicles dataset\Vehicles\1452.jpg
dataset_B,1453.jpg,1453,.jpg,185262,1080,1350,RGB,be6434881c0ba4c85f5f29ee74679787,f564a20b833f5574,data\raw\dataset_B\EALPR Vechicles dataset\Vehicles\1453.jpg
dataset_B,1454.jpg,1454,.jpg,55085,900,1125,RGB,e603a9ed0e4c9225f5e9fcc62756fede,af3d3ec0956e4a05,data\raw\dataset_B\EALPR Vechicles dataset\Vehicles\1454.jpg
dataset_B,1455.jpg,1455,.jpg,46104,900,1125,RGB,a6f7f23679b434fcc77122b54ff258ca,eb0e2e803d6ef01b,data\raw\dataset_B\EALPR Vechicles dataset\Vehicles\1455.jpg
dataset_B,1456.jpg,1456,.jpg,39424,1080,1080,RGB,9a20d4ebc74838b4c152b8753dd4a586,f416868571959e4f,data\raw\dataset_B\EALPR Vechicles dataset\Vehicles\1456.jpg
dataset_B,1457.jpg,1457,.jpg,56938,900,1125,RGB,649e916ee77683601163ccaeb0e8cdfb,af8c7a68859c78e1,data\raw\dataset_B\EALPR Vechicles dataset\Vehicles\1457.jpg
dataset_B,1458.jpg,1458,.jpg,113687,1080,808,RGB,df991fa60e3483f605e75d5946152f2e,e140ceea6596a733,data\raw\dataset_B\EALPR Vechicles dataset\Vehicles\1458.jpg
dataset_B,1459.jpg,1459,.jpg,91774,900,1125,RGB,21d8e3a4ac54361ee2c5fb6375a94cbc,ebc59190b1c7653c,data\raw\dataset_B\EALPR Vechicles dataset\Vehicles\1459.jpg
dataset_B,1460.jpg,1460,.jpg,78476,900,1125,RGB,96e6cae15ae55357fdd5f4c4d696dfd1,fe9eb5b40ac15889,data\raw\dataset_B\EALPR Vechicles dataset\Vehicles\1460.jpg
dataset_B,1461.jpg,1461,.jpg,31963,900,1125,RGB,8841eac5c8bf640af546c98922ed7f4a,ca8d2cc393353cd3,data\raw\dataset_B\EALPR Vechicles dataset\Vehicles\1461.jpg
dataset_B,1462.jpg,1462,.jpg,340051,1080,1080,RGB,97c4ec0f08dedd0a8dcec5127166627e,afd5802b832dceb8,data\raw\dataset_B\EALPR Vechicles dataset\Vehicles\1462.jpg
dataset_B,1463.jpg,1463,.jpg,88414,900,1125,RGB,02c127311b3b37faa33d84048e53d4e4,fa9c9f61c12b7070,data\raw\dataset_B\EALPR Vechicles dataset\Vehicles\1463.jpg
dataset_B,1464.jpg,1464,.jpg,70923,1080,808,RGB,4748ffc7af72fd1ca63fb6498da45e95,f783be3482b12d86,data\raw\dataset_B\EALPR Vechicles dataset\Vehicles\1464.jpg
dataset_B,1465.jpg,1465,.jpg,94588,900,1125,RGB,b8c677eb4bd66ca1a50dd5ada7e1218b,fac58dd9b2b12524,data\raw\dataset_B\EALPR Vechicles dataset\Vehicles\1465.jpg
dataset_B,1466.jpg,1466,.jpg,113945,1080,810,RGB,0f14f7dc5a1fc6b6cdd3ccdd75e26f05,e3199de090016f7f,data\raw\dataset_B\EALPR Vechicles dataset\Vehicles\1466.jpg
dataset_B,1467.jpg,1467,.jpg,128523,900,1125,RGB,b242ceb4577ea8da4c8a9a8d29c068df,eb69cbe160c1e42d,data\raw\dataset_B\EALPR Vechicles dataset\Vehicles\1467.jpg
dataset_B,1468.jpg,1468,.jpg,46582,1080,731,RGB,19d7fc0803bdfe88213631597a6f74ef,940f4bf034ce5bb4,data\raw\dataset_B\EALPR Vechicles dataset\Vehicles\1468.jpg
dataset_B,1469.jpg,1469,.jpg,133960,1080,1080,RGB,17f60c24533cdc303a6576c942c99c6a,b880837f879d9966,data\raw\dataset_B\EALPR Vechicles dataset\Vehicles\1469.jpg
dataset_B,1470.jpg,1470,.jpg,159835,1080,1080,RGB,9cb9818198d13a498845c0ed79561f7a,f2906074de93c3d3,data\raw\dataset_B\EALPR Vechicles dataset\Vehicles\1470.jpg
dataset_B,1471.jpg,1471,.jpg,69966,1080,606,RGB,4514322e966b9332c5d0748a40fba228,fd02a4ddc2acf2c8,data\raw\dataset_B\EALPR Vechicles dataset\Vehicles\1471.jpg
dataset_B,1472.jpg,1472,.jpg,43360,1080,608,RGB,5f83ad4353556dc49a51310c34e856c2,acceea0131b5b3c3,data\raw\dataset_B\EALPR Vechicles dataset\Vehicles\1472.jpg
dataset_B,1473.jpg,1473,.jpg,58168,1080,808,RGB,5535b9cbd2d201771215ec0ebce66f39,fd0483739e48dc8e,data\raw\dataset_B\EALPR Vechicles dataset\Vehicles\1473.jpg
dataset_B,1474.jpg,1474,.jpg,63849,1080,808,RGB,d7ac495ca31de076b976ab84966faa63,91697eb25ad2b548,data\raw\dataset_B\EALPR Vechicles dataset\Vehicles\1474.jpg
dataset_B,1475.jpg,1475,.jpg,88447,900,1125,RGB,fc5d3e20bce28eddff83d36e753fa9f5,ab2fd05e52272fc0,data\raw\dataset_B\EALPR Vechicles dataset\Vehicles\1475.jpg
dataset_B,1476.jpg,1476,.jpg,87329,750,750,RGB,d62ece5b4144e60bb0f6c569a131b533,d6d42c4b4b632697,data\raw\dataset_B\EALPR Vechicles dataset\Vehicles\1476.jpg
dataset_B,1477.jpg,1477,.jpg,36553,900,1125,RGB,b3536943025b2f2903f606085bdce9c7,af4ec46c86cec4c5,data\raw\dataset_B\EALPR Vechicles dataset\Vehicles\1477.jpg
dataset_B,1478.jpg,1478,.jpg,63733,900,1125,RGB,0bcbdce530129c491bfc408f04013acb,bf9598c06766489d,data\raw\dataset_B\EALPR Vechicles dataset\Vehicles\1478.jpg
dataset_B,1479.jpg,1479,.jpg,39626,900,900,RGB,a12c6ee5c5a1d98a3ada304aa96c7da4,be3c943269636369,data\raw\dataset_B\EALPR Vechicles dataset\Vehicles\1479.jpg
dataset_B,1480.jpg,1480,.jpg,76232,900,1125,RGB,79e65728a2d9c8576e27eb632e70b7dc,bb7a583c2c2587c3,data\raw\dataset_B\EALPR Vechicles dataset\Vehicles\1480.jpg
dataset_B,1481.jpg,1481,.jpg,102681,1062,1125,RGB,351956741d3669841280affecb3dc701,8980b26fd5b25a79,data\raw\dataset_B\EALPR Vechicles dataset\Vehicles\1481.jpg
dataset_B,1482.jpg,1482,.jpg,105435,902,1125,RGB,c7e4ed30067c19d44971cf19aaeda7cd,970eac95c2ea9791,data\raw\dataset_B\EALPR Vechicles dataset\Vehicles\1482.jpg
dataset_B,1483.jpg,1483,.jpg,134160,750,750,RGB,a41af52c80b0e235d55fc7a7d85aee7b,aaa4952d0cf437dc,data\raw\dataset_B\EALPR Vechicles dataset\Vehicles\1483.jpg
dataset_B,1484.jpg,1484,.jpg,103064,900,1125,RGB,7279d51da938370fe356c7fef33af43b,af957121a99ed2d0,data\raw\dataset_B\EALPR Vechicles dataset\Vehicles\1484.jpg
dataset_B,1485.jpg,1485,.jpg,108948,900,1125,RGB,e74bd2834134f0b68567c31ed752b011,aba3a1a535b4961e,data\raw\dataset_B\EALPR Vechicles dataset\Vehicles\1485.jpg
dataset_B,1486.jpg,1486,.jpg,63662,900,1125,RGB,cafe3c0355cdccea9f2c0b0034bdb39f,fadb890f4e703036,data\raw\dataset_B\EALPR Vechicles dataset\Vehicles\1486.jpg
dataset_B,1487.jpg,1487,.jpg,57717,1080,810,RGB,913428040a735252aa63490b93ddf39b,d285a5aacb3534cb,data\raw\dataset_B\EALPR Vechicles dataset\Vehicles\1487.jpg
dataset_B,1488.jpg,1488,.jpg,43789,900,1125,RGB,d97e8cad602b4bb72cb6841b8a2b4db5,fa387a831a2cf4b1,data\raw\dataset_B\EALPR Vechicles dataset\Vehicles\1488.jpg
dataset_B,1489.jpg,1489,.jpg,66461,1080,781,RGB,5aa400a3e5bd74fd0bbe4f80b2676a73,c1ad3fe8cac37860,data\raw\dataset_B\EALPR Vechicles dataset\Vehicles\1489.jpg
dataset_B,1490.jpg,1490,.jpg,165140,825,825,RGB,aa6fd8cafd7ee973d59d60ef0d207c86,ffc0b03f5af0e081,data\raw\dataset_B\EALPR Vechicles dataset\Vehicles\1490.jpg
dataset_B,1491.jpg,1491,.jpg,69746,900,1125,RGB,f3351de32fa470f2bfb147302c0825f2,bec0c09dadbd3123,data\raw\dataset_B\EALPR Vechicles dataset\Vehicles\1491.jpg
dataset_B,1492.jpg,1492,.jpg,30726,1080,810,RGB,6b318d00e92b3515765c6a2782758481,956a3dca10ca3bcd,data\raw\dataset_B\EALPR Vechicles dataset\Vehicles\1492.jpg
dataset_B,1493.jpg,1493,.jpg,60424,900,1125,RGB,a1076091d0eafa8b53fd591162ce4cc4,ead032333bdcd093,data\raw\dataset_B\EALPR Vechicles dataset\Vehicles\1493.jpg
dataset_B,1494.jpg,1494,.jpg,50290,900,1125,RGB,2e6dc22c292525cb0558dc9ef485d874,af6a7068c05a376e,data\raw\dataset_B\EALPR Vechicles dataset\Vehicles\1494.jpg
dataset_B,1495.jpg,1495,.jpg,84569,900,1125,RGB,8a34a034b3167ba416ecae0125c92f40,fbd1850a9e1e3c29,data\raw\dataset_B\EALPR Vechicles dataset\Vehicles\1495.jpg
dataset_B,1496.jpg,1496,.jpg,77696,900,1125,RGB,cce269f507c2f5c49b7e6dc29d12868d,be3ec3a9acc4f030,data\raw\dataset_B\EALPR Vechicles dataset\Vehicles\1496.jpg
dataset_B,1497.jpg,1497,.jpg,47673,359,359,RGB,43a726ea9b7e07507c86203aa128018d,eed5cd0ac799814a,data\raw\dataset_B\EALPR Vechicles dataset\Vehicles\1497.jpg
dataset_B,1498.jpg,1498,.jpg,57059,1080,1079,RGB,ce3b4a258f43b0b523e2e43ccc78652f,a4db60345bc13e5b,data\raw\dataset_B\EALPR Vechicles dataset\Vehicles\1498.jpg
dataset_B,1499.jpg,1499,.jpg,39467,1080,810,RGB,a7a1e0041e2b96f7665818df359782b7,c639398631e56e3c,data\raw\dataset_B\EALPR Vechicles dataset\Vehicles\1499.jpg
dataset_B,1500.jpg,1500,.jpg,109641,900,1125,RGB,9cc9d45f0bff9edfe32d484ed7905d40,fa3e85873e96882a,data\raw\dataset_B\EALPR Vechicles dataset\Vehicles\1500.jpg
dataset_B,1501.jpg,1501,.jpg,149594,900,1125,RGB,58d013d5a54047f29d7d69a0d3a8dad4,eb2e8b8c35a58527,data\raw\dataset_B\EALPR Vechicles dataset\Vehicles\1501.jpg
dataset_B,1502.jpg,1502,.jpg,46620,378,351,RGB,854118f05adece2270edb81f929e0b99,eac2874bd160e43f,data\raw\dataset_B\EALPR Vechicles dataset\Vehicles\1502.jpg
dataset_B,1503.jpg,1503,.jpg,53502,1080,810,RGB,d0818de7d0d70d1246efc0194a6a57ef,949878d2e52de761,data\raw\dataset_B\EALPR Vechicles dataset\Vehicles\1503.jpg
dataset_B,1504.jpg,1504,.jpg,169349,900,1125,RGB,30b0db23ed3972a2824c8432d7a6ace3,eef8818d0fc31c5c,data\raw\dataset_B\EALPR Vechicles dataset\Vehicles\1504.jpg
dataset_B,1505.jpg,1505,.jpg,53753,900,1125,RGB,7dc39cc7b6698a1733c38fbd56e07830,afc6d039b9752c82,data\raw\dataset_B\EALPR Vechicles dataset\Vehicles\1505.jpg
dataset_B,1506.jpg,1506,.jpg,123937,900,1125,RGB,188284ce2067f00e2951c9b9c3938a19,fa7b851b5ad062c2,data\raw\dataset_B\EALPR Vechicles dataset\Vehicles\1506.jpg
dataset_B,1507.jpg,1507,.jpg,190131,944,1181,RGB,8e101ab838ffefbf1a775a4c5c2f9a13,959d1ac06f65c2f8,data\raw\dataset_B\EALPR Vechicles dataset\Vehicles\1507.jpg
dataset_B,1508.jpg,1508,.jpg,117609,975,1218,RGB,662b2ab4c9ed6b1a41f5051dff425ee7,e0df7120057eb789,data\raw\dataset_B\EALPR Vechicles dataset\Vehicles\1508.jpg
dataset_B,1509.jpg,1509,.jpg,70486,900,1125,RGB,f11bc6f60b70b496babe877fce6ec572,aa9085979e972e3c,data\raw\dataset_B\EALPR Vechicles dataset\Vehicles\1509.jpg
dataset_B,1510.jpg,1510,.jpg,54503,1080,565,RGB,cb4e1ec9e4e20fc60cc010afcabe176a,9d8d2634ccda9467,data\raw\dataset_B\EALPR Vechicles dataset\Vehicles\1510.jpg
dataset_B,1511.jpg,1511,.jpg,105664,1080,853,RGB,ef37aee9480cc66f1a8fef3a95bad3e3,ae936b0c9432cf8d,data\raw\dataset_B\EALPR Vechicles dataset\Vehicles\1511.jpg
dataset_B,1512.jpg,1512,.jpg,43346,1080,808,RGB,92aca8e1a95477ed3863b6648c81b6fb,e181e1daa099bb9e,data\raw\dataset_B\EALPR Vechicles dataset\Vehicles\1512.jpg
dataset_B,1513.jpg,1513,.jpg,64620,1080,810,RGB,7d02f7f045fa8dc1588c4aa5d0d8f1a5,ebfa3a5d172e0068,data\raw\dataset_B\EALPR Vechicles dataset\Vehicles\1513.jpg
dataset_B,1514.jpg,1514,.jpg,69291,611,611,RGB,a67c5d1f59ab7fc175da75073388b260,bcd2cacab57a2132,data\raw\dataset_B\EALPR Vechicles dataset\Vehicles\1514.jpg
dataset_B,1515.jpg,1515,.jpg,101048,800,1000,RGB,13e8d4654e092821eee626c90e64307d,f8199f7133620ea6,data\raw\dataset_B\EALPR Vechicles dataset\Vehicles\1515.jpg
dataset_B,1516.jpg,1516,.jpg,41018,1080,608,RGB,22519d12ec57b4ca904a96ff59f7de54,85d77e95606b3a28,data\raw\dataset_B\EALPR Vechicles dataset\Vehicles\1516.jpg
dataset_B,1517.jpg,1517,.jpg,47802,1080,608,RGB,b759bbdbeae628bb7930728f9f88bdb9,d5d028c1697a3f95,data\raw\dataset_B\EALPR Vechicles dataset\Vehicles\1517.jpg
dataset_B,1518.jpg,1518,.jpg,28739,1080,810,RGB,688b8fc030096fd202835787b981eb4a,8c338dcc73cc33f0,data\raw\dataset_B\EALPR Vechicles dataset\Vehicles\1518.jpg
dataset_B,1519.jpg,1519,.jpg,54027,1080,810,RGB,efdc6d314cc391dc877b00a1f6771a20,ac3195cc73cc8d33,data\raw\dataset_B\EALPR Vechicles dataset\Vehicles\1519.jpg
dataset_B,1520.jpg,1520,.jpg,80534,900,1125,RGB,623e520cbc633b94310476b81439ae8c,be38923a68341f8f,data\raw\dataset_B\EALPR Vechicles dataset\Vehicles\1520.jpg
dataset_B,1521.jpg,1521,.jpg,43170,400,499,RGB,e86759cf78ba58620dc0b53069bcfcfc,ffbca2c28185a535,data\raw\dataset_B\EALPR Vechicles dataset\Vehicles\1521.jpg
dataset_B,1522.jpg,1522,.jpg,36657,1080,805,RGB,58fcb211cbfa9aa139b79f4a20bad756,c57a3ce362809d7a,data\raw\dataset_B\EALPR Vechicles dataset\Vehicles\1522.jpg
dataset_B,1523.jpg,1523,.jpg,76216,900,1125,RGB,53e71c8fbdea82ee1d9dfd6febb764b4,aecc2c4bcb632599,data\raw\dataset_B\EALPR Vechicles dataset\Vehicles\1523.jpg
dataset_B,1524.jpg,1524,.jpg,57887,900,1125,RGB,42969b041f665b663df97ced1fcf2019,ee9c396dc6c33130,data\raw\dataset_B\EALPR Vechicles dataset\Vehicles\1524.jpg
dataset_B,1525.jpg,1525,.jpg,177281,1080,1350,RGB,3a23e0c448aa950edeaf9e0ab6d45b34,98917f7a90982d67,data\raw\dataset_B\EALPR Vechicles dataset\Vehicles\1525.jpg
dataset_B,1526.jpg,1526,.jpg,51113,1080,808,RGB,db54ec1103e1ef52ff4d0110f2dd3734,ed09d87ac7043cc7,data\raw\dataset_B\EALPR Vechicles dataset\Vehicles\1526.jpg
dataset_B,1527.jpg,1527,.jpg,39426,900,1125,RGB,860886161dd1e2b80c50e686f79808fa,bb91c42ece687a91,data\raw\dataset_B\EALPR Vechicles dataset\Vehicles\1527.jpg
dataset_B,1528.jpg,1528,.jpg,38136,900,1125,RGB,5c2adfb8e32a4e51c3d1beaacf4ed177,ebc185943acb6b64,data\raw\dataset_B\EALPR Vechicles dataset\Vehicles\1528.jpg
dataset_B,1529.jpg,1529,.jpg,28974,1080,756,RGB,5546621bb704c9242d1b3827f4e218f1,eca8f28ed273d0c8,data\raw\dataset_B\EALPR Vechicles dataset\Vehicles\1529.jpg
dataset_B,1530.jpg,1530,.jpg,57684,900,1125,RGB,ffca34143e85fd8cb6f6afbd2ae83ce5,ea1d855ade212337,data\raw\dataset_B\EALPR Vechicles dataset\Vehicles\1530.jpg
dataset_B,1531.jpg,1531,.jpg,43371,1080,808,RGB,936402fe5f6bdb54d0df0874d2b2140b,8dcd89a5766acac2,data\raw\dataset_B\EALPR Vechicles dataset\Vehicles\1531.jpg
dataset_B,1532.jpg,1532,.jpg,108256,700,700,RGB,a4867a1ac6a335e68aaed846297645dd,c2f42fd7840a7475,data\raw\dataset_B\EALPR Vechicles dataset\Vehicles\1532.jpg
dataset_B,1533.jpg,1533,.jpg,81831,1080,808,RGB,2be799fc738a3a3080141ef62313bfda,e98086d1caee998f,data\raw\dataset_B\EALPR Vechicles dataset\Vehicles\1533.jpg
dataset_B,1534.jpg,1534,.jpg,58472,900,1125,RGB,e59e64c17f74f9a6b8bf42ce6d01c520,bfb568469495c86a,data\raw\dataset_B\EALPR Vechicles dataset\Vehicles\1534.jpg
dataset_B,1535.jpg,1535,.jpg,76156,900,1125,RGB,fd0c70cbbb75c18c7d15f43debda45eb,eb35d017d12bc13a,data\raw\dataset_B\EALPR Vechicles dataset\Vehicles\1535.jpg
dataset_B,1536.jpg,1536,.jpg,61107,1080,810,RGB,8e94441f42808a390d8c065abd44377a,fa1587748f2a1563,data\raw\dataset_B\EALPR Vechicles dataset\Vehicles\1536.jpg
dataset_B,1537.jpg,1537,.jpg,55920,900,1125,RGB,ccc67385fd38b052ad4b99f4b15a0653,edc79290693c36c3,data\raw\dataset_B\EALPR Vechicles dataset\Vehicles\1537.jpg
dataset_B,1538.jpg,1538,.jpg,202597,1080,1080,RGB,90e1941167ab783a6ddc43dfd9ab1217,af0b933f95900f8a,data\raw\dataset_B\EALPR Vechicles dataset\Vehicles\1538.jpg
dataset_B,1539.jpg,1539,.jpg,164349,1080,1080,RGB,98792ed61d7c9f3e27f193279cb6403e,e98568de80723ef4,data\raw\dataset_B\EALPR Vechicles dataset\Vehicles\1539.jpg
dataset_B,1540.jpg,1540,.jpg,80233,900,1125,RGB,fd536d178c867fcc339dc34380812739,ea6f8763c78560d0,data\raw\dataset_B\EALPR Vechicles dataset\Vehicles\1540.jpg
dataset_B,1541.jpg,1541,.jpg,103852,1080,810,RGB,6966d4cba7e10a6bf66eb089f8152a00,fe943ebe161428d2,data\raw\dataset_B\EALPR Vechicles dataset\Vehicles\1541.jpg
dataset_B,1542.jpg,1542,.jpg,180385,937,1171,RGB,6759501474625f1a30be5b5ed0698e43,8cc2c74d6a3db1f0,data\raw\dataset_B\EALPR Vechicles dataset\Vehicles\1542.jpg
dataset_B,1543.jpg,1543,.jpg,164842,900,1125,RGB,51407b64d6b430b1aa24293e3b7f91e3,ee07973e94841f2a,data\raw\dataset_B\EALPR Vechicles dataset\Vehicles\1543.jpg
dataset_B,1544.jpg,1544,.jpg,115915,1080,1080,RGB,a2b430d606cd46a3b194a168cf545822,ba7beb62858aa223,data\raw\dataset_B\EALPR Vechicles dataset\Vehicles\1544.jpg
dataset_B,1545.jpg,1545,.jpg,56360,900,1125,RGB,13642607515dffc60906e5b6d7ed5c3a,bad10199da67670e,data\raw\dataset_B\EALPR Vechicles dataset\Vehicles\1545.jpg
dataset_B,1546.jpg,1546,.jpg,52502,900,1125,RGB,69f5dc5796ad356dd8ee573ef4c530d1,fad00e8be1607e99,data\raw\dataset_B\EALPR Vechicles dataset\Vehicles\1546.jpg
dataset_B,1547.jpg,1547,.jpg,98986,900,1125,RGB,43baaff4017ed6c5f265729b5378f0b8,bf7ac181c617125e,data\raw\dataset_B\EALPR Vechicles dataset\Vehicles\1547.jpg
dataset_B,1548.jpg,1548,.jpg,127665,1080,566,RGB,cdfb8cad29df9e090e5b5d120a113ac8,ebf151145c9d161e,data\raw\dataset_B\EALPR Vechicles dataset\Vehicles\1548.jpg
dataset_B,1549.jpg,1549,.jpg,109483,750,750,RGB,ab62f9576b996e843bade1d96511f6aa,ef03c01fe27c0d33,data\raw\dataset_B\EALPR Vechicles dataset\Vehicles\1549.jpg
dataset_B,1550.jpg,1550,.jpg,85234,900,1125,RGB,a075d32f924e6089a0dc49e6e848fd2e,af95786ad294e262,data\raw\dataset_B\EALPR Vechicles dataset\Vehicles\1550.jpg
dataset_B,1551.jpg,1551,.jpg,80980,1080,808,RGB,7931aa1a62a51a0e660f66b58d402bb4,932e3cd5631ed065,data\raw\dataset_B\EALPR Vechicles dataset\Vehicles\1551.jpg
dataset_B,1552.jpg,1552,.jpg,220379,937,1171,RGB,69798c89109a882ba480510a8703d83e,a280977f95829edc,data\raw\dataset_B\EALPR Vechicles dataset\Vehicles\1552.jpg
dataset_B,1553.jpg,1553,.jpg,50738,1080,839,RGB,c19b6fce975c5028aad7b5eeb63b8bb3,aa94979f8808d4df,data\raw\dataset_B\EALPR Vechicles dataset\Vehicles\1553.jpg
dataset_B,1554.jpg,1554,.jpg,70668,900,1125,RGB,f1ff03e7fd4357094a288d98af5ccd90,babe66db92a42093,data\raw\dataset_B\EALPR Vechicles dataset\Vehicles\1554.jpg
dataset_B,1555.jpg,1555,.jpg,73014,768,768,RGB,39bac05b9a9b6e78d76e8a7e15210c4b,f608c96f94702fca,data\raw\dataset_B\EALPR Vechicles dataset\Vehicles\1555.jpg
dataset_B,1556.jpg,1556,.jpg,52282,1080,810,RGB,6bed29b2586856244106bdb38ffc8dbc,fe952868be8cc1d8,data\raw\dataset_B\EALPR Vechicles dataset\Vehicles\1556.jpg
dataset_B,1557.jpg,1557,.jpg,52704,900,1125,RGB,6751a5008320da3941ae9a8179df821f,fe8c6bd496236819,data\raw\dataset_B\EALPR Vechicles dataset\Vehicles\1557.jpg
dataset_B,1558.jpg,1558,.jpg,184013,800,1000,RGB,3ab31c4f7b3c4c464538900addc81b52,e0229efa3b5f6620,data\raw\dataset_B\EALPR Vechicles dataset\Vehicles\1558.jpg
dataset_B,1559.jpg,1559,.jpg,65636,900,1125,RGB,a0cc35a16265fd2cb206e3ee23aef123,abc9d2d23f9d7020,data\raw\dataset_B\EALPR Vechicles dataset\Vehicles\1559.jpg
dataset_B,1560.jpg,1560,.jpg,74641,900,1125,RGB,0b6d600a4d1b1517e8f4d1a136c832d2,ebc2d43d05a5a69c,data\raw\dataset_B\EALPR Vechicles dataset\Vehicles\1560.jpg
dataset_B,1561.jpg,1561,.jpg,83671,684,684,RGB,abe120967a2c8961a77a9b1dfb8fad0c,866f6bd19f790304,data\raw\dataset_B\EALPR Vechicles dataset\Vehicles\1561.jpg
dataset_B,1562.jpg,1562,.jpg,132739,900,1125,RGB,25025e2e16cc548992f5b172289002f8,ee6a18d0d167272e,data\raw\dataset_B\EALPR Vechicles dataset\Vehicles\1562.jpg
dataset_B,1563.jpg,1563,.jpg,39376,1080,608,RGB,399592b3193323a0997de84fd7d58adf,c6332bcc33bc2c1d,data\raw\dataset_B\EALPR Vechicles dataset\Vehicles\1563.jpg
dataset_B,1564.jpg,1564,.jpg,257972,934,1163,RGB,8c4e2ef22804c70cc9e14ebf25a8728b,fa81c15d992a974d,data\raw\dataset_B\EALPR Vechicles dataset\Vehicles\1564.jpg
dataset_B,1565.jpg,1565,.jpg,62098,1080,680,RGB,39eab03b92ec5ba01dbaa8de0e6b7311,822b7df53a8292d5,data\raw\dataset_B\EALPR Vechicles dataset\Vehicles\1565.jpg
dataset_B,1566.jpg,1566,.jpg,138104,1080,1079,RGB,41f5eb5af8e79d5794dab9b1c67c1dbb,abc2af2d8494da2e,data\raw\dataset_B\EALPR Vechicles dataset\Vehicles\1566.jpg
dataset_B,1567.jpg,1567,.jpg,77526,900,1125,RGB,6d0d163c35fd94e0220349e28b239033,eac04a2f3f9ec0f0,data\raw\dataset_B\EALPR Vechicles dataset\Vehicles\1567.jpg
dataset_B,1568.jpg,1568,.jpg,63669,1080,808,RGB,38b60ac58053499df034a808f893d45c,a5c6da3905e66acc,data\raw\dataset_B\EALPR Vechicles dataset\Vehicles\1568.jpg
dataset_B,1569.jpg,1569,.jpg,80688,1080,808,RGB,480f515616c2544c8017dfde7e5d8842,b53782fa7849c370,data\raw\dataset_B\EALPR Vechicles dataset\Vehicles\1569.jpg
dataset_B,1570.jpg,1570,.jpg,54813,432,960,RGB,5b1e8b6dabffb2a640b8581d715040c6,fade5f21a40681f8,data\raw\dataset_B\EALPR Vechicles dataset\Vehicles\1570.jpg
dataset_B,1571.jpg,1571,.jpg,37120,640,479,RGB,cc50a5c35dc5bd35eb0dcc8cd8412b82,edc0c08c81b5bd3f,data\raw\dataset_B\EALPR Vechicles dataset\Vehicles\1571.jpg
dataset_B,1572.jpg,1572,.jpg,62425,1080,807,RGB,7c852732046395e8f62782a526356d70,e7c9c9e7423216d1,data\raw\dataset_B\EALPR Vechicles dataset\Vehicles\1572.jpg
dataset_B,1573.jpg,1573,.jpg,94605,1080,1115,RGB,74dd8a665a2b666776dbe5db0d2c2262,a2c5a0bedef82871,data\raw\dataset_B\EALPR Vechicles dataset\Vehicles\1573.jpg
dataset_B,1574.jpg,1574,.jpg,86390,829,960,RGB,2ab8b96e157a3b66be78e3ff978b8251,9f822a3db586f858,data\raw\dataset_B\EALPR Vechicles dataset\Vehicles\1574.jpg
dataset_B,1575.jpg,1575,.jpg,60672,900,1125,RGB,6d1a4d75667bbb2dcc023ad8b413fc30,fa94868fae0c6ca5,data\raw\dataset_B\EALPR Vechicles dataset\Vehicles\1575.jpg
dataset_B,1576.jpg,1576,.jpg,57888,1080,808,RGB,3bab9fe705bafb1d5d5ddaa90353bf8b,d6a07889e87e6e58,data\raw\dataset_B\EALPR Vechicles dataset\Vehicles\1576.jpg
dataset_B,1577.jpg,1577,.jpg,81938,1080,1080,RGB,c3080c5b64274ee09f615fc2a49872c2,bfa6a41764a868e6,data\raw\dataset_B\EALPR Vechicles dataset\Vehicles\1577.jpg
dataset_B,1578.jpg,1578,.jpg,64163,1080,1080,RGB,b507df153e40716249948c5ebe99441c,ff84841f66aa6866,data\raw\dataset_B\EALPR Vechicles dataset\Vehicles\1578.jpg
dataset_B,1579.jpg,1579,.jpg,101828,944,1181,RGB,eaefed2f5176e992f58b87a9bed35945,905a2fe4d23b7cc4,data\raw\dataset_B\EALPR Vechicles dataset\Vehicles\1579.jpg
dataset_B,1580.jpg,1580,.jpg,46372,900,1125,RGB,f9624fc32b6510e831fa06ce8429d4a7,eb953d3e92c26868,data\raw\dataset_B\EALPR Vechicles dataset\Vehicles\1580.jpg
dataset_B,1581.jpg,1581,.jpg,34965,640,362,RGB,f4710f42b7c279bceaa4ba8e84f3d68b,ba92790833d7cc33,data\raw\dataset_B\EALPR Vechicles dataset\Vehicles\1581.jpg
dataset_B,1582.jpg,1582,.jpg,100293,720,960,RGB,0d1c89eec89bfe7691cd07b4e143c7af,b0ada9f6ddd50428,data\raw\dataset_B\EALPR Vechicles dataset\Vehicles\1582.jpg
dataset_B,1583.jpg,1583,.jpg,233929,1080,1229,RGB,30ed26de0d5bff0899dcfe1741f06f73,fe166b68801678f3,data\raw\dataset_B\EALPR Vechicles dataset\Vehicles\1583.jpg
dataset_B,1584.jpg,1584,.jpg,89924,960,960,RGB,15b6a5b23a03028f352af051cb8f36cd,f080283fb87e5e72,data\raw\dataset_B\EALPR Vechicles dataset\Vehicles\1584.jpg
dataset_B,1585.jpg,1585,.jpg,154502,1032,1290,RGB,60425ec490d91a8ab3b193cc47719718,e46868c33b5a9c7c,data\raw\dataset_B\EALPR Vechicles dataset\Vehicles\1585.jpg
dataset_B,1586.jpg,1586,.jpg,170058,929,1162,RGB,4d6b95c4e60211e93a492826d2e8cd70,bf84800ba4fdd476,data\raw\dataset_B\EALPR Vechicles dataset\Vehicles\1586.jpg
dataset_B,1587.jpg,1587,.jpg,114705,1080,1071,RGB,5dcdb379fcda582afff78e3db9be1ca2,d63eac4bca612e94,data\raw\dataset_B\EALPR Vechicles dataset\Vehicles\1587.jpg
dataset_B,1588.jpg,1588,.jpg,73350,626,469,RGB,dfbde886ac6d2a60ca339d4a28c5e91f,f585ed6c4074da34,data\raw\dataset_B\EALPR Vechicles dataset\Vehicles\1588.jpg
dataset_B,1589.jpg,1589,.jpg,198789,937,1171,RGB,27f1f28f0849634ac4f4f38d21f91463,af03c2210d9ef4f6,data\raw\dataset_B\EALPR Vechicles dataset\Vehicles\1589.jpg
dataset_B,1590.jpg,1590,.jpg,197087,863,863,RGB,c430bd8c395990c6b2e3d5cec10e6d0f,acbc7cccc870c38b,data\raw\dataset_B\EALPR Vechicles dataset\Vehicles\1590.jpg
dataset_B,1591.jpg,1591,.jpg,124958,827,619,RGB,778c1841eb2640daa9748663c6b20620,9142ea29c5df58dc,data\raw\dataset_B\EALPR Vechicles dataset\Vehicles\1591.jpg
dataset_B,1592.jpg,1592,.jpg,74609,960,720,RGB,df42b2324f8103a2abd344a1020ad314,bb1e852f07273998,data\raw\dataset_B\EALPR Vechicles dataset\Vehicles\1592.jpg
dataset_B,1593.jpg,1593,.jpg,149166,1080,1350,RGB,43360054f4e7f5e6891b6a99d5366364,ee44dd2ac27538ca,data\raw\dataset_B\EALPR Vechicles dataset\Vehicles\1593.jpg
dataset_B,1594.jpg,1594,.jpg,64773,541,676,RGB,b86c6ee22222a7215521311f56449c77,fda08b5f4f6c80e0,data\raw\dataset_B\EALPR Vechicles dataset\Vehicles\1594.jpg
dataset_B,1595.jpg,1595,.jpg,83485,1080,605,RGB,3aceb5d6803146e821495804af24b7bb,ef181d46483cbfe0,data\raw\dataset_B\EALPR Vechicles dataset\Vehicles\1595.jpg
dataset_B,1596.jpg,1596,.jpg,161539,827,827,RGB,a06b9b1511192443d9b4f6097785355d,fc60a00f953f7cb0,data\raw\dataset_B\EALPR Vechicles dataset\Vehicles\1596.jpg
dataset_B,1597.jpg,1597,.jpg,110913,1032,1290,RGB,09ece12dbc53206bc1a362d480f815eb,9f1d3090533fd742,data\raw\dataset_B\EALPR Vechicles dataset\Vehicles\1597.jpg
dataset_B,1598.jpg,1598,.jpg,180026,1080,1351,RGB,3883f47f80a59ff132f353d364de3a5b,c9669e59661b8366,data\raw\dataset_B\EALPR Vechicles dataset\Vehicles\1598.jpg
dataset_B,1599.jpg,1599,.jpg,114924,810,810,RGB,0fd6f8c01ca28b65e2001d291f99011d,fa7cd4d80aa5c50b,data\raw\dataset_B\EALPR Vechicles dataset\Vehicles\1599.jpg
dataset_B,1600.jpg,1600,.jpg,124542,1080,809,RGB,427ab8f7dc6a27a1fa9ce28ea1a5c551,fce445cdf70020af,data\raw\dataset_B\EALPR Vechicles dataset\Vehicles\1600.jpg
dataset_B,1601.jpg,1601,.jpg,100367,780,780,RGB,8fba7372dcb9dd94061f4684c14cce58,f2c0a26fd9398785,data\raw\dataset_B\EALPR Vechicles dataset\Vehicles\1601.jpg
dataset_B,1602.jpg,1602,.jpg,203853,1080,1080,RGB,ee28a0039424a177aeef78adf4ab08a9,f252e927c74849e6,data\raw\dataset_B\EALPR Vechicles dataset\Vehicles\1602.jpg
dataset_B,1603.jpg,1603,.jpg,147519,890,952,RGB,2f866e512ec10e62f98c0de049dbea5f,e1657e4ada1a72a1,data\raw\dataset_B\EALPR Vechicles dataset\Vehicles\1603.jpg
dataset_B,1604.jpg,1604,.jpg,126603,1032,1290,RGB,cd363c08e93cfe16fb3c47d82bb3a28b,f921a1ada2bd0537,data\raw\dataset_B\EALPR Vechicles dataset\Vehicles\1604.jpg
dataset_B,1605.jpg,1605,.jpg,94849,726,907,RGB,98d45b3c55e84efc0fc391fd52af1681,afd515752d2b4285,data\raw\dataset_B\EALPR Vechicles dataset\Vehicles\1605.jpg
dataset_B,1606.jpg,1606,.jpg,68317,540,675,RGB,9f0296879c821e54d37a9c8f8fb290be,f991dc2ea0770f28,data\raw\dataset_B\EALPR Vechicles dataset\Vehicles\1606.jpg
dataset_B,1607.jpg,1607,.jpg,196290,1034,1293,RGB,2da1a52c4df4b9d3568868f64a5e1827,c07e3440d9a57fe4,data\raw\dataset_B\EALPR Vechicles dataset\Vehicles\1607.jpg
dataset_B,1608.jpg,1608,.jpg,217473,1080,1198,RGB,ab4edf53e39d2967388e339f825dd00e,adc9a16dc3cb4662,data\raw\dataset_B\EALPR Vechicles dataset\Vehicles\1608.jpg
dataset_B,1609.jpg,1609,.jpg,100024,1080,1080,RGB,0271551066cf656925ce8e215d7b6cd1,dcd5d70834778962,data\raw\dataset_B\EALPR Vechicles dataset\Vehicles\1609.jpg
dataset_B,1610.jpg,1610,.jpg,184991,1032,1290,RGB,b56cc4099f77de7a7900fcf0463ef798,b9d79668208ed0f5,data\raw\dataset_B\EALPR Vechicles dataset\Vehicles\1610.jpg
dataset_B,1611.jpg,1611,.jpg,24105,431,431,RGB,a2827e850619cfe687bb796e5f0b469f,8a2424dbc3657dd3,data\raw\dataset_B\EALPR Vechicles dataset\Vehicles\1611.jpg
dataset_B,1612.jpg,1612,.jpg,95186,600,750,RGB,b8d6b45a88448ce0090a9b543c130423,a9c0d1d72dda25ca,data\raw\dataset_B\EALPR Vechicles dataset\Vehicles\1612.jpg
dataset_B,1613.jpg,1613,.jpg,145498,825,825,RGB,65cad3faae214ab9235c4cd71a5c2c83,c03a7f4ad42f8527,data\raw\dataset_B\EALPR Vechicles dataset\Vehicles\1613.jpg
dataset_B,1614.jpg,1614,.jpg,202519,1080,1080,RGB,b680485f7dcda93687555c135fcbfd2a,c803df7cd0e0728f,data\raw\dataset_B\EALPR Vechicles dataset\Vehicles\1614.jpg
dataset_B,1615.jpg,1615,.jpg,49748,756,568,RGB,353b895e88099c1297486cab1dc49b56,b524677a4a913667,data\raw\dataset_B\EALPR Vechicles dataset\Vehicles\1615.jpg
dataset_B,1616.jpg,1616,.jpg,49102,529,529,RGB,5454b06a436dfc65a2a9f35716748f2c,a50b6b5385313b4f,data\raw\dataset_B\EALPR Vechicles dataset\Vehicles\1616.jpg
dataset_B,1617.jpg,1617,.jpg,71206,500,500,RGB,598554f7ca240e87349814bf0400b7ac,faa1819f96fc8a41,data\raw\dataset_B\EALPR Vechicles dataset\Vehicles\1617.jpg
dataset_B,1618.jpg,1618,.jpg,81556,825,825,RGB,d5ce331edb02658474c8b22c5823e888,9d58e667c01f1ed0,data\raw\dataset_B\EALPR Vechicles dataset\Vehicles\1618.jpg
dataset_B,1619.jpg,1619,.jpg,176687,1080,1080,RGB,23a2c1981910bb5a9251ef5ddd7af416,ad91976fc0f039b0,data\raw\dataset_B\EALPR Vechicles dataset\Vehicles\1619.jpg
dataset_B,1620.jpg,1620,.jpg,168553,942,1178,RGB,0d37c213c8774fde7ee308d9dcfeb12a,fda5cb29e54006a7,data\raw\dataset_B\EALPR Vechicles dataset\Vehicles\1620.jpg
dataset_B,1621.jpg,1621,.jpg,159192,1080,1350,RGB,d61bf91f5f8f62e2db294ecc18725df3,df3a71c9c66149c2,data\raw\dataset_B\EALPR Vechicles dataset\Vehicles\1621.jpg
dataset_B,1622.jpg,1622,.jpg,183427,960,960,RGB,0dc96fc8fe8a60b5dca8429f9a1a41dc,a2623f97d62ac079,data\raw\dataset_B\EALPR Vechicles dataset\Vehicles\1622.jpg
dataset_B,1623.jpg,1623,.jpg,114281,720,960,RGB,db6c615e75fabe2943bc182e39cd8ef7,999264e8b15967dc,data\raw\dataset_B\EALPR Vechicles dataset\Vehicles\1623.jpg
dataset_B,1624.jpg,1624,.jpg,53889,604,604,RGB,7eb7dcb7b95d7a02ceca2b3af19f95c8,bc10b74fc461c3cb,data\raw\dataset_B\EALPR Vechicles dataset\Vehicles\1624.jpg
dataset_B,1625.jpg,1625,.jpg,65064,573,573,RGB,c1822afd53c693016ae6a60379b7e17d,fa8585faf827030e,data\raw\dataset_B\EALPR Vechicles dataset\Vehicles\1625.jpg
dataset_B,1626.jpg,1626,.jpg,159748,1080,1080,RGB,3614d42f8697ff3d8e643d77b1de54ac,aed0d168fef38888,data\raw\dataset_B\EALPR Vechicles dataset\Vehicles\1626.jpg
dataset_B,1627.jpg,1627,.jpg,209595,1080,1080,RGB,a5bbe46adabd13a7f8f9c75a354e277e,f59ec2c0a91fb838,data\raw\dataset_B\EALPR Vechicles dataset\Vehicles\1627.jpg
dataset_B,1628.jpg,1628,.jpg,106139,720,960,RGB,29d6a62da8eb23f19ff220193acc379a,b232d455dd0d179a,data\raw\dataset_B\EALPR Vechicles dataset\Vehicles\1628.jpg
dataset_B,1629.jpg,1629,.jpg,77461,720,960,RGB,4b65734c18715d65b038bb2ce29e1f5a,a8f57e0e0f03a7c2,data\raw\dataset_B\EALPR Vechicles dataset\Vehicles\1629.jpg
dataset_B,1630.jpg,1630,.jpg,87194,720,960,RGB,c890f8f92a7a1210a070390404ad9a75,e80e870e7ad6e0d9,data\raw\dataset_B\EALPR Vechicles dataset\Vehicles\1630.jpg
dataset_B,1631.jpg,1631,.jpg,81645,720,960,RGB,a7e4d1fedbc0d7246149cc731a2a2903,9180c297746c2dff,data\raw\dataset_B\EALPR Vechicles dataset\Vehicles\1631.jpg
dataset_B,1632.jpg,1632,.jpg,81827,960,720,RGB,8015922e916132ace2d543ab33727ab3,9991bb29712acb93,data\raw\dataset_B\EALPR Vechicles dataset\Vehicles\1632.jpg
dataset_B,1633.jpg,1633,.jpg,97858,720,960,RGB,9cea0e93e4fe2e8c84c3ddffbe7a9bfd,a8b66fb68f8b044c,data\raw\dataset_B\EALPR Vechicles dataset\Vehicles\1633.jpg
dataset_B,1634.jpg,1634,.jpg,113705,720,959,RGB,4242238db505bc915014de1c915e2b2b,eb396fd290649d82,data\raw\dataset_B\EALPR Vechicles dataset\Vehicles\1634.jpg
dataset_B,1635.jpg,1635,.jpg,129011,720,960,RGB,8dcc348e3045142f355d37fc48c838da,dc05231b6a6dd3d4,data\raw\dataset_B\EALPR Vechicles dataset\Vehicles\1635.jpg
dataset_B,1636.jpg,1636,.jpg,57017,720,960,RGB,aecfb31d797d2fe80c2d1d00c0ae3cd6,94966ae0df352cca,data\raw\dataset_B\EALPR Vechicles dataset\Vehicles\1636.jpg
dataset_B,1637.jpg,1637,.jpg,64898,720,960,RGB,e78aad21e0b98fb456d2da3d072ab0e6,d1dc3a8a8694bcbc,data\raw\dataset_B\EALPR Vechicles dataset\Vehicles\1637.jpg
dataset_B,1638.jpg,1638,.jpg,205991,720,960,RGB,c0ae0f8174ce4897868122532e396ccd,ed27a52d8f445952,data\raw\dataset_B\EALPR Vechicles dataset\Vehicles\1638.jpg
dataset_B,1639.jpg,1639,.jpg,228990,1080,1349,RGB,c8249fbb2d2bff977fedbfd77997c9e5,e844847afd99d391,data\raw\dataset_B\EALPR Vechicles dataset\Vehicles\1639.jpg
dataset_B,1640.jpg,1640,.jpg,55220,432,960,RGB,8c29bcc8d9d4384a327c4ede1436fe47,bb1f919eeb9580c0,data\raw\dataset_B\EALPR Vechicles dataset\Vehicles\1640.jpg
dataset_B,1641.jpg,1641,.jpg,42590,479,640,RGB,c8332d558dfd12a72b8a4a457c90877f,ebc1b538d0e4cc8e,data\raw\dataset_B\EALPR Vechicles dataset\Vehicles\1641.jpg
dataset_B,1642.jpg,1642,.jpg,179281,640,1386,RGB,abb920f8dc5acc7ed7ba01966be1c349,ebd5d72b8494b20a,data\raw\dataset_B\EALPR Vechicles dataset\Vehicles\1642.jpg
dataset_B,1643.jpg,1643,.jpg,65260,960,718,RGB,b43f12794afab9cee638827dd2dab930,e08a4a74d6cd8bcd,data\raw\dataset_B\EALPR Vechicles dataset\Vehicles\1643.jpg
dataset_B,1644.jpg,1644,.jpg,109457,720,960,RGB,bcb46897e23a342f4a9df474a9fe94c6,b5deba7c82c0aa2a,data\raw\dataset_B\EALPR Vechicles dataset\Vehicles\1644.jpg
dataset_B,1645.jpg,1645,.jpg,111379,720,960,RGB,56143aa6ed44fce01de17f063cf86545,ab08d33fc2d1caca,data\raw\dataset_B\EALPR Vechicles dataset\Vehicles\1645.jpg
dataset_B,1646.jpg,1646,.jpg,114416,720,960,RGB,97bce1da958fc8910586b3c356bb55e4,ff5fc0a882f0d494,data\raw\dataset_B\EALPR Vechicles dataset\Vehicles\1646.jpg
dataset_B,1647.jpg,1647,.jpg,200133,960,720,RGB,c669c31f4c411667fbb5bbb5f73e315f,a4c6a7dfc6038ae8,data\raw\dataset_B\EALPR Vechicles dataset\Vehicles\1647.jpg
dataset_B,1648.jpg,1648,.jpg,131571,960,720,RGB,cd0e186d39461798b3c9c0f0229e2231,d2d2d2d2704377d4,data\raw\dataset_B\EALPR Vechicles dataset\Vehicles\1648.jpg
dataset_B,1649.jpg,1649,.jpg,117227,720,960,RGB,584df7ab01fc1fb19728b77df55938db,bd40c2afca92cad9,data\raw\dataset_B\EALPR Vechicles dataset\Vehicles\1649.jpg
dataset_B,1650.jpg,1650,.jpg,82524,720,960,RGB,9ee4a0ffd156fa7278ef7c526fd4412c,a9a9d9387c96164b,data\raw\dataset_B\EALPR Vechicles dataset\Vehicles\1650.jpg
dataset_B,1651.jpg,1651,.jpg,52420,960,718,RGB,52e5e3009e319ffa06759246b46c5eda,af2369853ad3946c,data\raw\dataset_B\EALPR Vechicles dataset\Vehicles\1651.jpg
dataset_B,1652.jpg,1652,.jpg,225925,1536,2048,RGB,8486ff66dad030f5e25b6d2f1b0b4adc,ef807e5ec185223e,data\raw\dataset_B\EALPR Vechicles dataset\Vehicles\1652.jpg
dataset_B,1653.jpg,1653,.jpg,170467,1080,1348,RGB,b1609ccba2dfa3570f54f073bf274b15,aee150b36a6cb193,data\raw\dataset_B\EALPR Vechicles dataset\Vehicles\1653.jpg
dataset_B,1654.jpg,1654,.jpg,72899,720,960,RGB,27d60e0e42e8c35275ea88f620c8e179,fcd6827982093bcb,data\raw\dataset_B\EALPR Vechicles dataset\Vehicles\1654.jpg
dataset_B,1655.jpg,1655,.jpg,290254,1536,2048,RGB,c10f43c36da259626c57e0bf8250498a,bd58d42fda7428c2,data\raw\dataset_B\EALPR Vechicles dataset\Vehicles\1655.jpg
dataset_B,1656.jpg,1656,.jpg,107808,1024,768,RGB,a5baa22c5b01a7a26b90f7b0f18da664,b4d8d934903b874f,data\raw\dataset_B\EALPR Vechicles dataset\Vehicles\1656.jpg
dataset_B,1657.jpg,1657,.jpg,162534,1080,1080,RGB,af3530930a7fc83e107ffdb183b2343c,fbd14385143ebd81,data\raw\dataset_B\EALPR Vechicles dataset\Vehicles\1657.jpg
dataset_B,1658.jpg,1658,.jpg,73182,720,960,RGB,2feadc3190c14b520c75820e3bca966c,df5829a39d2c608f,data\raw\dataset_B\EALPR Vechicles dataset\Vehicles\1658.jpg
dataset_B,1659.jpg,1659,.jpg,145181,720,960,RGB,6b343d27a164b01232dfef4369be0207,c6c629993576c68e,data\raw\dataset_B\EALPR Vechicles dataset\Vehicles\1659.jpg
dataset_B,1660.jpg,1660,.jpg,84559,720,960,RGB,ae9ffab7bd86576377747ac7d0b1fb8c,bdadd5d02acaa125,data\raw\dataset_B\EALPR Vechicles dataset\Vehicles\1660.jpg
dataset_B,1661.jpg,1661,.jpg,83906,720,960,RGB,62e54e06fce1329255f90e087d763cbe,a9a1d5966a87a5ca,data\raw\dataset_B\EALPR Vechicles dataset\Vehicles\1661.jpg
dataset_B,1662.jpg,1662,.jpg,239414,1080,1080,RGB,faff94330ab6d76695e1f39277e3ef13,c282ad2d17db7968,data\raw\dataset_B\EALPR Vechicles dataset\Vehicles\1662.jpg
dataset_B,1663.jpg,1663,.jpg,195798,1080,1080,RGB,c26df319949049dafc1c32bee74c37bf,cf8b7bce20298d51,data\raw\dataset_B\EALPR Vechicles dataset\Vehicles\1663.jpg
dataset_B,1664.jpg,1664,.jpg,231019,1080,1344,RGB,98e050b1a0f8d3b0a821c19a00a844db,aad0f56f91b0ca31,data\raw\dataset_B\EALPR Vechicles dataset\Vehicles\1664.jpg
dataset_B,1665.jpg,1665,.jpg,169069,1080,1350,RGB,3303c22dbcf5aa3488656e28cada186e,fed05fc387a70848,data\raw\dataset_B\EALPR Vechicles dataset\Vehicles\1665.jpg
dataset_B,1666.jpg,1666,.jpg,175551,1007,755,RGB,56b56ffa251d1913eae7711a16cc5536,9ff3630311566c3c,data\raw\dataset_B\EALPR Vechicles dataset\Vehicles\1666.jpg
dataset_B,1667.jpg,1667,.jpg,150073,937,1171,RGB,7b9946a0093444eacca32b03df93ada5,aa2be51f8b892ae4,data\raw\dataset_B\EALPR Vechicles dataset\Vehicles\1667.jpg
dataset_B,1668.jpg,1668,.jpg,185426,1080,1350,RGB,5cf400c2d781761b013200c746a3088b,e2e5e8ba95851c95,data\raw\dataset_B\EALPR Vechicles dataset\Vehicles\1668.jpg
dataset_B,1669.jpg,1669,.jpg,120334,628,628,RGB,46a514c40a3e15f725d33e17a8b47a3b,eaf8c1caca8a96cc,data\raw\dataset_B\EALPR Vechicles dataset\Vehicles\1669.jpg
dataset_B,1670.jpg,1670,.jpg,142985,1080,1080,RGB,337f40fc0a7ba8fe2c41dbd894b45b14,e5c79e28a166d48d,data\raw\dataset_B\EALPR Vechicles dataset\Vehicles\1670.jpg
dataset_B,1671.jpg,1671,.jpg,108635,874,874,RGB,f515e6957ff8a967d1c90d050bf17438,f4e7c594390b9358,data\raw\dataset_B\EALPR Vechicles dataset\Vehicles\1671.jpg
dataset_B,1672.jpg,1672,.jpg,60426,800,419,RGB,42b17fd45f5a80cd1e3f253087918dd6,bf60e073951d4a0f,data\raw\dataset_B\EALPR Vechicles dataset\Vehicles\1672.jpg
dataset_B,1673.jpg,1673,.jpg,146510,1080,1076,RGB,83296bc91cfd0825450385b11431deea,eda4a00e877f89a5,data\raw\dataset_B\EALPR Vechicles dataset\Vehicles\1673.jpg
dataset_B,1674.jpg,1674,.jpg,106195,1040,1040,RGB,96e4fe60410953ae766df2c16888b4d2,b39d258686397175,data\raw\dataset_B\EALPR Vechicles dataset\Vehicles\1674.jpg
dataset_B,1675.jpg,1675,.jpg,76392,756,756,RGB,d5d186f541c6ca427f387be2d6fc02f8,982eb364643f6f48,data\raw\dataset_B\EALPR Vechicles dataset\Vehicles\1675.jpg
dataset_B,1676.jpg,1676,.jpg,108787,756,568,RGB,9acc3d4c152594b4b07658113c4b7874,b190fc59e468ca6e,data\raw\dataset_B\EALPR Vechicles dataset\Vehicles\1676.jpg
dataset_B,1677.jpg,1677,.jpg,84054,720,960,RGB,bba177fc88ff682c63dbab9a3e797f13,bdadc5d13ada8121,data\raw\dataset_B\EALPR Vechicles dataset\Vehicles\1677.jpg
dataset_B,1678.jpg,1678,.jpg,179884,1080,1350,RGB,8bf79dbfe3f8588879c2c66d765fe2cd,a9be96f878c0618d,data\raw\dataset_B\EALPR Vechicles dataset\Vehicles\1678.jpg
dataset_B,1679.jpg,1679,.jpg,225758,1032,1290,RGB,01fdc781ec0afab85ecd623a762dcf97,b594fa96943ab03c,data\raw\dataset_B\EALPR Vechicles dataset\Vehicles\1679.jpg
dataset_B,1680.jpg,1680,.jpg,122352,1080,1080,RGB,11072277543a65071c8af371664dcb56,f3b42cc3433c7c23,data\raw\dataset_B\EALPR Vechicles dataset\Vehicles\1680.jpg
dataset_B,1681.jpg,1681,.jpg,63710,656,656,RGB,95a7c1d9501b630e649ee5d0abf39fa2,923e72928f7c928d,data\raw\dataset_B\EALPR Vechicles dataset\Vehicles\1681.jpg
dataset_B,1682.jpg,1682,.jpg,143312,720,720,RGB,73e77a386e770e80ca2b469b84dcbfa6,ec71e32ad431cb46,data\raw\dataset_B\EALPR Vechicles dataset\Vehicles\1682.jpg
dataset_B,1683.jpg,1683,.jpg,140171,1080,1350,RGB,954c1f6a361c471937e6f36acb4b3d95,fdfb7b989026c0c0,data\raw\dataset_B\EALPR Vechicles dataset\Vehicles\1683.jpg
dataset_B,1684.jpg,1684,.jpg,141362,1080,1350,RGB,78cd0df305638069b6438006ae3408be,8a257f8785572e64,data\raw\dataset_B\EALPR Vechicles dataset\Vehicles\1684.jpg
dataset_B,1685.jpg,1685,.jpg,253409,1032,1290,RGB,9548413c7f91706b1c6fc69a086f5a01,9f57c524c48527ea,data\raw\dataset_B\EALPR Vechicles dataset\Vehicles\1685.jpg
dataset_B,1686.jpg,1686,.jpg,157341,1032,1290,RGB,8744c6d206c4809e7f40c9171d4ce54d,9fbded619490ca82,data\raw\dataset_B\EALPR Vechicles dataset\Vehicles\1686.jpg
dataset_B,1687.jpg,1687,.jpg,253493,1080,1341,RGB,d312b7fd17994d0ef8787e67ff02e911,848afe80727fe2d1,data\raw\dataset_B\EALPR Vechicles dataset\Vehicles\1687.jpg
dataset_B,1688.jpg,1688,.jpg,164801,1080,1080,RGB,4a7a0e1863a6402f830099061249766f,ad56d24dda49c945,data\raw\dataset_B\EALPR Vechicles dataset\Vehicles\1688.jpg
dataset_B,1689.jpg,1689,.jpg,125921,540,960,RGB,edde4da79a4d046acbb9053e6385513e,bd4fd22438d2922f,data\raw\dataset_B\EALPR Vechicles dataset\Vehicles\1689.jpg
dataset_B,1690.jpg,1690,.jpg,167502,1080,1080,RGB,8b8380b2bb9d20f25fdf84e74c3f8e41,b414c5e94acb7674,data\raw\dataset_B\EALPR Vechicles dataset\Vehicles\1690.jpg
dataset_B,1691.jpg,1691,.jpg,93938,878,459,RGB,69a0091f119823f845fda039ad7c117e,f443a13c533a963d,data\raw\dataset_B\EALPR Vechicles dataset\Vehicles\1691.jpg
dataset_B,1692.jpg,1692,.jpg,161996,1032,1290,RGB,17dac3e36edba8f07e2d9c788d84826c,fb3ba4648191d547,data\raw\dataset_B\EALPR Vechicles dataset\Vehicles\1692.jpg
dataset_B,1693.jpg,1693,.jpg,80011,720,960,RGB,25d1218d3d2c3f94be3e91ffa7d8b91d,d22d616b67878761,data\raw\dataset_B\EALPR Vechicles dataset\Vehicles\1693.jpg
dataset_B,1694.jpg,1694,.jpg,103109,668,668,RGB,450f1df8c07d686e85014f1b11b121c7,bf40d00ad12dee57,data\raw\dataset_B\EALPR Vechicles dataset\Vehicles\1694.jpg
dataset_B,1695.jpg,1695,.jpg,57818,720,592,RGB,0d07f69623295a93fed0ffe50df3b29f,aed5c20a8c3ddc33,data\raw\dataset_B\EALPR Vechicles dataset\Vehicles\1695.jpg
dataset_B,1696.jpg,1696,.jpg,114893,662,662,RGB,bb45bba45679a486329ad7850a1dc759,bbd5ea298498d236,data\raw\dataset_B\EALPR Vechicles dataset\Vehicles\1696.jpg
dataset_B,1697.jpg,1697,.jpg,234134,1080,1350,RGB,ffff0f52e799ec4abbedc55c396edf8a,d71230fdd2463d4a,data\raw\dataset_B\EALPR Vechicles dataset\Vehicles\1697.jpg
dataset_B,1698.jpg,1698,.jpg,166641,1080,1351,RGB,9fcb95867a92c783b9b9791b773da12f,ffe9ecc884c4821e,data\raw\dataset_B\EALPR Vechicles dataset\Vehicles\1698.jpg
dataset_B,1699.jpg,1699,.jpg,204087,1080,1080,RGB,a81b41460229d957f8bf8ac85b3e0901,f8999b2c84768c73,data\raw\dataset_B\EALPR Vechicles dataset\Vehicles\1699.jpg
dataset_B,1700.jpg,1700,.jpg,109030,1080,1351,RGB,27add93e65043df806d8f223e964377b,ec235312f49d4787,data\raw\dataset_B\EALPR Vechicles dataset\Vehicles\1700.jpg
dataset_B,1701.jpg,1701,.jpg,79690,827,619,RGB,a021b77b22269bf117414da9df002b1b,9bb8e68418995e67,data\raw\dataset_B\EALPR Vechicles dataset\Vehicles\1701.jpg
dataset_B,1702.jpg,1702,.jpg,65916,700,611,RGB,046951d657ac467e971eba5a1816bb64,9581696fc199cbc5,data\raw\dataset_B\EALPR Vechicles dataset\Vehicles\1702.jpg
dataset_B,1703.jpg,1703,.jpg,125272,1080,876,RGB,5e1e50d2e535a16f6824e2e97d8f4def,d1d3fb00932fc872,data\raw\dataset_B\EALPR Vechicles dataset\Vehicles\1703.jpg
dataset_B,1704.jpg,1704,.jpg,162216,1080,1350,RGB,af74922c93fef81b193abdbeaeef0c48,afa48057d476d2c3,data\raw\dataset_B\EALPR Vechicles dataset\Vehicles\1704.jpg
dataset_B,1705.jpg,1705,.jpg,131837,1080,1351,RGB,6efacd1f0b4b83f62c48bf5157ca576c,c4428b7d94363d9b,data\raw\dataset_B\EALPR Vechicles dataset\Vehicles\1705.jpg
dataset_B,1706.jpg,1706,.jpg,139738,937,1171,RGB,c9aca16005476f59720f3621e6b760ae,fc52cb6cb2a051c7,data\raw\dataset_B\EALPR Vechicles dataset\Vehicles\1706.jpg
dataset_B,1707.jpg,1707,.jpg,218922,1080,1080,RGB,7f06bc6d2a80ed0cdfd0e19df356ace9,ff4a8a0dcb339c12,data\raw\dataset_B\EALPR Vechicles dataset\Vehicles\1707.jpg
dataset_B,1708.jpg,1708,.jpg,328847,1080,1351,RGB,0cf7448221d52adfb58db97d17b3a417,a06f658578c2fa95,data\raw\dataset_B\EALPR Vechicles dataset\Vehicles\1708.jpg
dataset_B,1709.jpg,1709,.jpg,153694,929,1162,RGB,187302cd289bd7842de74b8f15357183,a884d06b63717eba,data\raw\dataset_B\EALPR Vechicles dataset\Vehicles\1709.jpg
dataset_B,1710.jpg,1710,.jpg,87431,1080,1080,RGB,152718f92073d15334b2cc03c03aa0be,e1853f7a52e0ab07,data\raw\dataset_B\EALPR Vechicles dataset\Vehicles\1710.jpg
dataset_B,1711.jpg,1711,.jpg,239010,1080,1351,RGB,5c8f3e36ded461cc87417a7cd60c1d21,be9a882dd86446f3,data\raw\dataset_B\EALPR Vechicles dataset\Vehicles\1711.jpg
dataset_B,1712.jpg,1712,.jpg,115026,1040,1040,RGB,da3374f78549c318c260494f60b36196,e8a89c54deccd4b4,data\raw\dataset_B\EALPR Vechicles dataset\Vehicles\1712.jpg
dataset_B,1713.jpg,1713,.jpg,97337,900,711,RGB,5d79de3b8e97bd0a6066dd5d99f4ebe3,c6d7da3a83686983,data\raw\dataset_B\EALPR Vechicles dataset\Vehicles\1713.jpg
dataset_B,1714.jpg,1714,.jpg,184920,960,1200,RGB,a6c1d737f5040518a2a9fe3056958c28,d60fc9702e6d34b4,data\raw\dataset_B\EALPR Vechicles dataset\Vehicles\1714.jpg
dataset_B,1715.jpg,1715,.jpg,117954,909,681,RGB,76f895236fa47a70c27bb82771a4a4ef,8c17d74ef1c52827,data\raw\dataset_B\EALPR Vechicles dataset\Vehicles\1715.jpg
dataset_B,1716.jpg,1716,.jpg,178702,1080,1351,RGB,8bbda9fe4931a21fe71752ace7876b13,deac2585057f6865,data\raw\dataset_B\EALPR Vechicles dataset\Vehicles\1716.jpg
dataset_B,1717.jpg,1717,.jpg,111532,1080,1080,RGB,33b8b21fa3e176b44911c6214aa6fc6c,862e56d24f32b13d,data\raw\dataset_B\EALPR Vechicles dataset\Vehicles\1717.jpg
dataset_B,1718.jpg,1718,.jpg,143489,702,702,RGB,e483a4b8202e02288f382fa8176e10d2,bb9bd2aa4dc404dc,data\raw\dataset_B\EALPR Vechicles dataset\Vehicles\1718.jpg
dataset_B,1719.jpg,1719,.jpg,128700,1032,1290,RGB,2fa9286ec9192592dcc6c951ff1d8783,d97f36d1cda63010,data\raw\dataset_B\EALPR Vechicles dataset\Vehicles\1719.jpg
dataset_B,1720.jpg,1720,.jpg,252856,1080,1340,RGB,4f168abdc42fb405a6bb9b6d79026af1,bd82803db256cdad,data\raw\dataset_B\EALPR Vechicles dataset\Vehicles\1720.jpg
dataset_B,1721.jpg,1721,.jpg,42686,640,295,RGB,765c12e65ad770284818c6784f196cbe,fbc5da65039581d1,data\raw\dataset_B\EALPR Vechicles dataset\Vehicles\1721.jpg
dataset_B,1722.jpg,1722,.jpg,102239,1020,1020,RGB,806537a378431396c7321748bb03ff0d,e988f29472f91cd2,data\raw\dataset_B\EALPR Vechicles dataset\Vehicles\1722.jpg
dataset_B,1723.jpg,1723,.jpg,71573,720,960,RGB,693b18a6525108cf0eb4c9003bfaeeac,98d9a6a69299f1b1,data\raw\dataset_B\EALPR Vechicles dataset\Vehicles\1723.jpg
dataset_B,1724.jpg,1724,.jpg,257742,1080,1350,RGB,7c4baf6061767afbc6501b543d17771d,bf1a8875acc0758b,data\raw\dataset_B\EALPR Vechicles dataset\Vehicles\1724.jpg
dataset_B,1725.jpg,1725,.jpg,208467,1080,810,RGB,3b304028a2d5552e460a249a392c332f,e041bf1e9c2b093f,data\raw\dataset_B\EALPR Vechicles dataset\Vehicles\1725.jpg
dataset_B,1726.jpg,1726,.jpg,124566,900,1125,RGB,fc0ce8fe8ece35a46b0379e6f0f7682b,b1b0ce9f7e446261,data\raw\dataset_B\EALPR Vechicles dataset\Vehicles\1726.jpg
dataset_B,1727.jpg,1727,.jpg,216794,1388,640,RGB,581052d6d905a3ff64eb1f7dd8c0d171,f98766ec6c863948,data\raw\dataset_B\EALPR Vechicles dataset\Vehicles\1727.jpg
dataset_B,1728.jpg,1728,.jpg,96735,720,960,RGB,1316bf1666807c9387ced45d8f6f3539,d6167626a033b567,data\raw\dataset_B\EALPR Vechicles dataset\Vehicles\1728.jpg
dataset_B,1729.jpg,1729,.jpg,54619,720,960,RGB,ea4ea97488d8c1662e437a31d138c0aa,bf9590e86a715c43,data\raw\dataset_B\EALPR Vechicles dataset\Vehicles\1729.jpg
dataset_B,1730.jpg,1730,.jpg,204266,1388,640,RGB,294ba25458f5a34d35901458f68c1515,bd97513ba181f330,data\raw\dataset_B\EALPR Vechicles dataset\Vehicles\1730.jpg
dataset_B,1731.jpg,1731,.jpg,219283,1388,640,RGB,546a638283e9ec3ae0668ea24602e79b,ef86a3d2c4cd26c8,data\raw\dataset_B\EALPR Vechicles dataset\Vehicles\1731.jpg
dataset_B,1732.jpg,1732,.jpg,78409,720,960,RGB,c7a0042f7672a4738844fafe94148c50,ece6c343c6d85833,data\raw\dataset_B\EALPR Vechicles dataset\Vehicles\1732.jpg
dataset_B,1733.jpg,1733,.jpg,195681,1388,640,RGB,70c1bafd237ab197a4a858e20b62e0fb,bcda72697e60036c,data\raw\dataset_B\EALPR Vechicles dataset\Vehicles\1733.jpg
dataset_B,1734.jpg,1734,.jpg,180995,1388,640,RGB,cb4360d5248e8d5cd87483a6625bfd08,e896bb99919531a6,data\raw\dataset_B\EALPR Vechicles dataset\Vehicles\1734.jpg
dataset_B,1735.jpg,1735,.jpg,31891,295,640,RGB,09530f5825fc3d7ba8ca9bd1d1c44020,a9a1c0ded2d33aa3,data\raw\dataset_B\EALPR Vechicles dataset\Vehicles\1735.jpg
dataset_B,1736.jpg,1736,.jpg,54481,612,816,RGB,bccc4c5c5d50471a9d855af098f6ba28,bdb67e4e822a49e0,data\raw\dataset_B\EALPR Vechicles dataset\Vehicles\1736.jpg
dataset_B,1737.jpg,1737,.jpg,81408,960,720,RGB,214fec336575058f1354860815dcc799,a624d8d8d0b43d5f,data\raw\dataset_B\EALPR Vechicles dataset\Vehicles\1737.jpg
dataset_B,1738.jpg,1738,.jpg,127753,720,960,RGB,2376616aedd43a3a36e97e0a671e0e11,ccccc6e878d3c389,data\raw\dataset_B\EALPR Vechicles dataset\Vehicles\1738.jpg
dataset_B,1739.jpg,1739,.jpg,154186,1080,876,RGB,5c55df173f33f37d5739f044c905923c,d787f0b484f836a8,data\raw\dataset_B\EALPR Vechicles dataset\Vehicles\1739.jpg
dataset_B,1740.jpg,1740,.jpg,74994,720,960,RGB,8cb27a6efc8cc2c9f21562076c48e15f,ffa2a09f828ad545,data\raw\dataset_B\EALPR Vechicles dataset\Vehicles\1740.jpg
dataset_B,1741.jpg,1741,.jpg,142574,994,994,RGB,48d01d9e21cb0560c8e35c66bb1c3be4,95425d2fcc94963b,data\raw\dataset_B\EALPR Vechicles dataset\Vehicles\1741.jpg
dataset_B,1742.jpg,1742,.jpg,80688,960,432,RGB,9123e2cadd6765c819ec1e5681a3231b,e362614cf2f3330d,data\raw\dataset_B\EALPR Vechicles dataset\Vehicles\1742.jpg
dataset_B,1743.jpg,1743,.jpg,78372,960,432,RGB,b4827553aef7b339f06c48872d8e1e53,c64767cc62261b79,data\raw\dataset_B\EALPR Vechicles dataset\Vehicles\1743.jpg
dataset_B,1744.jpg,1744,.jpg,111451,743,743,RGB,31d4fb05508338722baeee584b797bb9,ab8b0e9fc26c74e0,data\raw\dataset_B\EALPR Vechicles dataset\Vehicles\1744.jpg
dataset_B,1745.jpg,1745,.jpg,97013,720,960,RGB,88c04fa9134409378e485bfd485e6157,b09a02903f7f3c6d,data\raw\dataset_B\EALPR Vechicles dataset\Vehicles\1745.jpg
dataset_B,1746.jpg,1746,.jpg,51210,540,960,RGB,15b0206df69b38c88cf8688382c1a5f8,d1092a6e27d57af0,data\raw\dataset_B\EALPR Vechicles dataset\Vehicles\1746.jpg
dataset_B,1747.jpg,1747,.jpg,89491,720,960,RGB,a615257f9b75a23ab9f546b4712cbbf6,b5f74a8a83858b2b,data\raw\dataset_B\EALPR Vechicles dataset\Vehicles\1747.jpg
dataset_B,1748.jpg,1748,.jpg,105454,720,960,RGB,80e56ec23308150e3710dc5f564875d5,abe1953f90b4ca32,data\raw\dataset_B\EALPR Vechicles dataset\Vehicles\1748.jpg
dataset_B,1749.jpg,1749,.jpg,208545,960,960,RGB,e781c9636d5d587e076c9263a85d88c9,94173b6a8a9cdc93,data\raw\dataset_B\EALPR Vechicles dataset\Vehicles\1749.jpg
dataset_B,1750.jpg,1750,.jpg,87981,720,960,RGB,4b17e202cdc32d4959e083f6e7ae63d8,81197ce8c6e466de,data\raw\dataset_B\EALPR Vechicles dataset\Vehicles\1750.jpg
dataset_B,1751.jpg,1751,.jpg,111012,720,960,RGB,ef3b93ef41e871ea79882c6d41ebdcbd,bdd1d82ea6b5c980,data\raw\dataset_B\EALPR Vechicles dataset\Vehicles\1751.jpg
dataset_B,1752.jpg,1752,.jpg,96237,720,960,RGB,03c6f7bd3cd809efd0123a049a629d52,ea8cb4d38f6d8468,data\raw\dataset_B\EALPR Vechicles dataset\Vehicles\1752.jpg
dataset_B,1753.jpg,1753,.jpg,106398,720,960,RGB,1a3c4d6e4b70ce77c6940f15cf0f0f74,fe7c81c10fdf1c80,data\raw\dataset_B\EALPR Vechicles dataset\Vehicles\1753.jpg
dataset_B,1754.jpg,1754,.jpg,260726,1032,1290,RGB,f00daf3581844414731250ca5d3473a6,ac0ec7ab23c3f468,data\raw\dataset_B\EALPR Vechicles dataset\Vehicles\1754.jpg
dataset_B,1755.jpg,1755,.jpg,94928,960,720,RGB,99d7afca7a78e849f9b8d7fab8699644,b898a178ca297b97,data\raw\dataset_B\EALPR Vechicles dataset\Vehicles\1755.jpg
dataset_B,1756.jpg,1756,.jpg,112625,960,720,RGB,e8ca77e94f40ea64389694233cc2eef4,ec85143c37ccc3f2,data\raw\dataset_B\EALPR Vechicles dataset\Vehicles\1756.jpg
dataset_B,1757.jpg,1757,.jpg,160930,720,960,RGB,0ec7e757812e57982350462fe407444c,92953d28ced77470,data\raw\dataset_B\EALPR Vechicles dataset\Vehicles\1757.jpg
dataset_B,1758.jpg,1758,.jpg,46644,525,700,RGB,c08611ee70e084f0365f432383e0c328,a0a07a7f3de9e0c2,data\raw\dataset_B\EALPR Vechicles dataset\Vehicles\1758.jpg
dataset_B,1759.jpg,1759,.jpg,73226,720,960,RGB,9410d1697f958eb4f1b924b4e5948516,e005af3d957428eb,data\raw\dataset_B\EALPR Vechicles dataset\Vehicles\1759.jpg
dataset_B,1760.jpg,1760,.jpg,107897,834,626,RGB,23fcbddeaf4d35b70b1c12f5685f8cbd,a486addd4e68c22f,data\raw\dataset_B\EALPR Vechicles dataset\Vehicles\1760.jpg
dataset_B,1761.jpg,1761,.jpg,172405,1080,1080,RGB,837a803dc76db771495ca1750de740c7,ef4ac22f84b2abc2,data\raw\dataset_B\EALPR Vechicles dataset\Vehicles\1761.jpg
dataset_B,1762.jpg,1762,.jpg,161562,931,931,RGB,8457541fd93cd723d11ffdd350e10e6c,df51701b899193cb,data\raw\dataset_B\EALPR Vechicles dataset\Vehicles\1762.jpg
dataset_B,1763.jpg,1763,.jpg,72026,960,444,RGB,1d86d919760dcd03c09907ef92c07700,f84fd5cc63663092,data\raw\dataset_B\EALPR Vechicles dataset\Vehicles\1763.jpg
dataset_B,1764.jpg,1764,.jpg,55579,540,960,RGB,7c547642a449481018e8ce9ab92ddaba,e9a9d105d03a65d7,data\raw\dataset_B\EALPR Vechicles dataset\Vehicles\1764.jpg
dataset_B,1765.jpg,1765,.jpg,189218,937,1171,RGB,2a31160c3c7ea796e47f310a435806d5,92972d81c7716787,data\raw\dataset_B\EALPR Vechicles dataset\Vehicles\1765.jpg
dataset_B,1766.jpg,1766,.jpg,77551,432,960,RGB,4212a0fd9358b6da16b34c4512ba2dcb,ccc4c5085ad5e59f,data\raw\dataset_B\EALPR Vechicles dataset\Vehicles\1766.jpg
dataset_B,1767.jpg,1767,.jpg,127532,1080,807,RGB,a1b6b6b63854e84b721f67eb24c117b3,e356941a8fe57918,data\raw\dataset_B\EALPR Vechicles dataset\Vehicles\1767.jpg
dataset_B,1768.jpg,1768,.jpg,114913,539,960,RGB,b638b372ffa8abaff7650bcae5af4c11,dbd8bd2497c22714,data\raw\dataset_B\EALPR Vechicles dataset\Vehicles\1768.jpg
dataset_B,1769.jpg,1769,.jpg,104638,720,960,RGB,4439fa940a0576dc82de99f30968b5f0,fed78160256a9d92,data\raw\dataset_B\EALPR Vechicles dataset\Vehicles\1769.jpg
dataset_B,1770.jpg,1770,.jpg,78613,432,960,RGB,efb9d50deda18aba48d04314aac5bf76,9f1f7b2b12b0e0a8,data\raw\dataset_B\EALPR Vechicles dataset\Vehicles\1770.jpg
dataset_B,1771.jpg,1771,.jpg,131809,960,720,RGB,17b98f530ee2f0f4ef831e6f23ea224d,fd9c1604def4d038,data\raw\dataset_B\EALPR Vechicles dataset\Vehicles\1771.jpg
dataset_B,1772.jpg,1772,.jpg,134302,960,720,RGB,b7b082e205c8082496c7bc740abfee56,fd9d1e24dc308339,data\raw\dataset_B\EALPR Vechicles dataset\Vehicles\1772.jpg
dataset_B,1773.jpg,1773,.jpg,130339,960,720,RGB,50ed3ef502f6442b3a8d36fac9dfda38,a886297ad6da9a66,data\raw\dataset_B\EALPR Vechicles dataset\Vehicles\1773.jpg
dataset_B,1774.jpg,1774,.jpg,159032,1080,864,RGB,15a66bf5312c8466ef5a66ff71e56fad,a4c5cb62d2accdb1,data\raw\dataset_B\EALPR Vechicles dataset\Vehicles\1774.jpg
dataset_B,1775.jpg,1775,.jpg,97764,960,539,RGB,0a54137c654e989cb44f0283e79d9bc5,c1e32c53db2c329e,data\raw\dataset_B\EALPR Vechicles dataset\Vehicles\1775.jpg
dataset_B,1776.jpg,1776,.jpg,71540,528,960,RGB,4183d7de4bb4e9711f6fbe5d605ef82c,9450da2ad1d53d3b,data\raw\dataset_B\EALPR Vechicles dataset\Vehicles\1776.jpg
dataset_B,1777.jpg,1777,.jpg,95080,720,960,RGB,382decd6698e909fece4dff0b56db0a5,d0c12f5fd0206d7e,data\raw\dataset_B\EALPR Vechicles dataset\Vehicles\1777.jpg
dataset_B,1778.jpg,1778,.jpg,72990,568,568,RGB,107bcda2e39a6c71be6df277140e04b7,a032f3a55dd2f24c,data\raw\dataset_B\EALPR Vechicles dataset\Vehicles\1778.jpg
dataset_B,1779.jpg,1779,.jpg,87243,720,960,RGB,fde98f1cc05f57596b7abb088a618f1b,ef05a52f64224f95,data\raw\dataset_B\EALPR Vechicles dataset\Vehicles\1779.jpg
dataset_B,1780.jpg,1780,.jpg,44070,612,816,RGB,2c48a564847b3994e39393ae6aa4d522,a8af2dc5f52c3c81,data\raw\dataset_B\EALPR Vechicles dataset\Vehicles\1780.jpg
dataset_B,1781.jpg,1781,.jpg,41633,612,816,RGB,b165c5db81bb85e0704bb19d08dbf51d,f0b11d93923d9933,data\raw\dataset_B\EALPR Vechicles dataset\Vehicles\1781.jpg
dataset_B,1782.jpg,1782,.jpg,141478,825,825,RGB,ad47a5b825014e8c71bcb840b4c3eff6,bed4c79fe8201147,data\raw\dataset_B\EALPR Vechicles dataset\Vehicles\1782.jpg
dataset_B,1783.jpg,1783,.jpg,198008,1032,1289,RGB,6726b3918d2b69bb65c8c403058be33a,bf54900b83776cf0,data\raw\dataset_B\EALPR Vechicles dataset\Vehicles\1783.jpg
dataset_B,1784.jpg,1784,.jpg,85476,720,960,RGB,3d5f478b941338b693e9f8710db73c0d,a91f0859f578aa87,data\raw\dataset_B\EALPR Vechicles dataset\Vehicles\1784.jpg
dataset_B,1785.jpg,1785,.jpg,91894,720,960,RGB,700139a20244825bfacbbdaf745b47db,d91d1509c9f5785c,data\raw\dataset_B\EALPR Vechicles dataset\Vehicles\1785.jpg
dataset_B,1786.jpg,1786,.jpg,69357,960,720,RGB,9378ed0d7c378f17458c6e19159ed0ba,dccc7870669a9595,data\raw\dataset_B\EALPR Vechicles dataset\Vehicles\1786.jpg
dataset_B,1787.jpg,1787,.jpg,85330,540,960,RGB,34e9022029e2f2799c7ac83f305f5f63,f4f6c3c2f8cd2124,data\raw\dataset_B\EALPR Vechicles dataset\Vehicles\1787.jpg
dataset_B,1788.jpg,1788,.jpg,218823,1080,909,RGB,5289b7b93bb3f760ce118301a0a1f92f,e847077c82e9c573,data\raw\dataset_B\EALPR Vechicles dataset\Vehicles\1788.jpg
dataset_B,1789.jpg,1789,.jpg,80525,540,960,RGB,bda0f60952549bdf2ae62e91bf97b5c0,e4c6d6da9a9a1a29,data\raw\dataset_B\EALPR Vechicles dataset\Vehicles\1789.jpg
dataset_B,1790.jpg,1790,.jpg,149062,720,959,RGB,67c0bf4d330c36e40f8aa6546f455029,fda2aa5d72489525,data\raw\dataset_B\EALPR Vechicles dataset\Vehicles\1790.jpg
dataset_B,1791.jpg,1791,.jpg,41673,480,640,RGB,07fa2559de355a1031463643c5e4cca3,d4162e3dc358b569,data\raw\dataset_B\EALPR Vechicles dataset\Vehicles\1791.jpg
dataset_B,1792.jpg,1792,.jpg,83515,540,960,RGB,b08c36698f79012c9d96f8df9a03c7c5,88989793937f7c21,data\raw\dataset_B\EALPR Vechicles dataset\Vehicles\1792.jpg
dataset_B,1793.jpg,1793,.jpg,54480,720,523,RGB,a37a741696fa4ea97e8b9e07d5e8f177,b692a789d9ce304e,data\raw\dataset_B\EALPR Vechicles dataset\Vehicles\1793.jpg
dataset_B,1794.jpg,1794,.jpg,89381,720,960,RGB,364ce41e39558e12965499d11a324c91,ea83e37ac7d10e12,data\raw\dataset_B\EALPR Vechicles dataset\Vehicles\1794.jpg
dataset_B,1795.jpg,1795,.jpg,198903,640,1388,RGB,c18fb2daa0bafeb14e0d6be1c75c014b,fae1a17db0f07a80,data\raw\dataset_B\EALPR Vechicles dataset\Vehicles\1795.jpg
dataset_B,1796.jpg,1796,.jpg,55867,720,960,RGB,15c8356fbfc8d6604f28570e00f55466,e1e11e1a7a7d6161,data\raw\dataset_B\EALPR Vechicles dataset\Vehicles\1796.jpg
dataset_B,1797.jpg,1797,.jpg,202403,1388,640,RGB,98d20b4091e621dd1f3c07f0b5d3439c,a4c025b5a9cedace,data\raw\dataset_B\EALPR Vechicles dataset\Vehicles\1797.jpg
dataset_B,1798.jpg,1798,.jpg,70130,709,752,RGB,5519545f0486428a701312b627831f6b,f1d05ac3c59a6c39,data\raw\dataset_B\EALPR Vechicles dataset\Vehicles\1798.jpg
dataset_B,1799.jpg,1799,.jpg,178268,640,1388,RGB,2f8a94260223794180c09cf0f4b5c0e7,c0d89aa6b727613d,data\raw\dataset_B\EALPR Vechicles dataset\Vehicles\1799.jpg
dataset_B,1800.jpg,1800,.jpg,114765,960,855,RGB,5aac999139ed159c87f802cb3ce08a72,d1a423dbc2d7219e,data\raw\dataset_B\EALPR Vechicles dataset\Vehicles\1800.jpg
dataset_B,1801.jpg,1801,.jpg,44160,727,700,RGB,4bca669f676c8670a5639542de5e69e3,b8f179e480869fca,data\raw\dataset_B\EALPR Vechicles dataset\Vehicles\1801.jpg
dataset_B,1802.jpg,1802,.jpg,129350,960,720,RGB,2a325a0c90e29cf4fab370f71c2e8ec7,e88dc51b5962d1f1,data\raw\dataset_B\EALPR Vechicles dataset\Vehicles\1802.jpg
dataset_B,1803.jpg,1803,.jpg,55624,960,720,RGB,5ae1a1ba31cf090c4b4fac27555d64bc,feaf0b0cca3031cb,data\raw\dataset_B\EALPR Vechicles dataset\Vehicles\1803.jpg
dataset_B,1804.jpg,1804,.jpg,123330,720,960,RGB,ed1beaf8ac42dd25fbba59623cd13605,ae958b2e80d5ce33,data\raw\dataset_B\EALPR Vechicles dataset\Vehicles\1804.jpg
dataset_B,1805.jpg,1805,.jpg,58412,443,960,RGB,8f1e8c0f46edeb7907314b01f18a8d55,af50803fd52b2bd4,data\raw\dataset_B\EALPR Vechicles dataset\Vehicles\1805.jpg
dataset_B,1806.jpg,1806,.jpg,140709,720,960,RGB,d8aad4fba82a5b243b698feaae77a79f,fd80a03e92b81f37,data\raw\dataset_B\EALPR Vechicles dataset\Vehicles\1806.jpg
dataset_B,1807.jpg,1807,.jpg,114965,720,960,RGB,06605e92f1a58b01d896bc33a551a4f9,ff078078a0409fdf,data\raw\dataset_B\EALPR Vechicles dataset\Vehicles\1807.jpg
dataset_B,1808.jpg,1808,.jpg,85129,960,443,RGB,5eb31df02912afd7474c0a486061c38b,bd5aaf91342bc512,data\raw\dataset_B\EALPR Vechicles dataset\Vehicles\1808.jpg
dataset_B,1809.jpg,1809,.jpg,79675,960,720,RGB,a8d622000c020a139746e4716280a370,87c664cf8e856723,data\raw\dataset_B\EALPR Vechicles dataset\Vehicles\1809.jpg
dataset_B,1810.jpg,1810,.jpg,212876,1388,640,RGB,18b65eb700da629a2000dfbc3ae40d0d,a4c0a4bd78cef8ac,data\raw\dataset_B\EALPR Vechicles dataset\Vehicles\1810.jpg
dataset_B,1811.jpg,1811,.jpg,79709,432,960,RGB,07c7aff8cd906a40019ace72bf4d04c1,92d2b73dac80a13f,data\raw\dataset_B\EALPR Vechicles dataset\Vehicles\1811.jpg
dataset_B,1812.jpg,1812,.jpg,139649,720,960,RGB,07cca8f890b290932db073919b9adc55,fd40c2b8afb03d83,data\raw\dataset_B\EALPR Vechicles dataset\Vehicles\1812.jpg
dataset_B,1813.jpg,1813,.jpg,136061,720,960,RGB,40c6a9dfc1b0796a86509847e615eceb,ff82a03db4a2c3c5,data\raw\dataset_B\EALPR Vechicles dataset\Vehicles\1813.jpg
dataset_B,1814.jpg,1814,.jpg,111194,960,960,RGB,264a99c68c2492505c30108548c64a1a,fb079678e1c11707,data\raw\dataset_B\EALPR Vechicles dataset\Vehicles\1814.jpg
dataset_B,1815.jpg,1815,.jpg,66852,720,960,RGB,49713900f35fcf7c063b242f52799df4,a0743fd1596a6a6c,data\raw\dataset_B\EALPR Vechicles dataset\Vehicles\1815.jpg
dataset_B,1816.jpg,1816,.jpg,140612,720,960,RGB,52b4695a1521131c3de2b22860451db4,c095ff3cf0d88561,data\raw\dataset_B\EALPR Vechicles dataset\Vehicles\1816.jpg
dataset_B,1817.jpg,1817,.jpg,140612,720,960,RGB,52b4695a1521131c3de2b22860451db4,c095ff3cf0d88561,data\raw\dataset_B\EALPR Vechicles dataset\Vehicles\1817.jpg
dataset_B,1818.jpg,1818,.jpg,44171,665,700,RGB,403760b7fc75553ed081d095febef918,eba8e41dd596d80a,data\raw\dataset_B\EALPR Vechicles dataset\Vehicles\1818.jpg
dataset_B,1819.jpg,1819,.jpg,106481,720,960,RGB,8f7201d814e3cb0530823ab6c8a39da9,efcc842ee62acd05,data\raw\dataset_B\EALPR Vechicles dataset\Vehicles\1819.jpg
dataset_B,1820.jpg,1820,.jpg,97990,720,960,RGB,59a948e01d924242d02d530adf74a700,aa80ac95f55f9370,data\raw\dataset_B\EALPR Vechicles dataset\Vehicles\1820.jpg
dataset_B,1821.jpg,1821,.jpg,109334,720,960,RGB,39dd2689511ef3fbb84f2d68bf090777,e0709cfab6b5708c,data\raw\dataset_B\EALPR Vechicles dataset\Vehicles\1821.jpg
dataset_B,1822.jpg,1822,.jpg,136905,720,960,RGB,28476b86adbafd851433688bb118cc9f,af2e903c3787c3c1,data\raw\dataset_B\EALPR Vechicles dataset\Vehicles\1822.jpg
dataset_B,1823.jpg,1823,.jpg,123521,720,960,RGB,b1a845311d77f10b2db189e79ed3b999,96963a85a579a1ae,data\raw\dataset_B\EALPR Vechicles dataset\Vehicles\1823.jpg
dataset_B,1824.jpg,1824,.jpg,97278,720,960,RGB,bf90fa99d54ef5dd3f4e71bacacf7c3d,aedc8dc35a3c3483,data\raw\dataset_B\EALPR Vechicles dataset\Vehicles\1824.jpg
dataset_B,1825.jpg,1825,.jpg,45715,960,1280,RGB,32334289a31c1215cd4096cb0285ac76,a01ecd65dc614767,data\raw\dataset_B\EALPR Vechicles dataset\Vehicles\1825.jpg
dataset_B,1826.jpg,1826,.jpg,172315,927,1158,RGB,b81d19ece57f68bb99eb7c49bdd84b39,af5bc31dd83838b0,data\raw\dataset_B\EALPR Vechicles dataset\Vehicles\1826.jpg
dataset_B,1827.jpg,1827,.jpg,74722,960,720,RGB,ac5dd5294c197b591ef1e5d081e8c618,de8a686f9ec46468,data\raw\dataset_B\EALPR Vechicles dataset\Vehicles\1827.jpg
dataset_B,1828.jpg,1828,.jpg,103522,720,960,RGB,a9065b77c9d344907e9deff6f76a0c4b,b052d23f0e1a3f8b,data\raw\dataset_B\EALPR Vechicles dataset\Vehicles\1828.jpg
dataset_B,1829.jpg,1829,.jpg,72769,720,960,RGB,40eedce49d13065f7c70cb11d66aa068,c9c1c3cbfb323099,data\raw\dataset_B\EALPR Vechicles dataset\Vehicles\1829.jpg
dataset_B,1830.jpg,1830,.jpg,115535,720,960,RGB,066ba1bc1f963159dbc1b2132c9d10b2,c6c73f3a8063275c,data\raw\dataset_B\EALPR Vechicles dataset\Vehicles\1830.jpg
dataset_B,1831.jpg,1831,.jpg,21303,528,960,RGB,5687222aeb29506169416945a5be1ad8,be14946bcbc1714b,data\raw\dataset_B\EALPR Vechicles dataset\Vehicles\1831.jpg
dataset_B,1832.jpg,1832,.jpg,91409,960,960,RGB,49170d5d7dc820e7c5c2492ece457baa,fadec1c59d293130,data\raw\dataset_B\EALPR Vechicles dataset\Vehicles\1832.jpg
dataset_B,1833.jpg,1833,.jpg,67048,960,1280,RGB,95847762c120e3c0cbb8bbc9d6ffe905,ba64d018a7df4ba4,data\raw\dataset_B\EALPR Vechicles dataset\Vehicles\1833.jpg
dataset_B,1834.jpg,1834,.jpg,44677,540,960,RGB,002f088242cf1940056cb7008e9e0bd0,e1a5bc7841477aca,data\raw\dataset_B\EALPR Vechicles dataset\Vehicles\1834.jpg
dataset_B,1835.jpg,1835,.jpg,106690,960,960,RGB,7f50993935e0802d83a5cb2007e8ad20,e8c1e3fb883a9f20,data\raw\dataset_B\EALPR Vechicles dataset\Vehicles\1835.jpg
dataset_B,1836.jpg,1836,.jpg,184536,1080,1196,RGB,5b71d67ba86177d2563de92511535a19,ecc697298678cd86,data\raw\dataset_B\EALPR Vechicles dataset\Vehicles\1836.jpg
dataset_B,1837.jpg,1837,.jpg,72945,724,960,RGB,95c91f511eda9fa7c34811830b8ea0e7,d785c16bdeb42059,data\raw\dataset_B\EALPR Vechicles dataset\Vehicles\1837.jpg
dataset_B,1838.jpg,1838,.jpg,79367,960,792,RGB,0284f10abc0e1af63251610fa146d96a,da84271b6557986e,data\raw\dataset_B\EALPR Vechicles dataset\Vehicles\1838.jpg
dataset_B,1839.jpg,1839,.jpg,60139,720,960,RGB,b75718578d04ae07b9b769b185692eed,949c68690f8d1d7e,data\raw\dataset_B\EALPR Vechicles dataset\Vehicles\1839.jpg
dataset_B,1840.jpg,1840,.jpg,84363,720,960,RGB,09b5943e009181c3c33efebf49b64a9b,cb41c1af8f852c9b,data\raw\dataset_B\EALPR Vechicles dataset\Vehicles\1840.jpg
dataset_B,1841.jpg,1841,.jpg,73608,960,792,RGB,5e801d2b552c97c290117984fe6acfcc,ebb0b9111ac2b78b,data\raw\dataset_B\EALPR Vechicles dataset\Vehicles\1841.jpg
dataset_B,1842.jpg,1842,.jpg,64976,432,960,RGB,5358fad4b33bca9b44143d9450192061,ba9d85872acee161,data\raw\dataset_B\EALPR Vechicles dataset\Vehicles\1842.jpg
dataset_B,1843.jpg,1843,.jpg,70397,720,960,RGB,a828623ce4550f819995271c74181f11,bbd0856ee88193da,data\raw\dataset_B\EALPR Vechicles dataset\Vehicles\1843.jpg
dataset_B,1844.jpg,1844,.jpg,94925,924,960,RGB,de3df04a5232de4392da68ea308c71bd,bad25f51a901e88f,data\raw\dataset_B\EALPR Vechicles dataset\Vehicles\1844.jpg
dataset_B,1845.jpg,1845,.jpg,125687,960,720,RGB,ce3e4d7df46aae88f93f64d34d0831ec,8ab4b5989e9c9571,data\raw\dataset_B\EALPR Vechicles dataset\Vehicles\1845.jpg
dataset_B,1846.jpg,1846,.jpg,38038,720,960,RGB,16f87fd80891a7ee1fb8e8f3481fc5c1,c2253cced478c769,data\raw\dataset_B\EALPR Vechicles dataset\Vehicles\1846.jpg
dataset_B,1847.jpg,1847,.jpg,110100,720,960,RGB,799bda46926ff1f0f3e1478f6f6713d5,fa1781797bc52138,data\raw\dataset_B\EALPR Vechicles dataset\Vehicles\1847.jpg
dataset_B,1848.jpg,1848,.jpg,84638,719,960,RGB,d153728b4063587f973c84a4d7eb53c4,afc2a8ad954ada70,data\raw\dataset_B\EALPR Vechicles dataset\Vehicles\1848.jpg
dataset_B,1849.jpg,1849,.jpg,90239,960,720,RGB,937287c85366b2ac3a17b816293834a9,b9812e9e799e8638,data\raw\dataset_B\EALPR Vechicles dataset\Vehicles\1849.jpg
dataset_B,1850.jpg,1850,.jpg,100759,960,960,RGB,2969ad4ab19aa632955f8042dbb0d0f6,f8d1c7098baa9a56,data\raw\dataset_B\EALPR Vechicles dataset\Vehicles\1850.jpg
dataset_B,1851.jpg,1851,.jpg,57118,720,960,RGB,3ad53cf7c8a33263d66a0923eefc2973,e1d4c17d8d321f0b,data\raw\dataset_B\EALPR Vechicles dataset\Vehicles\1851.jpg
dataset_B,1852.jpg,1852,.jpg,57118,720,960,RGB,3ad53cf7c8a33263d66a0923eefc2973,e1d4c17d8d321f0b,data\raw\dataset_B\EALPR Vechicles dataset\Vehicles\1852.jpg
dataset_B,1853.jpg,1853,.jpg,29198,528,960,RGB,6dd70cfb714963df3d2446b950572452,a2e0ee2a92d52d3b,data\raw\dataset_B\EALPR Vechicles dataset\Vehicles\1853.jpg
dataset_B,1854.jpg,1854,.jpg,52762,720,960,RGB,0475dbfde2c777ba7430651920c1ba64,cbc9e323852d2667,data\raw\dataset_B\EALPR Vechicles dataset\Vehicles\1854.jpg
dataset_B,1855.jpg,1855,.jpg,71094,432,960,RGB,c1a9c83ff96d5b43ebe8495c92f53035,d2d291e9f8ce8585,data\raw\dataset_B\EALPR Vechicles dataset\Vehicles\1855.jpg
dataset_B,1856.jpg,1856,.jpg,85191,720,960,RGB,c9f9fc69cee87cc89490ca11a225a036,df205bf72404ba59,data\raw\dataset_B\EALPR Vechicles dataset\Vehicles\1856.jpg
dataset_B,1857.jpg,1857,.jpg,172503,720,960,RGB,019ca567bc69e13d0d643fe1857597a6,a19ede60218fcfe0,data\raw\dataset_B\EALPR Vechicles dataset\Vehicles\1857.jpg
dataset_B,1858.jpg,1858,.jpg,65874,960,720,RGB,7987684e0f678ff90a4587bad4769356,f9d0b899b492262f,data\raw\dataset_B\EALPR Vechicles dataset\Vehicles\1858.jpg
dataset_B,1859.jpg,1859,.jpg,86180,719,960,RGB,73c9f378b1b6beaf92bc8dc2eb1c8e9c,a845d54adfe76680,data\raw\dataset_B\EALPR Vechicles dataset\Vehicles\1859.jpg
dataset_B,1860.jpg,1860,.jpg,112342,960,720,RGB,5e9dfa7101c7f4311b03fdbc2d108002,b991a12db638fa31,data\raw\dataset_B\EALPR Vechicles dataset\Vehicles\1860.jpg
dataset_B,1861.jpg,1861,.jpg,56471,720,960,RGB,7b597a062d0261d2f43333ec0756507d,a5898e2f7b520aad,data\raw\dataset_B\EALPR Vechicles dataset\Vehicles\1861.jpg
dataset_B,1862.jpg,1862,.jpg,73397,960,720,RGB,0a2ad4944d37448074c5c97c86882dc8,f90e86337263998e,data\raw\dataset_B\EALPR Vechicles dataset\Vehicles\1862.jpg
dataset_B,1863.jpg,1863,.jpg,55769,960,779,RGB,7d7ca3393c250d32ac86458caa00c1a0,fa81d4abb8a99496,data\raw\dataset_B\EALPR Vechicles dataset\Vehicles\1863.jpg
dataset_B,1864.jpg,1864,.jpg,75202,934,700,RGB,7b07361b1cd6f7b17af3f86c1eca7283,ab6a986d923cc33c,data\raw\dataset_B\EALPR Vechicles dataset\Vehicles\1864.jpg
dataset_B,1865.jpg,1865,.jpg,117916,960,720,RGB,c459a442733b679748370394e9b52001,a5ad7d3585812b2b,data\raw\dataset_B\EALPR Vechicles dataset\Vehicles\1865.jpg
dataset_B,1866.jpg,1866,.jpg,35000,525,700,RGB,95ee1f7eaf0d81c77bae9c7e04fa0b68,add8d0a99a17c3b1,data\raw\dataset_B\EALPR Vechicles dataset\Vehicles\1866.jpg
dataset_B,1867.jpg,1867,.jpg,108466,720,960,RGB,336d70e45dc59d8a4dc3b5f208c7ec0b,f5a5a992d2693507,data\raw\dataset_B\EALPR Vechicles dataset\Vehicles\1867.jpg
dataset_B,1868.jpg,1868,.jpg,97093,718,960,RGB,d374a21bfae343d984ba5aae963c4a69,888ea5b1967678d6,data\raw\dataset_B\EALPR Vechicles dataset\Vehicles\1868.jpg
dataset_B,1869.jpg,1869,.jpg,45030,540,960,RGB,39dbdb18c86c9a5197e8bb5d03cdf1e3,a2a5bc7805477ada,data\raw\dataset_B\EALPR Vechicles dataset\Vehicles\1869.jpg
dataset_B,1870.jpg,1870,.jpg,74951,720,960,RGB,996a9634861a13c500674a8a95c30400,bd45c58d8fc94ab0,data\raw\dataset_B\EALPR Vechicles dataset\Vehicles\1870.jpg
dataset_B,1871.jpg,1871,.jpg,53020,720,960,RGB,cd09004e67912746eebaee04c70d4785,c0403f1ec4c8dfd7,data\raw\dataset_B\EALPR Vechicles dataset\Vehicles\1871.jpg
dataset_B,1872.jpg,1872,.jpg,49362,720,960,RGB,f8b17a7c762a07851e0f7c0e5ac231f3,c5ad6f8591383ad2,data\raw\dataset_B\EALPR Vechicles dataset\Vehicles\1872.jpg
dataset_B,1873.jpg,1873,.jpg,139614,960,960,RGB,8467ddaa44eae9f9592dbf7221e49379,84387cdbc7417c3c,data\raw\dataset_B\EALPR Vechicles dataset\Vehicles\1873.jpg
dataset_B,1874.jpg,1874,.jpg,70068,704,960,RGB,b5b7ec9e3b9fab8459a012fffd8bafc2,fa91852e9ec958c3,data\raw\dataset_B\EALPR Vechicles dataset\Vehicles\1874.jpg
dataset_B,1875.jpg,1875,.jpg,126390,720,960,RGB,cef19a78444b42bc05608125329ae4aa,aec1b0ce456cd62b,data\raw\dataset_B\EALPR Vechicles dataset\Vehicles\1875.jpg
dataset_B,1876.jpg,1876,.jpg,75570,720,960,RGB,296beb1dbcf79da15b3381fa92ab6f06,a79fdf610218f194,data\raw\dataset_B\EALPR Vechicles dataset\Vehicles\1876.jpg
dataset_B,1877.jpg,1877,.jpg,85326,720,960,RGB,c025ec5d1df5d9138a64c82708cafa60,c989c6cec69c5cb1,data\raw\dataset_B\EALPR Vechicles dataset\Vehicles\1877.jpg
dataset_B,1878.jpg,1878,.jpg,93074,960,720,RGB,d2050e0830296bc12e4261b6c69bb399,b6969bea654c44e4,data\raw\dataset_B\EALPR Vechicles dataset\Vehicles\1878.jpg
dataset_B,1879.jpg,1879,.jpg,59032,750,837,RGB,783e68ef0774904559e87d87cae6862c,b7d6222b977cd060,data\raw\dataset_B\EALPR Vechicles dataset\Vehicles\1879.jpg
dataset_B,1880.jpg,1880,.jpg,53363,720,960,RGB,0b0950596dd18e88afa351143df2dafd,b907806e7c7193cd,data\raw\dataset_B\EALPR Vechicles dataset\Vehicles\1880.jpg
dataset_B,1881.jpg,1881,.jpg,82674,720,960,RGB,a1f76c91f9cd65a19a3754f7d0e4abbc,87d7f93161c03c8e,data\raw\dataset_B\EALPR Vechicles dataset\Vehicles\1881.jpg
dataset_B,1882.jpg,1882,.jpg,61801,635,624,RGB,fc01a259491f2de5d1e99a1886916b81,add4e44223a3d96b,data\raw\dataset_B\EALPR Vechicles dataset\Vehicles\1882.jpg
dataset_B,1883.jpg,1883,.jpg,117175,715,960,RGB,ca7edf5f5974f8c75c5d749f4b4882fa,8b6a642b2c939bd6,data\raw\dataset_B\EALPR Vechicles dataset\Vehicles\1883.jpg
dataset_B,1884.jpg,1884,.jpg,75116,704,960,RGB,d65428c77c6334e224e5369542ec81bc,9e11955b976c2e16,data\raw\dataset_B\EALPR Vechicles dataset\Vehicles\1884.jpg
dataset_B,1885.jpg,1885,.jpg,78191,960,960,RGB,f0dd79ddd22a4fc4fefad76c630287f1,f8ddc76394909896,data\raw\dataset_B\EALPR Vechicles dataset\Vehicles\1885.jpg
dataset_B,1886.jpg,1886,.jpg,57526,960,720,RGB,c0a486a13d257f2ea935770f6dadc49d,b5575f3deb622002,data\raw\dataset_B\EALPR Vechicles dataset\Vehicles\1886.jpg
dataset_B,1887.jpg,1887,.jpg,76330,720,960,RGB,c3bb3df2a271dbfb5c2f53735c3633a5,eec4c43b93319b31,data\raw\dataset_B\EALPR Vechicles dataset\Vehicles\1887.jpg
dataset_B,1888.jpg,1888,.jpg,83478,960,960,RGB,9804520e215b56c6624bdc9b226891f4,af80901e9fd7da60,data\raw\dataset_B\EALPR Vechicles dataset\Vehicles\1888.jpg
dataset_B,1889.jpg,1889,.jpg,68540,960,960,RGB,cb22e1787e2ba166d2380364898cb852,9b33cf29927405c7,data\raw\dataset_B\EALPR Vechicles dataset\Vehicles\1889.jpg
dataset_B,1890.jpg,1890,.jpg,74429,960,720,RGB,3af32e6d8d3a14a75a1a59e56cbdadbe,c59f79c4dc53d220,data\raw\dataset_B\EALPR Vechicles dataset\Vehicles\1890.jpg
dataset_B,1891.jpg,1891,.jpg,100670,960,540,RGB,85f1a4fa36002c73754f236ab3d88f1a,ad0bd27ef8f04261,data\raw\dataset_B\EALPR Vechicles dataset\Vehicles\1891.jpg
dataset_B,1892.jpg,1892,.jpg,28449,420,700,RGB,4db980f3f2b77af9d9c4611b373e55ab,f4e87836b078c9e8,data\raw\dataset_B\EALPR Vechicles dataset\Vehicles\1892.jpg
dataset_B,1893.jpg,1893,.jpg,52595,444,960,RGB,6037fefb20fc2c7c2badbdcf1fcc0dce,9f9591a88eca6a6c,data\raw\dataset_B\EALPR Vechicles dataset\Vehicles\1893.jpg
dataset_B,1894.jpg,1894,.jpg,88509,960,720,RGB,67ca21911a567844c65d348576a4fdb3,ed81350eb2998f96,data\raw\dataset_B\EALPR Vechicles dataset\Vehicles\1894.jpg
dataset_B,1895.jpg,1895,.jpg,65612,540,960,RGB,c4631b006789e51196f88262c272be58,f3c4ec3b92a42b92,data\raw\dataset_B\EALPR Vechicles dataset\Vehicles\1895.jpg
dataset_B,1896.jpg,1896,.jpg,79156,960,720,RGB,c8ef2701c7c15cd745b6e4a0b31204c3,8e10b37ec172d754,data\raw\dataset_B\EALPR Vechicles dataset\Vehicles\1896.jpg
dataset_B,1897.jpg,1897,.jpg,91551,960,540,RGB,642c3486937b659e30e6b4944f97e68d,b0f16c0df368c34e,data\raw\dataset_B\EALPR Vechicles dataset\Vehicles\1897.jpg
dataset_B,1898.jpg,1898,.jpg,103277,848,905,RGB,0a73aeb5d2876c88ac5a086c9914e95c,bd19c02b45d5658f,data\raw\dataset_B\EALPR Vechicles dataset\Vehicles\1898.jpg
dataset_B,1899.jpg,1899,.jpg,59128,720,960,RGB,f47d336212e95cca374fedd55673c711,ee464a6aa17e9349,data\raw\dataset_B\EALPR Vechicles dataset\Vehicles\1899.jpg
dataset_B,1900.jpg,1900,.jpg,124887,720,960,RGB,98c1dcf3e030c4ec7d295228d4509c12,a2c2d0354bc9fd5a,data\raw\dataset_B\EALPR Vechicles dataset\Vehicles\1900.jpg
dataset_B,1901.jpg,1901,.jpg,64920,720,960,RGB,117996aa3dc1eddafc86a2f8f879b5dd,bb1296ba39a1a5a9,data\raw\dataset_B\EALPR Vechicles dataset\Vehicles\1901.jpg
dataset_B,1902.jpg,1902,.jpg,84170,720,960,RGB,35c2db4039d1145aab1609bd40ecb7df,df04c06ba9a53d1d,data\raw\dataset_B\EALPR Vechicles dataset\Vehicles\1902.jpg
dataset_B,1903.jpg,1903,.jpg,45251,720,522,RGB,8aa69e8ada09a2a9b78c98268b95d821,c1cf6ac0e5cee289,data\raw\dataset_B\EALPR Vechicles dataset\Vehicles\1903.jpg
dataset_B,1904.jpg,1904,.jpg,98844,720,960,RGB,5acb1e23b351a9fe767c99af108bb553,f595aa07842e2de5,data\raw\dataset_B\EALPR Vechicles dataset\Vehicles\1904.jpg
dataset_B,1905.jpg,1905,.jpg,70895,960,720,RGB,e74acf0ecfe13fabd49d0c256079b04c,b5ca9ae182bff880,data\raw\dataset_B\EALPR Vechicles dataset\Vehicles\1905.jpg
dataset_B,1906.jpg,1906,.jpg,86831,720,960,RGB,629721adb110b945116e6d6ea767adcc,9c94ba2b9dd1870b,data\raw\dataset_B\EALPR Vechicles dataset\Vehicles\1906.jpg
dataset_B,1907.jpg,1907,.jpg,80893,720,960,RGB,6cabad34b995554e5c153a781780f3a8,fd14941bbd2d502d,data\raw\dataset_B\EALPR Vechicles dataset\Vehicles\1907.jpg
dataset_B,1908.jpg,1908,.jpg,100002,960,718,RGB,e2b67de0197685e7d709d63ec902a2a7,e1debe6158aaa093,data\raw\dataset_B\EALPR Vechicles dataset\Vehicles\1908.jpg
dataset_B,1909.jpg,1909,.jpg,52747,960,598,RGB,94b01adc86e23c99baa600a86d91acd1,f08a8e35cb362c5e,data\raw\dataset_B\EALPR Vechicles dataset\Vehicles\1909.jpg
dataset_B,1910.jpg,1910,.jpg,96402,720,960,RGB,f82fbb0105e95f774d987ce8003f399c,83add69d682735e0,data\raw\dataset_B\EALPR Vechicles dataset\Vehicles\1910.jpg
dataset_B,1911.jpg,1911,.jpg,71894,960,720,RGB,bbeb4dec6220598aa2ee8afe4fbab1a5,fd89072f90f37023,data\raw\dataset_B\EALPR Vechicles dataset\Vehicles\1911.jpg
dataset_B,1912.jpg,1912,.jpg,102929,720,960,RGB,b8a9d29969943225210501a41726d507,eed66970e3e38c20,data\raw\dataset_B\EALPR Vechicles dataset\Vehicles\1912.jpg
dataset_B,1913.jpg,1913,.jpg,73262,467,960,RGB,37ade0b0a8b894d5002c12f2b05566da,ac84d4b8b283ab7b,data\raw\dataset_B\EALPR Vechicles dataset\Vehicles\1913.jpg
dataset_B,1914.jpg,1914,.jpg,93411,444,960,RGB,e70d09c67fa08ff6b98d70ff6839853e,fb4f84f07ac2c40b,data\raw\dataset_B\EALPR Vechicles dataset\Vehicles\1914.jpg
dataset_B,1915.jpg,1915,.jpg,130058,934,700,RGB,e2b93f9d2a7c5b4faf0c6ecdffc7ff59,b686a692b43cc36d,data\raw\dataset_B\EALPR Vechicles dataset\Vehicles\1915.jpg
dataset_B,1916.jpg,1916,.jpg,81728,444,960,RGB,34ab3cb62c61abb3f375689a16d9737b,aa2b87d75aca8361,data\raw\dataset_B\EALPR Vechicles dataset\Vehicles\1916.jpg
dataset_B,1917.jpg,1917,.jpg,139277,720,960,RGB,cb6f5551ae74a076e15ce0b4cfa70a30,ba56466cc5ad2a36,data\raw\dataset_B\EALPR Vechicles dataset\Vehicles\1917.jpg
dataset_B,1918.jpg,1918,.jpg,63529,960,444,RGB,362c200ed03a040927917aaa21015a97,bdc910c9647cecf0,data\raw\dataset_B\EALPR Vechicles dataset\Vehicles\1918.jpg
dataset_B,1919.jpg,1919,.jpg,99920,960,720,RGB,13b9eed0fd80da6c58d484c75e50b461,ec84c45ec96b67c1,data\raw\dataset_B\EALPR Vechicles dataset\Vehicles\1919.jpg
dataset_B,1920.jpg,1920,.jpg,96156,720,960,RGB,13cc1e27806ee4c875f6f1a36ffb7124,9e9e2fe1e2229836,data\raw\dataset_B\EALPR Vechicles dataset\Vehicles\1920.jpg
dataset_B,1921.jpg,1921,.jpg,113953,720,960,RGB,3d550dbc42312b772514fbc6b86c144b,e810947ef4f8d269,data\raw\dataset_B\EALPR Vechicles dataset\Vehicles\1921.jpg
dataset_B,1922.jpg,1922,.jpg,68276,720,960,RGB,45bc95936ee55b2eb6dcd881f4940247,a1e5fe7986823b22,data\raw\dataset_B\EALPR Vechicles dataset\Vehicles\1922.jpg
dataset_B,1923.jpg,1923,.jpg,116508,720,960,RGB,79256e4df3fadf5bc52c9a429c74d774,fc807cd4a00bfd5c,data\raw\dataset_B\EALPR Vechicles dataset\Vehicles\1923.jpg
dataset_B,1924.jpg,1924,.jpg,48745,960,673,RGB,545683f1fba5c4f24fe30e6261f09a29,baa58b8bd658d823,data\raw\dataset_B\EALPR Vechicles dataset\Vehicles\1924.jpg
dataset_B,1925.jpg,1925,.jpg,98620,960,720,RGB,2dfa27b6547fb189a025c0283ed369d0,f3e46653989c9853,data\raw\dataset_B\EALPR Vechicles dataset\Vehicles\1925.jpg
dataset_B,1926.jpg,1926,.jpg,70180,960,720,RGB,38aebb1c2a8d8c1ca17146112afc6365,a0d22fe4accfa2cc,data\raw\dataset_B\EALPR Vechicles dataset\Vehicles\1926.jpg
dataset_B,1927.jpg,1927,.jpg,68066,960,720,RGB,1d930be04cbd367c8c457ba594b54029,f896aad0871a9769,data\raw\dataset_B\EALPR Vechicles dataset\Vehicles\1927.jpg
dataset_B,1928.jpg,1928,.jpg,64089,467,960,RGB,43bbb1164c501015c2faaf17b8d9da84,cbc9a18796967878,data\raw\dataset_B\EALPR Vechicles dataset\Vehicles\1928.jpg
dataset_B,1929.jpg,1929,.jpg,59603,720,960,RGB,ae249cd790f5fc2e388c762c0a03d50b,e86ac6e668e8d436,data\raw\dataset_B\EALPR Vechicles dataset\Vehicles\1929.jpg
dataset_B,1930.jpg,1930,.jpg,63084,720,960,RGB,f18fecff20b05f345f947c7f46a44179,f90981974ad2f3e8,data\raw\dataset_B\EALPR Vechicles dataset\Vehicles\1930.jpg
dataset_B,1931.jpg,1931,.jpg,153656,960,720,RGB,f63c8e183331f755433980f42e8b1159,ec8578d2c36ce598,data\raw\dataset_B\EALPR Vechicles dataset\Vehicles\1931.jpg
dataset_B,1932.jpg,1932,.jpg,173509,720,960,RGB,b383fb748e65cad6af5480f396ff0efb,f979f1232e48782c,data\raw\dataset_B\EALPR Vechicles dataset\Vehicles\1932.jpg
dataset_B,1933.jpg,1933,.jpg,131785,720,960,RGB,9728a5f53b107f69aa7df49b459ba589,95e4d65ea58638c9,data\raw\dataset_B\EALPR Vechicles dataset\Vehicles\1933.jpg
dataset_B,1934.jpg,1934,.jpg,116340,960,720,RGB,13b6661b4016ae7262e53e989fd70569,ebe0f07de262c226,data\raw\dataset_B\EALPR Vechicles dataset\Vehicles\1934.jpg
dataset_B,1935.jpg,1935,.jpg,36714,525,700,RGB,29be16695faf5c7fadbe342f5d17e8df,c5c52c0f836bc93b,data\raw\dataset_B\EALPR Vechicles dataset\Vehicles\1935.jpg
dataset_B,1936.jpg,1936,.jpg,84618,960,960,RGB,bb7114ae7960244a9077bc7b02281a1d,b9999774f2f22206,data\raw\dataset_B\EALPR Vechicles dataset\Vehicles\1936.jpg
dataset_B,1937.jpg,1937,.jpg,73744,720,960,RGB,52fed083214ed42fd33d127a43c71ca0,cbc3f9d8d86c2423,data\raw\dataset_B\EALPR Vechicles dataset\Vehicles\1937.jpg
dataset_B,1938.jpg,1938,.jpg,176830,720,960,RGB,9ca576b8e74c50f2e06ff0d41576353f,f070e36f4ed8288e,data\raw\dataset_B\EALPR Vechicles dataset\Vehicles\1938.jpg
dataset_B,1939.jpg,1939,.jpg,136300,720,960,RGB,189b50a5abb4e15be8bd2affef26b755,f911d0e0e5769a99,data\raw\dataset_B\EALPR Vechicles dataset\Vehicles\1939.jpg
dataset_B,1940.jpg,1940,.jpg,140079,720,960,RGB,6bdb01fece7255b44393a606246363f5,b9d0d229f03e5ae4,data\raw\dataset_B\EALPR Vechicles dataset\Vehicles\1940.jpg
dataset_B,1941.jpg,1941,.jpg,72674,960,720,RGB,992e0bf30be74b68b9f3782e82bcfc15,9a95e60f956a9b21,data\raw\dataset_B\EALPR Vechicles dataset\Vehicles\1941.jpg
dataset_B,1942.jpg,1942,.jpg,66782,467,960,RGB,634b689a9b7fd54c03b7c1b3e8ea1e1b,dfdf9794c024a4a2,data\raw\dataset_B\EALPR Vechicles dataset\Vehicles\1942.jpg
dataset_B,1943.jpg,1943,.jpg,116523,934,700,RGB,872f23e1cd07ccc7ed7e40779bcc12a8,95d35a91a09a97b9,data\raw\dataset_B\EALPR Vechicles dataset\Vehicles\1943.jpg
dataset_B,1944.jpg,1944,.jpg,83856,444,960,RGB,8c0592cec7e2a30c6977df0c8ee61024,af5ec0696ad4950d,data\raw\dataset_B\EALPR Vechicles dataset\Vehicles\1944.jpg
dataset_B,1945.jpg,1945,.jpg,61552,668,960,RGB,3d78924d0bdf8230c84917dba70dae81,f615c56e3a92e18c,data\raw\dataset_B\EALPR Vechicles dataset\Vehicles\1945.jpg
dataset_B,1946.jpg,1946,.jpg,95092,960,540,RGB,b8bfe2468288cc2ed0ee6bee41d61279,ac87cdfef04c038c,data\raw\dataset_B\EALPR Vechicles dataset\Vehicles\1946.jpg
dataset_B,1947.jpg,1947,.jpg,51671,720,960,RGB,886ed67f7fdcbe494906e7f17361ded6,a212d66c6d19b1ed,data\raw\dataset_B\EALPR Vechicles dataset\Vehicles\1947.jpg
dataset_B,1948.jpg,1948,.jpg,40902,720,960,RGB,18ba1d0b59e8d455e149af4b6a7569a6,bcf495442a6b1f4a,data\raw\dataset_B\EALPR Vechicles dataset\Vehicles\1948.jpg
dataset_B,1949.jpg,1949,.jpg,115315,960,467,RGB,23f72efea002f606e6826b2098362a0f,a5e6e69a96985866,data\raw\dataset_B\EALPR Vechicles dataset\Vehicles\1949.jpg
dataset_B,1950.jpg,1950,.jpg,79997,720,960,RGB,4c736bba85486f867c44e1b893a42aca,c9c9cae64c68e571,data\raw\dataset_B\EALPR Vechicles dataset\Vehicles\1950.jpg
dataset_B,1951.jpg,1951,.jpg,80185,960,720,RGB,42f15556d38604918d17c869a3e35193,bd94872fc90d0796,data\raw\dataset_B\EALPR Vechicles dataset\Vehicles\1951.jpg
dataset_B,1952.jpg,1952,.jpg,168443,720,960,RGB,96b193b5b59f3e7c47699f1b8c2bc1e1,989ac72d8f86ace8,data\raw\dataset_B\EALPR Vechicles dataset\Vehicles\1952.jpg
dataset_B,1953.jpg,1953,.jpg,77213,960,720,RGB,ad69cc269f7b0353893353a436b82bf7,f8d2922d89a4eed8,data\raw\dataset_B\EALPR Vechicles dataset\Vehicles\1953.jpg
dataset_B,1954.jpg,1954,.jpg,63818,960,432,RGB,7ab8d43496978b7990aab8d126e2d650,f0c19d6c89d7dc82,data\raw\dataset_B\EALPR Vechicles dataset\Vehicles\1954.jpg
dataset_B,1955.jpg,1955,.jpg,116340,960,720,RGB,de490794b7470719ea3131bc46d6e562,ebe0f07de262c226,data\raw\dataset_B\EALPR Vechicles dataset\Vehicles\1955.jpg
dataset_B,1956.jpg,1956,.jpg,37263,720,526,RGB,a0d4f0560016aa2cf04ba69081dff56c,fcc8ec0038ffb04d,data\raw\dataset_B\EALPR Vechicles dataset\Vehicles\1956.jpg
dataset_B,1957.jpg,1957,.jpg,82888,960,540,RGB,c8bea36b09175f4f03d51a5452f8c562,b3f5d15a0c321735,data\raw\dataset_B\EALPR Vechicles dataset\Vehicles\1957.jpg
dataset_B,1958.jpg,1958,.jpg,94231,854,960,RGB,6adb3c3e4fc7e720cb110aae93e86f52,ddc58d2eb69414b4,data\raw\dataset_B\EALPR Vechicles dataset\Vehicles\1958.jpg
dataset_B,1959.jpg,1959,.jpg,69962,720,960,RGB,f966e2b0e084f2e7a3ca7fd57050636a,8452afa9d23dcad2,data\raw\dataset_B\EALPR Vechicles dataset\Vehicles\1959.jpg
dataset_B,1960.jpg,1960,.jpg,69483,960,720,RGB,69403639018777db7c7021d358401bcc,cc0c2dccca43df72,data\raw\dataset_B\EALPR Vechicles dataset\Vehicles\1960.jpg
dataset_B,1961.jpg,1961,.jpg,80531,719,960,RGB,4e30ae94092deeabf2fb7d7cdcd827d3,ef84c13bd07a96d0,data\raw\dataset_B\EALPR Vechicles dataset\Vehicles\1961.jpg
dataset_B,1962.jpg,1962,.jpg,136300,720,960,RGB,6d84e9ff4e2bd1f39d831b3a1d4a6893,f911d0e0e5769a99,data\raw\dataset_B\EALPR Vechicles dataset\Vehicles\1962.jpg
dataset_B,1963.jpg,1963,.jpg,66329,960,720,RGB,49d990987f78ee68b5af1963d969873b,965a68c6856674de,data\raw\dataset_B\EALPR Vechicles dataset\Vehicles\1963.jpg
dataset_B,1964.jpg,1964,.jpg,81784,960,802,RGB,d673496fa4a23ca14db4fdae01752397,ebe18516d4f6461a,data\raw\dataset_B\EALPR Vechicles dataset\Vehicles\1964.jpg
dataset_B,1965.jpeg,1965,.jpeg,11690,345,460,RGB,1dc6f1564e6b05d3beb3dd59d40d75dd,ae2b50812f7cc33d,data\raw\dataset_B\EALPR Vechicles dataset\Vehicles\1965.jpeg
dataset_B,1966.jpeg,1966,.jpeg,22992,615,461,RGB,b1178feacf7e93596f2e748296713aa0,de352c9acf245a70,data\raw\dataset_B\EALPR Vechicles dataset\Vehicles\1966.jpeg
dataset_B,1967.jpg,1967,.jpg,153157,800,1000,RGB,865bfe3f9d6e2ef98c5df896833f6e64,e5f9ba07972e80a1,data\raw\dataset_B\EALPR Vechicles dataset\Vehicles\1967.jpg
dataset_B,1968.jpg,1968,.jpg,102900,750,562,RGB,4a69e84088936c552b1897a42980977b,bfdbc03839c80e8b,data\raw\dataset_B\EALPR Vechicles dataset\Vehicles\1968.jpg
dataset_B,1969.jpg,1969,.jpg,119285,799,997,RGB,741c79aba3b1dcfa028d2bb89249346a,a3c1dc7f11841f69,data\raw\dataset_B\EALPR Vechicles dataset\Vehicles\1969.jpg
dataset_B,1970.jpg,1970,.jpg,117273,937,1171,RGB,90520d2333bc26a7055c0cd94b98dfae,fdebe3c10c8ca2a8,data\raw\dataset_B\EALPR Vechicles dataset\Vehicles\1970.jpg
dataset_B,1971.jpg,1971,.jpg,119282,750,750,RGB,1751dc20a37d46c355999821210f0a36,a505c3d37dcda832,data\raw\dataset_B\EALPR Vechicles dataset\Vehicles\1971.jpg
dataset_B,1972.jpg,1972,.jpg,126655,764,956,RGB,d2ee60fa8c05e4b8c33788182bd5b9fc,c8946f6e9c686d91,data\raw\dataset_B\EALPR Vechicles dataset\Vehicles\1972.jpg
dataset_B,1973.jpg,1973,.jpg,56588,640,479,RGB,61f177c5a03af629163a3834490c777b,bfd092aacb352326,data\raw\dataset_B\EALPR Vechicles dataset\Vehicles\1973.jpg
dataset_B,1974.jpg,1974,.jpg,54769,1080,608,RGB,887963f2c5cfbfb2665355b29527060c,95df627584e8a561,data\raw\dataset_B\EALPR Vechicles dataset\Vehicles\1974.jpg
dataset_B,1975.jpg,1975,.jpg,61219,750,562,RGB,e390b76828624466dfc5ed88ee906aaa,950d6aaa196736d6,data\raw\dataset_B\EALPR Vechicles dataset\Vehicles\1975.jpg
dataset_B,1976.jpg,1976,.jpg,193532,937,1171,RGB,4e767a0595f5fbf0223a69060572c0e2,c6c66fe34ac02cdc,data\raw\dataset_B\EALPR Vechicles dataset\Vehicles\1976.jpg
dataset_B,1977.jpg,1977,.jpg,56927,640,480,RGB,fe669ca46b7e414d3da53fe5140ff975,93907c30f6dc8b93,data\raw\dataset_B\EALPR Vechicles dataset\Vehicles\1977.jpg
dataset_B,1978.jpg,1978,.jpg,80437,800,1000,RGB,8ace0066a1d0d9e3d789bc4d26e6c852,fda4951b065a7925,data\raw\dataset_B\EALPR Vechicles dataset\Vehicles\1978.jpg
dataset_B,1979.jpg,1979,.jpg,65700,750,562,RGB,6ce22d5ccd0d902018988fa106c72230,bf978e9a50707921,data\raw\dataset_B\EALPR Vechicles dataset\Vehicles\1979.jpg
dataset_B,1980.jpg,1980,.jpg,75759,795,993,RGB,fb3ff5b7e514c74a5cea68effb1dd7d4,a9a175d894867ab9,data\raw\dataset_B\EALPR Vechicles dataset\Vehicles\1980.jpg
dataset_B,1981.jpg,1981,.jpg,68816,1080,808,RGB,3bffd607114d90e6637fe79005637698,f2e07adc8435f035,data\raw\dataset_B\EALPR Vechicles dataset\Vehicles\1981.jpg
dataset_B,1982.jpg,1982,.jpg,113977,800,1000,RGB,4a6c08d4e9c8b246a36c87ecc53f5592,e303c27f0f282f65,data\raw\dataset_B\EALPR Vechicles dataset\Vehicles\1982.jpg
dataset_B,1983.jpg,1983,.jpg,150836,937,1171,RGB,eec82726c27f0587d477f243aeed8f09,cf43c209a5e38e8f,data\raw\dataset_B\EALPR Vechicles dataset\Vehicles\1983.jpg
dataset_B,1984.jpg,1984,.jpg,257238,937,1171,RGB,5d405e1b61f8f31736590efd0f1a066f,bf11c00b5e8c69eb,data\raw\dataset_B\EALPR Vechicles dataset\Vehicles\1984.jpg
dataset_B,1985.jpg,1985,.jpg,54973,640,480,RGB,2dfab30814fb2498dd769ec6668387ce,e0c6c2b2b9f2d2d2,data\raw\dataset_B\EALPR Vechicles dataset\Vehicles\1985.jpg
dataset_B,1986.jpg,1986,.jpg,65911,640,449,RGB,660c625aa0c2bba6334510e9884e702b,e10183aa1ae7d9db,data\raw\dataset_B\EALPR Vechicles dataset\Vehicles\1986.jpg
dataset_B,1987.jpg,1987,.jpg,179095,937,1171,RGB,2cb0481c6bfa13765e88910415da473e,be9de504d4d912d2,data\raw\dataset_B\EALPR Vechicles dataset\Vehicles\1987.jpg
dataset_B,1988.jpg,1988,.jpg,55107,640,480,RGB,01618604553a377b2ece5dd2edb6b542,bfaf2ebad8686080,data\raw\dataset_B\EALPR Vechicles dataset\Vehicles\1988.jpg
dataset_B,1989.jpg,1989,.jpg,113248,937,1171,RGB,b18ad277f0b1a109d818a538f48b42d1,cfdcf0f18b0a2474,data\raw\dataset_B\EALPR Vechicles dataset\Vehicles\1989.jpg
dataset_B,1990.jpg,1990,.jpg,63623,750,561,RGB,08e4d22cd1aa6591e684d44fcd1e0731,a8b454b28a88ef77,data\raw\dataset_B\EALPR Vechicles dataset\Vehicles\1990.jpg
dataset_B,1991.jpg,1991,.jpg,31758,1080,720,RGB,9f8b5f84e1178361d33b74bc40f079bf,c26b3d9231cc673c,data\raw\dataset_B\EALPR Vechicles dataset\Vehicles\1991.jpg
dataset_B,1992.jpg,1992,.jpg,76247,720,720,RGB,bf5465d2623a7643c9a0ceb1623d809c,adc0da688e74c73c,data\raw\dataset_B\EALPR Vechicles dataset\Vehicles\1992.jpg
dataset_B,1993.jpg,1993,.jpg,104941,640,570,RGB,f44816ab2da603f3329a6cd437f301ef,e6863fd7a432db00,data\raw\dataset_B\EALPR Vechicles dataset\Vehicles\1993.jpg
dataset_B,1994.jpg,1994,.jpg,49291,640,480,RGB,05c0090a9b916e83701970003ad1ad30,eaa8bd8496c7865a,data\raw\dataset_B\EALPR Vechicles dataset\Vehicles\1994.jpg
dataset_B,1995.jpg,1995,.jpg,54854,640,479,RGB,013a97489ca5be2577a034d6a4b19e55,97286b9770ee2193,data\raw\dataset_B\EALPR Vechicles dataset\Vehicles\1995.jpg
dataset_B,1996.jpg,1996,.jpg,66611,695,363,RGB,e670067786d8e16e808a191a192d6e7f,866e798f7c10e724,data\raw\dataset_B\EALPR Vechicles dataset\Vehicles\1996.jpg
dataset_B,1997.jpg,1997,.jpg,42253,640,640,RGB,0545818a64b8f3a832c3683dda50e0db,872129fb2f47d0a9,data\raw\dataset_B\EALPR Vechicles dataset\Vehicles\1997.jpg
dataset_B,1998.jpg,1998,.jpg,142627,750,562,RGB,d921c2f66b46330ee314a2b431efd366,f078d95c74a45c66,data\raw\dataset_B\EALPR Vechicles dataset\Vehicles\1998.jpg
dataset_B,1999.jpg,1999,.jpg,50038,640,480,RGB,d03fa28b24f379dd2c25b6b6ddaf411a,8456fa288527dade,data\raw\dataset_B\EALPR Vechicles dataset\Vehicles\1999.jpg
dataset_B,2000.jpg,2000,.jpg,36055,1080,720,RGB,447d48108efd723b2f5a0a5d164abf0b,91667e916159b696,data\raw\dataset_B\EALPR Vechicles dataset\Vehicles\2000.jpg
dataset_B,2001.jpg,2001,.jpg,128423,937,1171,RGB,ec4e5dba46fcb0e50e87c3a1563698b8,aaa2a1d5f2ccd5d0,data\raw\dataset_B\EALPR Vechicles dataset\Vehicles\2001.jpg
dataset_B,2002.jpg,2002,.jpg,90318,640,640,RGB,dce7bea9cc9749279d78ddc8f043e76d,ea6b85157c9e9550,data\raw\dataset_B\EALPR Vechicles dataset\Vehicles\2002.jpg
dataset_B,2003.jpg,2003,.jpg,110438,750,750,RGB,cc127e77a96d7d54b3732009d3556ad5,e081834f3f27237e,data\raw\dataset_B\EALPR Vechicles dataset\Vehicles\2003.jpg
dataset_B,2004.jpg,2004,.jpg,104824,937,1171,RGB,7af288f5ca56f459730d3dc71b39c299,affe6840932f6c11,data\raw\dataset_B\EALPR Vechicles dataset\Vehicles\2004.jpg
dataset_B,2005.jpg,2005,.jpg,83286,937,1171,RGB,79a7f87228c64b3ec8535c1fe50d47e6,ebc1943a9466cb69,data\raw\dataset_B\EALPR Vechicles dataset\Vehicles\2005.jpg
dataset_B,2006.jpg,2006,.jpg,97255,800,1000,RGB,545eed78fdaccd53e6c6e17fa83c425a,fed1c02abb2114fa,data\raw\dataset_B\EALPR Vechicles dataset\Vehicles\2006.jpg
dataset_B,2007.jpg,2007,.jpg,119261,750,750,RGB,6fdcff812f2712a6adad2b52a7c5a2b1,9819bde1c36e70c3,data\raw\dataset_B\EALPR Vechicles dataset\Vehicles\2007.jpg
dataset_B,2008.jpg,2008,.jpg,123559,1080,1350,RGB,0fe339859fe4974405a46fddc5fefe6a,fd7993801de54646,data\raw\dataset_B\EALPR Vechicles dataset\Vehicles\2008.jpg
dataset_B,2009.jpg,2009,.jpg,119141,800,1000,RGB,0c5c2b62304b3d9ed0a91eb0f22283a0,ffe5a08a808d7f60,data\raw\dataset_B\EALPR Vechicles dataset\Vehicles\2009.jpg
dataset_B,2010.jpg,2010,.jpg,132673,937,1171,RGB,5226e3957099969c5944e18c5fa4f6aa,af7f8160f1d501c3,data\raw\dataset_B\EALPR Vechicles dataset\Vehicles\2010.jpg
dataset_B,2011.jpg,2011,.jpg,84214,937,1171,RGB,3f573b4d75b220bdcbe40df7a0c6f5a0,bca90b56d4764b89,data\raw\dataset_B\EALPR Vechicles dataset\Vehicles\2011.jpg
dataset_B,2012.jpg,2012,.jpg,59363,750,664,RGB,05e2f70baea45d789ccad8f5723c45e4,efe014c5e1f0d625,data\raw\dataset_B\EALPR Vechicles dataset\Vehicles\2012.jpg
dataset_B,2013.jpg,2013,.jpg,150674,937,1171,RGB,5672520d5d7c23f728f8483fc9f01dbf,bf63c05dc5a262e4,data\raw\dataset_B\EALPR Vechicles dataset\Vehicles\2013.jpg
dataset_B,2014.jpg,2014,.jpg,108922,750,562,RGB,6d417c2da1e3b6777f085baf1252dd96,ffcfd01314162725,data\raw\dataset_B\EALPR Vechicles dataset\Vehicles\2014.jpg
dataset_B,2015.jpg,2015,.jpg,100892,1024,765,RGB,37ad757bd573eb71b4b3d2ca1a21b551,aa73943c9c2e27c5,data\raw\dataset_B\EALPR Vechicles dataset\Vehicles\2015.jpg
dataset_B,2016.jpg,2016,.jpg,103164,800,1000,RGB,d8d591c91f8d6166d05231a262ac4a8d,f7d1e9d6d6288806,data\raw\dataset_B\EALPR Vechicles dataset\Vehicles\2016.jpg
dataset_B,2017.jpg,2017,.jpg,125216,937,1171,RGB,4caf4449c61012107feebb848ea587c3,842f7ef0d059a17a,data\raw\dataset_B\EALPR Vechicles dataset\Vehicles\2017.jpg
dataset_B,2018.jpg,2018,.jpg,65536,852,1065,RGB,512267b39a5c380030b3629f31fae297,,data\raw\dataset_B\EALPR Vechicles dataset\Vehicles\2018.jpg
dataset_B,2019.jpg,2019,.jpg,273443,1080,1275,RGB,f651e6730e74fec237a2946e60074dad,ab55dc4ba534b464,data\raw\dataset_B\EALPR Vechicles dataset\Vehicles\2019.jpg
dataset_B,2020.jpg,2020,.jpg,156180,933,1160,RGB,811fe0d62e73369b1c716abfe81960b9,f574aa08d55e02f5,data\raw\dataset_B\EALPR Vechicles dataset\Vehicles\2020.jpg
dataset_B,2021.jpg,2021,.jpg,173887,800,1000,RGB,0bfb3fa347e067207ff8e0a2a5e966f0,d425eb14d06b9ae5,data\raw\dataset_B\EALPR Vechicles dataset\Vehicles\2021.jpg
dataset_B,2022.jpg,2022,.jpg,26427,960,720,RGB,6cd83cb84bded7555c326402d8b132ea,a832574da3b8cc57,data\raw\dataset_B\EALPR Vechicles dataset\Vehicles\2022.jpg
dataset_B,2023.jpg,2023,.jpg,73778,1080,1080,RGB,f9ac0e6f639e555aa67c29f83f7275e6,f5d4b4eac0c0a43f,data\raw\dataset_B\EALPR Vechicles dataset\Vehicles\2023.jpg
dataset_B,2024.jpg,2024,.jpg,47666,750,737,RGB,1087f080029f12976059fd68608f7012,aa8ac38fcf119c9c,data\raw\dataset_B\EALPR Vechicles dataset\Vehicles\2024.jpg
dataset_B,2025.jpg,2025,.jpg,63632,960,796,RGB,61b9b33ef48792d505356408503e7608,fb9496aef8304645,data\raw\dataset_B\EALPR Vechicles dataset\Vehicles\2025.jpg
dataset_B,2026.jpg,2026,.jpg,60080,960,720,RGB,d43c63a2d3c2ffbe5622ebe3c7a52cba,f5f12a939e0af068,data\raw\dataset_B\EALPR Vechicles dataset\Vehicles\2026.jpg
dataset_B,2027.jpg,2027,.jpg,84936,960,540,RGB,dda7e21ac63cfafa19241b7e498d4fd2,a995870b98db9bc2,data\raw\dataset_B\EALPR Vechicles dataset\Vehicles\2027.jpg
dataset_B,2028.jpg,2028,.jpg,118689,960,960,RGB,b86562ef66b0982aecf9a605437bb587,ebd0d47ad07fc600,data\raw\dataset_B\EALPR Vechicles dataset\Vehicles\2028.jpg
dataset_B,2029.jpg,2029,.jpg,93348,720,960,RGB,c7896f8ee2747efded8446b01b588539,bf55e63b80a52358,data\raw\dataset_B\EALPR Vechicles dataset\Vehicles\2029.jpg
dataset_B,2030.jpg,2030,.jpg,44771,960,540,RGB,5fadba082dfd72d41dd68ff6be0220ed,f474110bcb90f63e,data\raw\dataset_B\EALPR Vechicles dataset\Vehicles\2030.jpg
dataset_B,2031.jpg,2031,.jpg,80056,900,1125,RGB,24dbeb79bcf5db233a4709ab2e51ee9f,ef8534943cb9d125,data\raw\dataset_B\EALPR Vechicles dataset\Vehicles\2031.jpg
dataset_B,2032.jpg,2032,.jpg,33618,540,960,RGB,3f5b5ce065c527b376374d602cf982c7,b6550baad5752ac4,data\raw\dataset_B\EALPR Vechicles dataset\Vehicles\2032.jpg
dataset_B,2033.jpg,2033,.jpg,104640,720,960,RGB,5e861eeb263923a0cfbe3485bbc15577,be1f3b2a92951525,data\raw\dataset_B\EALPR Vechicles dataset\Vehicles\2033.jpg
dataset_B,2034.jpg,2034,.jpg,37271,960,539,RGB,76a97c4b51655d70b09dfc874da3789c,c93c3ccd3c09b734,data\raw\dataset_B\EALPR Vechicles dataset\Vehicles\2034.jpg
dataset_B,2035.jpg,2035,.jpg,28590,540,960,RGB,ebd22a8dcfee6258d5bcb733960c7516,c5c71a38b93c1e87,data\raw\dataset_B\EALPR Vechicles dataset\Vehicles\2035.jpg
dataset_B,2036.jpg,2036,.jpg,69776,640,635,RGB,d723b526134767079d892ebeac3594fb,a0b0ba7e85d1d58d,data\raw\dataset_B\EALPR Vechicles dataset\Vehicles\2036.jpg
dataset_B,2037.jpg,2037,.jpg,66686,960,540,RGB,9225675ae1c2dd8ada8066e3b9e307ef,a387c5642377658d,data\raw\dataset_B\EALPR Vechicles dataset\Vehicles\2037.jpg
dataset_B,2038.jpg,2038,.jpg,47944,1080,808,RGB,5bea4192af0157c3b5e4d092d2dde61f,fcd0d93df0b0902b,data\raw\dataset_B\EALPR Vechicles dataset\Vehicles\2038.jpg
dataset_B,2039.jpg,2039,.jpg,49008,960,720,RGB,36076c8615058483aa9d04f223ba8130,91f36a9ab925964a,data\raw\dataset_B\EALPR Vechicles dataset\Vehicles\2039.jpg
dataset_B,2040.jpg,2040,.jpg,85739,960,540,RGB,91fa2a0b410f215913ceae7f990df220,abc03c5b65659b0e,data\raw\dataset_B\EALPR Vechicles dataset\Vehicles\2040.jpg
dataset_B,2041.jpg,2041,.jpg,59501,960,668,RGB,09d64e67e7aaab5f1d18f8ec63d4bee6,e99d946bc7d41292,data\raw\dataset_B\EALPR Vechicles dataset\Vehicles\2041.jpg
dataset_B,2042.jpg,2042,.jpg,30003,543,960,RGB,6184e5d5d4a006d52713b37c6e0a76d5,fbf484c70ae879a0,data\raw\dataset_B\EALPR Vechicles dataset\Vehicles\2042.jpg
dataset_B,2043.jpg,2043,.jpg,36507,960,540,RGB,4e124d6bf660f1535bf8c4e5337e9e46,d612316fcdd0b236,data\raw\dataset_B\EALPR Vechicles dataset\Vehicles\2043.jpg
dataset_B,2044.jpg,2044,.jpg,44907,720,540,RGB,dce8f1c605ba644005111ad039eccd18,ebfa3a5d172e0068,data\raw\dataset_B\EALPR Vechicles dataset\Vehicles\2044.jpg
dataset_B,2045.jpg,2045,.jpg,29551,350,466,RGB,38bf48b2a2bc72554878f16a91a88fde,ede5a59598d86270,data\raw\dataset_B\EALPR Vechicles dataset\Vehicles\2045.jpg
dataset_B,2046.jpg,2046,.jpg,62758,720,540,RGB,4bee0bb294c268a72495d05e7c6e1c12,bd4f52088ff73424,data\raw\dataset_B\EALPR Vechicles dataset\Vehicles\2046.jpg
dataset_B,2047.jpg,2047,.jpg,38386,540,537,RGB,d024bbf4662d83b52914fbd462fb945b,818b075979269fd9,data\raw\dataset_B\EALPR Vechicles dataset\Vehicles\2047.jpg
dataset_B,2048.jpg,2048,.jpg,40884,960,720,RGB,ee64b3ace003a988ac7860235bca686e,90d9d83b39193f34,data\raw\dataset_B\EALPR Vechicles dataset\Vehicles\2048.jpg
dataset_B,2049.jpg,2049,.jpg,37696,720,480,RGB,81c64efee6b8604959cdb10afb7621b3,dcc2e0809d67e87e,data\raw\dataset_B\EALPR Vechicles dataset\Vehicles\2049.jpg
dataset_B,2050.jpg,2050,.jpg,60912,960,720,RGB,6ba675179a13dc8d3677d46e26772963,ad15903bcf7a9243,data\raw\dataset_B\EALPR Vechicles dataset\Vehicles\2050.jpg
dataset_B,2051.jpg,2051,.jpg,90427,960,720,RGB,d27cc2ae5b6245702069a7944101366e,836b678c5bde6c02,data\raw\dataset_B\EALPR Vechicles dataset\Vehicles\2051.jpg
dataset_B,2052.jpg,2052,.jpg,27448,720,540,RGB,fbcff1bd65b1c04f7c9f2644fdb06d06,de2fe12e8e582370,data\raw\dataset_B\EALPR Vechicles dataset\Vehicles\2052.jpg
dataset_B,2053.jpg,2053,.jpg,152328,900,1125,RGB,a0e72752135d77fa578cc82252be1dde,ea959e9423c3963c,data\raw\dataset_B\EALPR Vechicles dataset\Vehicles\2053.jpg
dataset_B,2054.jpg,2054,.jpg,32174,640,960,RGB,d4f30eabcf9ede6f09c3d0a652f8405f,bdac445242c8beaf,data\raw\dataset_B\EALPR Vechicles dataset\Vehicles\2054.jpg
dataset_B,2055.jpg,2055,.jpg,49212,960,677,RGB,cea6de624af8e1dcdf1fc4d1c640f8b3,d23f35d03591698e,data\raw\dataset_B\EALPR Vechicles dataset\Vehicles\2055.jpg
dataset_B,2056.jpg,2056,.jpg,44907,720,540,RGB,bc4ba340c191ba28f23698892464011f,ebfa3a5d172e0068,data\raw\dataset_B\EALPR Vechicles dataset\Vehicles\2056.jpg
dataset_B,2057.jpg,2057,.jpg,46162,720,505,RGB,fa2280de6d3fa9f0aa48db0cb3ee9c53,cac0d75b9a27a899,data\raw\dataset_B\EALPR Vechicles dataset\Vehicles\2057.jpg
dataset_B,2058.jpg,2058,.jpg,51494,750,740,RGB,bca6ec8897ca93f706d53f1077289858,b6a1818f96f4ae83,data\raw\dataset_B\EALPR Vechicles dataset\Vehicles\2058.jpg
dataset_B,2059.jpg,2059,.jpg,27699,480,480,RGB,f2ca24a7beb2c0e1b4e32f414b1544c7,9393b23c92cb9336,data\raw\dataset_B\EALPR Vechicles dataset\Vehicles\2059.jpg
dataset_B,2060.jpg,2060,.jpg,58420,750,562,RGB,dc4ae8337254382aed7bf35172bb7fc3,b073cb2cccd770a8,data\raw\dataset_B\EALPR Vechicles dataset\Vehicles\2060.jpg
dataset_B,2061.jpg,2061,.jpg,32912,720,540,RGB,1836974a1c2673cd27cf7597b98737d5,a6d02f56b0c8af65,data\raw\dataset_B\EALPR Vechicles dataset\Vehicles\2061.jpg
dataset_B,2062.jpg,2062,.jpg,45923,640,611,RGB,5a9a35e0547d48f0e5fe642e4ae5ec78,9bfd6cd0834ad074,data\raw\dataset_B\EALPR Vechicles dataset\Vehicles\2062.jpg
dataset_B,2063.jpg,2063,.jpg,39641,432,720,RGB,3175f4f71bac83d1fdd930f40f9b42bd,a480c9f97f331707,data\raw\dataset_B\EALPR Vechicles dataset\Vehicles\2063.jpg
dataset_B,2064.jpg,2064,.jpg,39427,852,480,RGB,f1901c0c2066d47aaec600fe585a40d1,e5cdb0b2b764684a,data\raw\dataset_B\EALPR Vechicles dataset\Vehicles\2064.jpg
dataset_B,2065.jpg,2065,.jpg,75124,701,722,RGB,e789a9e5e5827628ec4f8a1885769bb0,8d4da967d34b89a4,data\raw\dataset_B\EALPR Vechicles dataset\Vehicles\2065.jpg
dataset_B,2066.jpg,2066,.jpg,52604,640,628,RGB,73cc719e81ebedb3adf0ec3266ca0a12,db8369704178cf1e,data\raw\dataset_B\EALPR Vechicles dataset\Vehicles\2066.jpg
dataset_B,2067.jpg,2067,.jpg,38570,640,640,RGB,5819fab245739e2c7d77eb71a18098de,8877730cd5338c6b,data\raw\dataset_B\EALPR Vechicles dataset\Vehicles\2067.jpg
dataset_B,2068.jpg,2068,.jpg,56197,960,720,RGB,5ec653c61e9df4c74e8d032d93065aaf,aa90dbcc74328ece,data\raw\dataset_B\EALPR Vechicles dataset\Vehicles\2068.jpg
dataset_B,2069.jpg,2069,.jpg,104025,750,738,RGB,2c8454a01cc51b5dbf3139d38506e8a6,da968f73a7259890,data\raw\dataset_B\EALPR Vechicles dataset\Vehicles\2069.jpg
dataset_B,2070.jpg,2070,.jpg,23866,476,464,RGB,d63741cd0bd9712775a45deafa097aee,8f61798791d16363,data\raw\dataset_B\EALPR Vechicles dataset\Vehicles\2070.jpg
dataset_B,2071.jpg,2071,.jpg,40860,720,960,RGB,448be6039e2c8d5227204e1d8743d3a3,d1f92e27971c28c9,data\raw\dataset_B\EALPR Vechicles dataset\Vehicles\2071.jpg
dataset_B,2072.jpg,2072,.jpg,72235,960,720,RGB,ef6c71ba53855c77c98f7c8e7242794a,eac5d57dc0c08b8b,data\raw\dataset_B\EALPR Vechicles dataset\Vehicles\2072.jpg
dataset_B,2073.jpg,2073,.jpg,75124,701,722,RGB,954f13404fbf53cfb624eca1d1a5aa05,8d4da967d34b89a4,data\raw\dataset_B\EALPR Vechicles dataset\Vehicles\2073.jpg
dataset_B,2074.jpg,2074,.jpg,27699,480,480,RGB,abf8fa41f7e3d556f8fd2c1f7abbbfd2,9393b23c92cb9336,data\raw\dataset_B\EALPR Vechicles dataset\Vehicles\2074.jpg
dataset_B,2075.jpg,2075,.jpg,76059,640,629,RGB,33b39a5623c5053835925312c9257551,aad13168f4c2aa5f,data\raw\dataset_B\EALPR Vechicles dataset\Vehicles\2075.jpg
dataset_B,2076.jpg,2076,.jpg,114549,937,1170,RGB,46b5fcad641c520fd20fdd2852184e28,bfd28849446f5674,data\raw\dataset_B\EALPR Vechicles dataset\Vehicles\2076.jpg
dataset_B,2077.jpg,2077,.jpg,39297,960,596,RGB,95be6be4f79c7d4a5d9f6a430a5ec264,c0283fd2f06f9ee0,data\raw\dataset_B\EALPR Vechicles dataset\Vehicles\2077.jpg
dataset_B,2078.jpg,2078,.jpg,115506,720,960,RGB,c268b0581d0eff00cce4d97e7c060148,eb1184e2129b9f3b,data\raw\dataset_B\EALPR Vechicles dataset\Vehicles\2078.jpg
dataset_B,2079.jpg,2079,.jpg,85076,960,720,RGB,8d725717fc5b60601b1a978158140f08,bc89692ab4ad52ba,data\raw\dataset_B\EALPR Vechicles dataset\Vehicles\2079.jpg
dataset_B,2080.jpg,2080,.jpg,52435,750,745,RGB,8ff9de20556fbcccca8dfd027ef11358,8f8f8f9692f05152,data\raw\dataset_B\EALPR Vechicles dataset\Vehicles\2080.jpg
dataset_B,2081.jpg,2081,.jpg,67737,960,540,RGB,502c3f217a3520fb69511b4afc01a1e5,ad03d2fc88b3716c,data\raw\dataset_B\EALPR Vechicles dataset\Vehicles\2081.jpg
dataset_B,2082.jpg,2082,.jpg,146713,900,1125,RGB,56da8ba992d9ac79a432458517c8b20b,a610d9ad029f5ff0,data\raw\dataset_B\EALPR Vechicles dataset\Vehicles\2082.jpg
dataset_B,2083.jpg,2083,.jpg,87420,960,868,RGB,fa1369f4382fd70b1b0c96872f7e0ebd,e9beb3811f2628e8,data\raw\dataset_B\EALPR Vechicles dataset\Vehicles\2083.jpg
dataset_B,2084.jpg,2084,.jpg,113039,720,960,RGB,14140c708de33a57dd61a2adc4918b8f,eb1184e2129b9f3b,data\raw\dataset_B\EALPR Vechicles dataset\Vehicles\2084.jpg
dataset_B,2085.jpg,2085,.jpg,109171,960,540,RGB,85a053f0845332bba519e838ebe3b4cf,ed7432e2c58a2727,data\raw\dataset_B\EALPR Vechicles dataset\Vehicles\2085.jpg
dataset_B,2086.jpg,2086,.jpg,38470,640,640,RGB,8e0b0323561f4cb3262ba6896a7a253d,e86a80423ede9de5,data\raw\dataset_B\EALPR Vechicles dataset\Vehicles\2086.jpg
dataset_B,2087.jpg,2087,.jpg,44454,960,720,RGB,f04b6856aa8fa3528731978958a53aef,92b1259e9ea1b2cb,data\raw\dataset_B\EALPR Vechicles dataset\Vehicles\2087.jpg
