dataset,filename,stem,extension,size_bytes,width,height,channels,aspect_ratio,resolution,mode,brightness,contrast,sharpness,blur_score,entropy,md5,phash,path
dataset_A,a8b8f6be161a4bdcabcc947b3e72f8b2.jpg,a8b8f6be161a4bdcabcc947b3e72f8b2,.jpg,184836,1007,669,3,1.505232,673683,RGB,111.93619996348431,71.31388843073654,508.90861947495205,508.90861947495205,7.6676740646362305,503e934b87c83e0b99bce1eb3f4eb2c9,97ca6e97529a2827,data\raw\dataset_A\a8b8f6be161a4bdcabcc947b3e72f8b2.jpg
dataset_A,Capture.JPG,Capture,.jpg,19225,450,226,3,1.99115,101700,RGB,247.24210422812192,31.476479475538458,3643.6974302473486,3643.6974302473486,1.6847774982452393,4ebe82d6f27b175ebd18b29b71614ffd,bc708f9cc18fd807,data\raw\dataset_A\Capture.JPG
dataset_A,IMG20221107210304.jpg,IMG20221107210304,.jpg,4819710,3456,4608,3,0.75,15925248,RGB,83.11808230553144,38.84230497381898,174.09065868323586,174.09065868323586,6.992753982543945,2aa7aa9459bef96d5b457274b0999627,9c9cd9d90d2d4cc9,data\raw\dataset_A\Pics\IMG20221107210304.jpg
dataset_A,IMG20221107210333.jpg,IMG20221107210333,.jpg,5233899,3456,4608,3,0.75,15925248,RGB,81.68241982793612,45.425528767354315,199.3609235964945,199.3609235964945,7.292487144470215,3536c3845c5fd1f30108a519cdc2fb08,d0c322e3d495157f,data\raw\dataset_A\Pics\IMG20221107210333.jpg
dataset_A,IMG20221107210338.jpg,IMG20221107210338,.jpg,5453194,3456,4608,3,0.75,15925248,RGB,83.65957911613056,54.83188547030607,260.2171001077809,260.2171001077809,7.50269079208374,4e347c23409c57572327cb4b56a5f743,b6afc9c002eda786,data\raw\dataset_A\Pics\IMG20221107210338.jpg
dataset_A,IMG20221107210347.jpg,IMG20221107210347,.jpg,5306988,3456,4608,3,0.75,15925248,RGB,78.58901418678064,48.01991312069872,225.65573115828602,225.65573115828602,7.3584489822387695,9bd67c4962c6dbc13c1cd7af1a26d2a9,d69687a1031f9d9c,data\raw\dataset_A\Pics\IMG20221107210347.jpg
dataset_A,IMG20221107210349.jpg,IMG20221107210349,.jpg,5203090,3456,4608,3,0.75,15925248,RGB,75.14537789301617,49.14090674358162,251.56459394629678,251.56459394629678,7.386594295501709,b454cea475d6e4f43c66e9eec1bd6838,ce8c8dbc183e3a33,data\raw\dataset_A\Pics\IMG20221107210349.jpg
dataset_A,IMG20221107210403.jpg,IMG20221107210403,.jpg,5037233,3456,4608,3,0.75,15925248,RGB,65.173702412672,63.67390765297587,184.25370365630005,184.25370365630005,7.253621578216553,931d79f31217d6d1df2e606cd5aa1066,9497cb8b898d8f32,data\raw\dataset_A\Pics\IMG20221107210403.jpg
dataset_A,IMG20221107210405.jpg,IMG20221107210405,.jpg,4977577,3456,4608,3,0.75,15925248,RGB,61.349597255879466,57.07502925805987,171.17709851415444,171.17709851415444,7.117336273193359,fc65c54c2d4925d6f1d97e47e4ce5e4e,93838e0e45657b7a,data\raw\dataset_A\Pics\IMG20221107210405.jpg
dataset_A,IMG20221107210407.jpg,IMG20221107210407,.jpg,5378965,3456,4608,3,0.75,15925248,RGB,64.89909036267441,59.12499920139726,275.97037743718784,275.97037743718784,7.167619228363037,68eedc5aab381d5792a9a466819751bc,9696869e4e47752c,data\raw\dataset_A\Pics\IMG20221107210407.jpg
dataset_A,IMG20221107210411.jpg,IMG20221107210411,.jpg,5373524,3456,4608,3,0.75,15925248,RGB,73.56545511881511,65.9157193238091,331.00002012913296,331.00002012913296,7.431674480438232,70c9fb114252c49ccdea1740c4ab7f37,b591d3d284637077,data\raw\dataset_A\Pics\IMG20221107210411.jpg
dataset_A,IMG20221107210417.jpg,IMG20221107210417,.jpg,5441623,3456,4608,3,0.75,15925248,RGB,70.41912389684606,56.7459135899619,304.9120615167919,304.9120615167919,7.435248374938965,b40fe4530157102a5e28a1025f70c44a,bb981b3b77616482,data\raw\dataset_A\Pics\IMG20221107210417.jpg
dataset_A,IMG20221107210433.jpg,IMG20221107210433,.jpg,5001813,3456,4608,3,0.75,15925248,RGB,88.00058159219876,60.13775832747891,230.54298820449588,230.54298820449588,7.647430419921875,6d34ace73c2e374dddd8a67a6ce70429,99d991c1731b9b07,data\raw\dataset_A\Pics\IMG20221107210433.jpg
dataset_A,IMG20221107210442.jpg,IMG20221107210442,.jpg,4468666,3456,4608,3,0.75,15925248,RGB,97.61448738506301,56.39567823874823,204.10326867658003,204.10326867658003,7.537614822387695,389eca69401daa8379ba14d57afa641f,89898d6c1dc9f89e,data\raw\dataset_A\Pics\IMG20221107210442.jpg
dataset_A,IMG20221107210444.jpg,IMG20221107210444,.jpg,5172958,3456,4608,3,0.75,15925248,RGB,99.58059108404466,56.77331854408266,245.44737858983652,245.44737858983652,7.551898956298828,62795a0894a71002aad14512d3034942,c7959d651404f99d,data\raw\dataset_A\Pics\IMG20221107210444.jpg
dataset_A,IMG20221107210529.jpg,IMG20221107210529,.jpg,5558213,3456,4608,3,0.75,15925248,RGB,94.39721673408162,50.81951140947664,368.96016684992236,368.96016684992236,7.363293647766113,58789df29b62d27f4200a1f8886dac5a,c3eb8a91198ccedc,data\raw\dataset_A\Pics\IMG20221107210529.jpg
dataset_A,IMG20221107210548.jpg,IMG20221107210548,.jpg,6192742,3456,4608,3,0.75,15925248,RGB,78.53414791405446,51.302025555884256,522.2604419077784,522.2604419077784,7.530385971069336,f8317d9774f3a088da34588d5384334e,d6e625252d787a52,data\raw\dataset_A\Pics\IMG20221107210548.jpg
dataset_A,IMG20221107210552.jpg,IMG20221107210552,.jpg,5647935,3456,4608,3,0.75,15925248,RGB,60.78589174875016,50.778002869035646,383.8850507658837,383.8850507658837,7.254745960235596,fd8478d630ce207d41dcf241995ae6dd,d9888676d5919177,data\raw\dataset_A\Pics\IMG20221107210552.jpg
dataset_A,IMG20221107210559.jpg,IMG20221107210559,.jpg,6232341,3456,4608,3,0.75,15925248,RGB,63.4615183386783,46.39594751727841,476.5169063489999,476.5169063489999,7.200856685638428,e5e3a25e8a65c11f884253640ea5d545,da9b3f2565c13232,data\raw\dataset_A\Pics\IMG20221107210559.jpg
dataset_A,IMG20221107210600.jpg,IMG20221107210600,.jpg,5174093,3456,4608,3,0.75,15925248,RGB,60.3749365159023,50.351947203044915,295.3854049754347,295.3854049754347,7.063088893890381,3d744277890efaf099586568bfda46d9,c0d23f6dc0c69f19,data\raw\dataset_A\Pics\IMG20221107210600.jpg
dataset_A,IMG20221107210603.jpg,IMG20221107210603,.jpg,5039000,3456,4608,3,0.75,15925248,RGB,77.37886826001078,56.517230442239146,289.19807875781083,289.19807875781083,7.269308567047119,2315598f8e09d3475bcf176e3d1bcc3e,ca8abf272b68d8c2,data\raw\dataset_A\Pics\IMG20221107210603.jpg
dataset_A,IMG20221107210614.jpg,IMG20221107210614,.jpg,4893101,3456,4608,3,0.75,15925248,RGB,94.75473600159947,49.58527468681243,211.45960644191837,211.45960644191837,7.461207389831543,d28171c5fbf933159ddf6abe2ec20c3a,f3e283c3961c3e4c,data\raw\dataset_A\Pics\IMG20221107210614.jpg
dataset_A,IMG20221107210627.jpg,IMG20221107210627,.jpg,6651818,3456,4608,3,0.75,15925248,RGB,85.48781212072804,57.15269011209438,550.2710703930541,550.2710703930541,7.604426860809326,87d7c640a9956dfe96963d8d5134a524,e0e4247478d3737c,data\raw\dataset_A\Pics\IMG20221107210627.jpg
dataset_A,IMG20221107210628.jpg,IMG20221107210628,.jpg,5416081,3456,4608,3,0.75,15925248,RGB,94.70364329648116,63.532457248392504,382.5808231047996,382.5808231047996,7.741668701171875,41de92b58c89b15280f55691b34f3b3e,c1c14a7ebc2f6970,data\raw\dataset_A\Pics\IMG20221107210628.jpg
dataset_A,IMG20221107210643.jpg,IMG20221107210643,.jpg,5760969,3456,4608,3,0.75,15925248,RGB,101.67568065502026,45.63481892791298,318.63505090016247,318.63505090016247,7.30325984954834,f8fe163319538cb84ccc1c8fdee635a9,d8e9a7a0a8d8dae1,data\raw\dataset_A\Pics\IMG20221107210643.jpg
dataset_A,IMG20221107210649.jpg,IMG20221107210649,.jpg,5625727,3456,4608,3,0.75,15925248,RGB,85.27277528111337,66.05981601369791,274.760916356042,274.760916356042,7.696213722229004,1b00bd6b742055724e061fb6ec09d513,ffd682260c991b1b,data\raw\dataset_A\Pics\IMG20221107210649.jpg
dataset_A,IMG20221107210651.jpg,IMG20221107210651,.jpg,5147562,3456,4608,3,0.75,15925248,RGB,70.6078372531467,64.34463957948027,216.23381267392983,216.23381267392983,7.308748245239258,8028b5637b604514e43e0c5149e3c56c,f0f59f30307063c7,data\raw\dataset_A\Pics\IMG20221107210651.jpg
dataset_A,IMG20221107211402.jpg,IMG20221107211402,.jpg,4693840,3456,4608,3,0.75,15925248,RGB,65.54219180762523,52.213528421356415,119.02453594379189,119.02453594379189,7.347209930419922,ee043a1bfb53b73174e37feccecaa5ea,86a6fb93c44c383b,data\raw\dataset_A\Pics\IMG20221107211402.jpg
dataset_A,IMG20221109100804.jpg,IMG20221109100804,.jpg,3193208,3456,4608,3,0.75,15925248,RGB,145.36697387695312,70.36300073546735,17.663470035919694,17.663470035919694,7.551924705505371,343f857ac19dbfcc9ebff654704d0f6d,f074b60b4b888f8f,data\raw\dataset_A\Pics\IMG20221109100804.jpg
dataset_A,IMG20221109100805.jpg,IMG20221109100805,.jpg,3116800,3456,4608,3,0.75,15925248,RGB,127.98163852770142,56.146012599841455,14.581946307243921,14.581946307243921,7.471689224243164,3ae8a05e9676d4221aa79c6ad7538790,f474f4024e9fb1e0,data\raw\dataset_A\Pics\IMG20221109100805.jpg
dataset_A,IMG20221109100809.jpg,IMG20221109100809,.jpg,3325537,3456,4608,3,0.75,15925248,RGB,137.02201033227237,64.61629759521293,16.82565316107883,16.82565316107883,7.700551986694336,1171fc5ce91de01876173de93eb09332,cc0cce8b20e5deba,data\raw\dataset_A\Pics\IMG20221109100809.jpg
dataset_A,IMG20221109100815.jpg,IMG20221109100815,.jpg,3003965,3456,4608,3,0.75,15925248,RGB,131.03547932189187,76.1543697754103,13.22107150549079,13.22107150549079,7.477347373962402,2aee6c24532e4a09ab38cbef6b1a443b,83a3ab542d8dc637,data\raw\dataset_A\Pics\IMG20221109100815.jpg
dataset_A,IMG20221109100819.jpg,IMG20221109100819,.jpg,2649384,3456,4608,3,0.75,15925248,RGB,140.77370116936328,69.87890098578988,10.382072412953434,10.382072412953434,7.563403606414795,39cea474cb5ae524e6c7cf7af4b8da2b,90f68e0bc9a6cb8d,data\raw\dataset_A\Pics\IMG20221109100819.jpg
dataset_A,IMG20221109100905.jpg,IMG20221109100905,.jpg,3572312,3456,4608,3,0.75,15925248,RGB,113.35891510135352,60.43217149851525,25.113886266205824,25.113886266205824,7.784402370452881,0010de21f41a24898896f975fdcf7d3d,f6bebe42c13cc1a0,data\raw\dataset_A\Pics\IMG20221109100905.jpg
dataset_A,IMG20221109100908.jpg,IMG20221109100908,.jpg,3315985,3456,4608,3,0.75,15925248,RGB,128.65029260454844,62.44957558349313,16.681379355667218,16.681379355667218,7.646844863891602,f6df791aca7c90aaa9c73f29d795ead8,8c4dcd9f2a6a9615,data\raw\dataset_A\Pics\IMG20221109100908.jpg
dataset_A,IMG20221109100924.jpg,IMG20221109100924,.jpg,2994333,3456,4608,3,0.75,15925248,RGB,147.55123574841662,60.75451486814513,10.404683722864993,10.404683722864993,7.527644157409668,387eb651198042fbcaced65acda2de4e,eb63e3a020ce1e3d,data\raw\dataset_A\Pics\IMG20221109100924.jpg
dataset_A,IMG20221109100940.jpg,IMG20221109100940,.jpg,3040910,3456,4608,3,0.75,15925248,RGB,147.5114686440048,61.611394595530044,10.27760364215302,10.27760364215302,7.5446953773498535,d11e41ed99326e6bfbe072948f26cfa6,9f1fdab239c58064,data\raw\dataset_A\Pics\IMG20221109100940.jpg
dataset_A,IMG20221109100941.jpg,IMG20221109100941,.jpg,2955119,3456,4608,3,0.75,15925248,RGB,132.22109721619407,55.68418278664314,10.21278946396006,10.21278946396006,7.383493423461914,93651fa2e22b4ee61563e609f7010d81,da7afaba2c4e0921,data\raw\dataset_A\Pics\IMG20221109100941.jpg
dataset_A,IMG20221109100942.jpg,IMG20221109100942,.jpg,3068064,3456,4608,3,0.75,15925248,RGB,140.02210885507088,62.431957921009094,11.574967199137525,11.574967199137525,7.548346519470215,3d010b79f09430dcfc7710caf564481c,b131d19a3c6d1d95,data\raw\dataset_A\Pics\IMG20221109100942.jpg
dataset_A,IMG20221109101000.jpg,IMG20221109101000,.jpg,3310255,3456,4608,3,0.75,15925248,RGB,135.87540539400078,49.9506638530508,20.251749498941585,20.251749498941585,7.426057815551758,7aeb2f44896e84a9cc1068db522b2ccb,d4d89b3944c0bf3c,data\raw\dataset_A\Pics\IMG20221109101000.jpg
dataset_A,IMG20221109101014.jpg,IMG20221109101014,.jpg,5367186,3456,4608,3,0.75,15925248,RGB,139.13559072989005,45.51749814328639,254.15162155880262,254.15162155880262,7.295063018798828,19b15a2d1599a989501cf5fe113ed778,8587d3fa293896c6,data\raw\dataset_A\Pics\IMG20221109101014.jpg
dataset_A,IMG20221109101015.jpg,IMG20221109101015,.jpg,5370278,3456,4608,3,0.75,15925248,RGB,111.64328863198865,44.97862321052346,343.32134863885693,343.32134863885693,7.036074638366699,53b8b919c1bb9da1f5315aced3728695,c6c2c2c2f2f5558d,data\raw\dataset_A\Pics\IMG20221109101015.jpg
dataset_A,IMG20221109101024.jpg,IMG20221109101024,.jpg,7073171,3456,4608,3,0.75,15925248,RGB,120.14872722861207,52.1672902678444,751.1659061637879,751.1659061637879,7.629330635070801,dd96f5012518f6e35bc3306f83ff6004,d7270ae278393b07,data\raw\dataset_A\Pics\IMG20221109101024.jpg
dataset_A,IMG20221109101039.jpg,IMG20221109101039,.jpg,5036846,3456,4608,3,0.75,15925248,RGB,113.84419909818673,45.764535021905736,271.67615330711544,271.67615330711544,7.14898681640625,b68c02e361d38ac390c1d9388f3de8bb,c9e9c98389c8da73,data\raw\dataset_A\Pics\IMG20221109101039.jpg
dataset_A,IMG20221109101041.jpg,IMG20221109101041,.jpg,6674761,3456,4608,3,0.75,15925248,RGB,122.11763000488281,56.77923729655499,1264.8765378380847,1264.8765378380847,7.526968955993652,856729f8af9755aa1a17789ad977b8dd,e6e6c784ac2d6923,data\raw\dataset_A\Pics\IMG20221109101041.jpg
dataset_A,IMG20221109101042.jpg,IMG20221109101042,.jpg,6582126,3456,4608,3,0.75,15925248,RGB,127.58433959709764,64.25403282190747,1696.5985963107562,1696.5985963107562,7.553226947784424,2132dba6116eeb8b7155af61a877c5f5,cec4c98bda3b431a,data\raw\dataset_A\Pics\IMG20221109101042.jpg
dataset_A,IMG20221109101044.jpg,IMG20221109101044,.jpg,7041441,3456,4608,3,0.75,15925248,RGB,127.38769694512763,68.07700946060503,2175.762434935448,2175.762434935448,7.726935386657715,640637210fec3bfb9178a02fc3214461,fdc1c6d98b2e0952,data\raw\dataset_A\Pics\IMG20221109101044.jpg
dataset_A,IMG20221109101046.jpg,IMG20221109101046,.jpg,5641446,3456,4608,3,0.75,15925248,RGB,119.3211610268173,61.55665325985423,401.4732753210283,401.4732753210283,7.792773246765137,8318dd20195763fea906a9639e78dc7d,f6c9c396a5405fb0,data\raw\dataset_A\Pics\IMG20221109101046.jpg
dataset_A,IMG20221109101049.jpg,IMG20221109101049,.jpg,6680782,3456,4608,3,0.75,15925248,RGB,107.77509078665526,45.561917061412885,1238.7495488708023,1238.7495488708023,7.128060817718506,25cba35dc5e3b7f612fb0d3bf702fd19,afafa9b13504e8a8,data\raw\dataset_A\Pics\IMG20221109101049.jpg
dataset_A,IMG20221109101050.jpg,IMG20221109101050,.jpg,7205310,3456,4608,3,0.75,15925248,RGB,119.51816668726289,58.94659327135316,2113.778897708518,2113.778897708518,7.5496978759765625,454da62a874c3cacffa462b18befb5a5,b191d59147e6a4ad,data\raw\dataset_A\Pics\IMG20221109101050.jpg
dataset_A,IMG20221109101139.jpg,IMG20221109101139,.jpg,6108386,3456,4608,3,0.75,15925248,RGB,113.47670227804302,50.27675780966806,398.06919779761085,398.06919779761085,7.595334529876709,d1b1877db4ca5efc339fec917434fc7d,957c52d6170733b1,data\raw\dataset_A\Pics\IMG20221109101139.jpg
dataset_A,IMG20221109101152.jpg,IMG20221109101152,.jpg,4493941,3456,4608,3,0.75,15925248,RGB,109.46417669602383,51.11526381902868,113.07649953048988,113.07649953048988,7.612585067749023,58c2f38f15666e463d6dff4a87881941,f677afc29810164d,data\raw\dataset_A\Pics\IMG20221109101152.jpg
dataset_A,IMG20221109101210.jpg,IMG20221109101210,.jpg,7079126,3456,4608,3,0.75,15925248,RGB,119.44304214289158,65.40541288219661,1191.7549070403045,1191.7549070403045,7.792834758758545,51d9b3b6ff832a6f36a2cb29ec49bd77,b9b1b7e0db568103,data\raw\dataset_A\Pics\IMG20221109101210.jpg
dataset_A,IMG20221109101219.jpg,IMG20221109101219,.jpg,5785206,3456,4608,3,0.75,15925248,RGB,95.29570672933947,57.924880398188,467.8525662282344,467.8525662282344,7.656723976135254,a53184b397d8fc540e9575eda7b34684,f8fa3d04f0525e4a,data\raw\dataset_A\Pics\IMG20221109101219.jpg
dataset_A,IMG20221109101220.jpg,IMG20221109101220,.jpg,6115958,3456,4608,3,0.75,15925248,RGB,85.95561331289785,49.62250158813797,479.01072371984924,479.01072371984924,7.377936363220215,36f8fbe27d6ac37b725e0b41afa5ebad,adbd0442dad8f343,data\raw\dataset_A\Pics\IMG20221109101220.jpg
dataset_A,IMG20221109101225.jpg,IMG20221109101225,.jpg,6685347,3456,4608,3,0.75,15925248,RGB,110.01286347314654,52.51149490456196,580.7207864002746,580.7207864002746,7.681632041931152,92251cbbcd1034574b17a8acc2fd31ea,82678cb1a2accddd,data\raw\dataset_A\Pics\IMG20221109101225.jpg
dataset_A,IMG20221109101229.jpg,IMG20221109101229,.jpg,5119262,3456,4608,3,0.75,15925248,RGB,113.55400455930105,48.12599507911739,358.5024951564363,358.5024951564363,7.54224967956543,d12d3b8b94a4450844efd4ac10af37bf,812f6eec2c0f4f0b,data\raw\dataset_A\Pics\IMG20221109101229.jpg
dataset_A,IMG20221109101617.jpg,IMG20221109101617,.jpg,6641731,3456,4608,3,0.75,15925248,RGB,113.12071234306681,38.81901517136363,688.5785010800467,688.5785010800467,7.04957914352417,9a8aa86a3ad229402630f8f55f62c0f0,edada5d59585212a,data\raw\dataset_A\Pics\IMG20221109101617.jpg
dataset_A,IMG20221109101621.jpg,IMG20221109101621,.jpg,5414110,3456,4608,3,0.75,15925248,RGB,113.95637122888134,38.82548351989538,294.53589695579416,294.53589695579416,6.941408634185791,1b21022a55d6d00e780bba70dd54ebed,b999d9db822614dc,data\raw\dataset_A\Pics\IMG20221109101621.jpg
dataset_A,IMG20221109101623.jpg,IMG20221109101623,.jpg,5174055,3456,4608,3,0.75,15925248,RGB,121.30084925522038,49.940826221107045,396.404004633924,396.404004633924,7.472992897033691,c9bba5fe53a1cb523572bb7c30540bf8,fdbfb434909007ac,data\raw\dataset_A\Pics\IMG20221109101623.jpg
dataset_A,IMG20221109101624.jpg,IMG20221109101624,.jpg,6373254,3456,4608,3,0.75,15925248,RGB,121.93037665724263,53.49298654003965,847.6615093834214,847.6615093834214,7.614990234375,d7749bc5145d54c785967da462435057,f5e1e17106ae5931,data\raw\dataset_A\Pics\IMG20221109101624.jpg
dataset_A,IMG20221109101625.jpg,IMG20221109101625,.jpg,5401520,3456,4608,3,0.75,15925248,RGB,123.60487861790284,55.250172514909686,462.9654002536666,462.9654002536666,7.688952445983887,da003c731f858a1c61e3a1125a3e01b7,e5e3e70e089c256b,data\raw\dataset_A\Pics\IMG20221109101625.jpg
dataset_A,IMG20221109101626.jpg,IMG20221109101626,.jpg,6746402,3456,4608,3,0.75,15925248,RGB,117.6819497567636,52.39156561118005,931.080790545673,931.080790545673,7.68436336517334,41b53f14b7f645f8707b3b3ded29aa6f,fafcf420629ccc68,data\raw\dataset_A\Pics\IMG20221109101626.jpg
dataset_A,IMG20221109101628.jpg,IMG20221109101628,.jpg,6472918,3456,4608,3,0.75,15925248,RGB,126.69652855641557,57.967525500555205,848.2611928106306,848.2611928106306,7.742901802062988,1fa730c0cf0acfc14fa8ae9afd16b24a,c892c2e2d99c97ea,data\raw\dataset_A\Pics\IMG20221109101628.jpg
dataset_A,IMG20221109101629.jpg,IMG20221109101629,.jpg,6282484,3456,4608,3,0.75,15925248,RGB,129.09190042126818,61.347320337432116,571.4310992331176,571.4310992331176,7.795645236968994,9751621abb0aa6ebf555643e032b2e3a,f9b9496583d89a1a,data\raw\dataset_A\Pics\IMG20221109101629.jpg
dataset_A,IMG20221109101632.jpg,IMG20221109101632,.jpg,5237477,3456,4608,3,0.75,15925248,RGB,125.00759605125144,58.736973170367875,349.94155034373694,349.94155034373694,7.727771282196045,15b78561bb5435cc06c0322360faba37,d0d889e9d889e1f3,data\raw\dataset_A\Pics\IMG20221109101632.jpg
dataset_A,IMG20221109101633.jpg,IMG20221109101633,.jpg,5357975,3456,4608,3,0.75,15925248,RGB,118.82783018512491,56.48811603820235,356.3552130309931,356.3552130309931,7.730920314788818,6d2099b8ac908677f482a3a2927315d2,e0d1e16687ecf8d0,data\raw\dataset_A\Pics\IMG20221109101633.jpg
dataset_A,IMG20221109101634.jpg,IMG20221109101634,.jpg,5016250,3456,4608,3,0.75,15925248,RGB,124.27798700528871,56.141245899200264,245.24254699202098,245.24254699202098,7.7251482009887695,492c646eda05c5234cbb6c2845348349,cac8d074c5c3c5ee,data\raw\dataset_A\Pics\IMG20221109101634.jpg
dataset_A,IMG20221109101635.jpg,IMG20221109101635,.jpg,5971507,3456,4608,3,0.75,15925248,RGB,118.44814416704845,54.25168991665698,450.39635725797314,450.39635725797314,7.734062194824219,bd3391adfa94961cd04af6c30c7ac683,dfba6063858e4c5a,data\raw\dataset_A\Pics\IMG20221109101635.jpg
dataset_A,IMG20221109101637.jpg,IMG20221109101637,.jpg,5849781,3456,4608,3,0.75,15925248,RGB,120.24406590088896,54.37131238852322,505.3514095150812,505.3514095150812,7.746493339538574,948c9154c3153d2acb1a02a313daa205,8f1e733387063cf0,data\raw\dataset_A\Pics\IMG20221109101637.jpg
dataset_A,IMG20221109101638.jpg,IMG20221109101638,.jpg,5288027,3456,4608,3,0.75,15925248,RGB,126.98581347053434,58.439258855692835,352.47495795343286,352.47495795343286,7.7773590087890625,1752e844d041abb6a668759ac0876887,d088e87095ceeef4,data\raw\dataset_A\Pics\IMG20221109101638.jpg
dataset_A,IMG20221109101640.jpg,IMG20221109101640,.jpg,5116474,3456,4608,3,0.75,15925248,RGB,125.12825652699412,50.90506625625765,263.2686205382956,263.2686205382956,7.527527809143066,59ad1f0398db914a8f2295fa9efa453e,f8f8173e282484fe,data\raw\dataset_A\Pics\IMG20221109101640.jpg
dataset_A,IMG20221109101643.jpg,IMG20221109101643,.jpg,5897157,3456,4608,3,0.75,15925248,RGB,110.43215954941486,49.96103898218818,551.63779331182,551.63779331182,7.613563537597656,308b6e162d5b6654e2e81bf1252fd268,c40e577e3e94c0f4,data\raw\dataset_A\Pics\IMG20221109101643.jpg
dataset_A,IMG20221109101643_01.jpg,IMG20221109101643_01,.jpg,5882531,3456,4608,3,0.75,15925248,RGB,112.18762407970036,46.716854892922875,626.351943924423,626.351943924423,7.489299297332764,17c3ca06d2039cd3a69fddaaf4c7e6ee,e120273babfa78a8,data\raw\dataset_A\Pics\IMG20221109101643_01.jpg
dataset_A,IMG20221109101645.jpg,IMG20221109101645,.jpg,6162988,3456,4608,3,0.75,15925248,RGB,121.6108244593742,55.13906925356527,474.2693661410098,474.2693661410098,7.744887828826904,00470ab3def95c7e401617d0e27660ab,d707896a368e4e78,data\raw\dataset_A\Pics\IMG20221109101645.jpg
dataset_A,IMG20221109101647.jpg,IMG20221109101647,.jpg,5925950,3456,4608,3,0.75,15925248,RGB,117.5717657897698,52.768395290455636,536.1060593662877,536.1060593662877,7.604202747344971,b27fa3898448a88b2a77a765a4386a4b,f830851b09c1ff2f,data\raw\dataset_A\Pics\IMG20221109101647.jpg
dataset_A,IMG20221109101649.jpg,IMG20221109101649,.jpg,6251569,3456,4608,3,0.75,15925248,RGB,129.3503514042607,58.21414547271109,551.723347859652,551.723347859652,7.712001800537109,b8fdff78d74ac7d1d80692b01e00145e,ce1599ea7815894f,data\raw\dataset_A\Pics\IMG20221109101649.jpg
dataset_A,IMG20221109101650.jpg,IMG20221109101650,.jpg,6014657,3456,4608,3,0.75,15925248,RGB,116.47799412605694,53.80904820323789,425.800111282628,425.800111282628,7.651590824127197,845b1854b67c40559cc1d4d39dd2d863,c800d77f3e97e250,data\raw\dataset_A\Pics\IMG20221109101650.jpg
dataset_A,IMG20221109101650_01.jpg,IMG20221109101650_01,.jpg,6526134,3456,4608,3,0.75,15925248,RGB,113.17560549135561,50.52161580871666,614.2793772523155,614.2793772523155,7.577732086181641,19cad7c1075af20acfa738749f125c3b,f074d53f1fc0283a,data\raw\dataset_A\Pics\IMG20221109101650_01.jpg
dataset_A,IMG20221109101652.jpg,IMG20221109101652,.jpg,5728505,3456,4608,3,0.75,15925248,RGB,139.58657064555604,56.90867320208359,473.5540962797749,473.5540962797749,7.636594772338867,e0b2ae22b8069a22a18852fe878aa87d,8b9e5e6b31303a2d,data\raw\dataset_A\Pics\IMG20221109101652.jpg
dataset_A,IMG20221109101653.jpg,IMG20221109101653,.jpg,4960557,3456,4608,3,0.75,15925248,RGB,150.88040745111158,62.78428894609684,237.89465336010937,237.89465336010937,7.608974456787109,fdbc2c87abe68ecbad0060cca8ff450c,8786434f3e1e4f4a,data\raw\dataset_A\Pics\IMG20221109101653.jpg
dataset_A,IMG20221109101654.jpg,IMG20221109101654,.jpg,5591545,3456,4608,3,0.75,15925248,RGB,116.51576509200987,54.756696872119676,352.8276866956503,352.8276866956503,7.677455425262451,a28c8e0c8c5d6211bba7d539233ea27d,ea55d3f670c0e033,data\raw\dataset_A\Pics\IMG20221109101654.jpg
dataset_A,IMG20221109101655.jpg,IMG20221109101655,.jpg,5234237,3456,4608,3,0.75,15925248,RGB,114.99042558081356,52.93727978957606,280.4031865649958,280.4031865649958,7.650022506713867,e9a60931ba66d61597816d531bb99bdd,d294f57390c2279e,data\raw\dataset_A\Pics\IMG20221109101655.jpg
dataset_A,IMG20221109101656.jpg,IMG20221109101656,.jpg,5779582,3456,4608,3,0.75,15925248,RGB,111.73612555358636,52.19381662502789,511.40077930730405,511.40077930730405,7.56593132019043,d81f8d0521d83d178131bbf4c29ad3e7,ce8ef4e3c6442cc6,data\raw\dataset_A\Pics\IMG20221109101656.jpg
dataset_A,IMG20221109101657.jpg,IMG20221109101657,.jpg,6635487,3456,4608,3,0.75,15925248,RGB,117.81133110140577,48.52538849752589,674.2947726106014,674.2947726106014,7.589548110961914,f4978b436035a1c26fdf4ff04d093212,a7dd6b40993e8135,data\raw\dataset_A\Pics\IMG20221109101657.jpg
dataset_A,IMG20221109101659.jpg,IMG20221109101659,.jpg,6571251,3456,4608,3,0.75,15925248,RGB,109.82462320210021,52.82646786423656,699.7001556014377,699.7001556014377,7.6912384033203125,fe3dc43eb171eea375740313788c3a6d,d28aaa7ad2609b9e,data\raw\dataset_A\Pics\IMG20221109101659.jpg
dataset_A,IMG20221109101700.jpg,IMG20221109101700,.jpg,6300612,3456,4608,3,0.75,15925248,RGB,104.95812328950858,50.213492398111654,562.4046940318883,562.4046940318883,7.605437278747559,d6f9e8f232b3b1c877c9f3653aaa720e,cf8ffc60a545b80c,data\raw\dataset_A\Pics\IMG20221109101700.jpg
dataset_A,IMG20221109101715.jpg,IMG20221109101715,.jpg,6512398,3456,4608,3,0.75,15925248,RGB,118.6597303853604,54.38466039444083,712.6418850455891,712.6418850455891,7.735922813415527,c7bcc61b93001420d04052d4cf1fd72d,baff8126c2941fc8,data\raw\dataset_A\Pics\IMG20221109101715.jpg
dataset_A,IMG20221109120204.jpg,IMG20221109120204,.jpg,3441055,3456,4608,3,0.75,15925248,RGB,109.9773979657962,59.778678909077016,23.671488374665657,23.671488374665657,7.721362113952637,8261d3c3821301232b7539c0be352012,a3f4f420213dd567,data\raw\dataset_A\Pics\IMG20221109120204.jpg
dataset_A,IMG20221109120207.jpg,IMG20221109120207,.jpg,3814329,3456,4608,3,0.75,15925248,RGB,120.9370698654112,54.41629688811911,35.41799130005221,35.41799130005221,7.485509395599365,6d17081bc12ea008f6211a23c0f8d03f,a482c23f3f83c1d7,data\raw\dataset_A\Pics\IMG20221109120207.jpg
dataset_A,IMG20221109120213.jpg,IMG20221109120213,.jpg,4584240,3456,4608,3,0.75,15925248,RGB,117.35423529982076,58.71468251627035,88.32863794670556,88.32863794670556,7.638704299926758,449191fa398c40a828e5a05eef571c05,cb4b507c6ca4d25b,data\raw\dataset_A\Pics\IMG20221109120213.jpg
dataset_A,IMG20221109120214.jpg,IMG20221109120214,.jpg,4380202,3456,4608,3,0.75,15925248,RGB,118.26970311545541,58.13751050478346,65.72478666587914,65.72478666587914,7.631595611572266,d0324a9cfba23b8ec98ac4dccb27b5a8,c94b525c6cb4d34b,data\raw\dataset_A\Pics\IMG20221109120214.jpg
dataset_A,IMG20221109120219.jpg,IMG20221109120219,.jpg,4701505,3456,4608,3,0.75,15925248,RGB,121.82507908197097,57.87430335935633,94.83458016728059,94.83458016728059,7.694787502288818,d50098853fccc85b94dedf2daec28136,f0305c9d6357d4d4,data\raw\dataset_A\Pics\IMG20221109120219.jpg
dataset_A,IMG20221109120220.jpg,IMG20221109120220,.jpg,3698754,3456,4608,3,0.75,15925248,RGB,115.44054001545219,64.32399101919175,27.723148578762256,27.723148578762256,7.750959396362305,85e0fa53b69322acc592bbdc6c2fff8c,bf47863878843771,data\raw\dataset_A\Pics\IMG20221109120220.jpg
dataset_A,IMG20221109120222.jpg,IMG20221109120222,.jpg,3636051,3456,4608,3,0.75,15925248,RGB,118.7600912086267,65.044404128954,26.388786836035052,26.388786836035052,7.7214155197143555,f94afd3c5d529f5cac33dd113b4e05a9,d562c1a72fc39172,data\raw\dataset_A\Pics\IMG20221109120222.jpg
dataset_A,IMG20221109120227.jpg,IMG20221109120227,.jpg,3343825,3456,4608,3,0.75,15925248,RGB,116.98576719182019,61.77310635696254,18.434043065324786,18.434043065324786,7.474207878112793,a78b6c324fa8a64d6e5089fe2a0ae339,956aca4888979e7e,data\raw\dataset_A\Pics\IMG20221109120227.jpg
dataset_A,IMG20221109120243.jpg,IMG20221109120243,.jpg,2001109,2448,3264,3,0.75,7990272,RGB,136.74828766780405,59.2321461532181,170.1036142248508,170.1036142248508,7.680182933807373,a2060d2634b36b0566753bf56b481329,c07e3f80b97c68c5,data\raw\dataset_A\Pics\IMG20221109120243.jpg
dataset_A,IMG20221109120246.jpg,IMG20221109120246,.jpg,5536581,3456,4608,3,0.75,15925248,RGB,117.32686674643936,54.536173313878436,446.0631536158086,446.0631536158086,7.537759780883789,1f57f8b2a300b4b7bd6ef2c760e99569,c07b87901f1eb0f9,data\raw\dataset_A\Pics\IMG20221109120246.jpg
dataset_A,IMG20221109120248.jpg,IMG20221109120248,.jpg,4445796,3456,4608,3,0.75,15925248,RGB,112.42828086570456,54.81454379365992,54.81824621190101,54.81824621190101,7.521345615386963,fe5e10b7523cbd4ac3cd062eb5dfe03d,f645e97496a629c1,data\raw\dataset_A\Pics\IMG20221109120248.jpg
dataset_A,IMG20221109120250.jpg,IMG20221109120250,.jpg,3665482,3456,4608,3,0.75,15925248,RGB,111.21337369440023,53.64227002895012,28.677538898484244,28.677538898484244,7.593267917633057,9ac904a1dbc8c815213ad6ca64b48fa6,e0809cfe8f6a981f,data\raw\dataset_A\Pics\IMG20221109120250.jpg
dataset_A,IMG20221109120255.jpg,IMG20221109120255,.jpg,4579029,3456,4608,3,0.75,15925248,RGB,120.11163367754148,59.07951035189547,66.27569527343434,66.27569527343434,7.748908996582031,9a904eed518e6d44ac7e79d07a9f7aef,8c04958f1e9cb1fd,data\raw\dataset_A\Pics\IMG20221109120255.jpg
dataset_A,IMG20221109120257.jpg,IMG20221109120257,.jpg,5036506,3456,4608,3,0.75,15925248,RGB,116.6911520624357,56.69747251430655,118.60517388282169,118.60517388282169,7.714617729187012,f272f791b854427935c56d3cbaa897fb,bf2fc5507814d6b0,data\raw\dataset_A\Pics\IMG20221109120257.jpg
dataset_A,IMG20221109152520.jpg,IMG20221109152520,.jpg,2613544,3456,4608,3,0.75,15925248,RGB,126.40206557536813,70.40601133307337,8.77767166476231,8.77767166476231,7.605145454406738,213660013f3ada070d058acb1b886f5d,ec6cf71301a03e7c,data\raw\dataset_A\Pics\IMG20221109152520.jpg
dataset_A,IMG20221109152524.jpg,IMG20221109152524,.jpg,2559854,3456,4608,3,0.75,15925248,RGB,109.10975226257074,47.76680072752262,8.84051549624891,8.84051549624891,7.377425193786621,a5ec9523ece5fb65499d021f8a8d52a0,bacd863fbd028b24,data\raw\dataset_A\Pics\IMG20221109152524.jpg
dataset_A,IMG20221109152528.jpg,IMG20221109152528,.jpg,3156629,3456,4608,3,0.75,15925248,RGB,112.40767026045685,47.881697697883645,14.238713700480151,14.238713700480151,7.31710147857666,286ed727ff3e79cc33d4b2fb8ad0b810,c1c99cc663d99c6c,data\raw\dataset_A\Pics\IMG20221109152528.jpg
dataset_A,IMG20221109152920.jpg,IMG20221109152920,.jpg,3226018,3456,4608,3,0.75,15925248,RGB,131.18838689356676,57.19745923193986,11.949140865361914,11.949140865361914,7.650904178619385,42b2603269dacfdfa8a2e2c95fcd0c59,a676de9c21ac9e48,data\raw\dataset_A\Pics\IMG20221109152920.jpg
dataset_A,IMG20221109152921.jpg,IMG20221109152921,.jpg,3090260,3456,4608,3,0.75,15925248,RGB,125.91733045538757,48.7750713137361,10.933564032821396,10.933564032821396,7.455204486846924,c2cf5537875d0a68d7395f8a34144047,ea5070e070fabcf4,data\raw\dataset_A\Pics\IMG20221109152921.jpg
dataset_A,IMG20221109153018.jpg,IMG20221109153018,.jpg,3610514,3456,4608,3,0.75,15925248,RGB,131.8852079415027,64.61123471663869,18.34078897140011,18.34078897140011,7.562811374664307,a428398db4ef29327e740a10032c9c26,d476d6c1699d1a68,data\raw\dataset_A\Pics\IMG20221109153018.jpg
dataset_A,IMG20221109153019.jpg,IMG20221109153019,.jpg,4751239,3456,4608,3,0.75,15925248,RGB,111.71444884249212,49.91104884983143,70.42138032904073,70.42138032904073,7.572815895080566,9d70c07e0232d158997549ed12481f73,8666ddcd66e28a70,data\raw\dataset_A\Pics\IMG20221109153019.jpg
dataset_A,IMG20221109153113.jpg,IMG20221109153113,.jpg,6492435,3456,4608,3,0.75,15925248,RGB,117.65188366297342,48.41126752136131,426.2211575688174,426.2211575688174,7.500331878662109,0228c56c89dcec5ba48f6dfa7b04bd46,ca6cbcbb9a32a229,data\raw\dataset_A\Pics\IMG20221109153113.jpg
dataset_A,IMG20221109153114.jpg,IMG20221109153114,.jpg,6060700,3456,4608,3,0.75,15925248,RGB,114.39279934604473,50.75278763566354,386.67228651390076,386.67228651390076,7.578291416168213,6641ff27e07da97dbe12d06c91c884fd,c56d32563f4929a5,data\raw\dataset_A\Pics\IMG20221109153114.jpg
dataset_A,IMG20221109153115.jpg,IMG20221109153115,.jpg,6580617,3456,4608,3,0.75,15925248,RGB,115.1178339577506,50.53283310532303,525.847031329626,525.847031329626,7.57816743850708,0b5b55e0d2892d3866766d7bec2da581,cab2b52d266c879a,data\raw\dataset_A\Pics\IMG20221109153115.jpg
dataset_A,IMG20221109153116.jpg,IMG20221109153116,.jpg,7090635,3456,4608,3,0.75,15925248,RGB,115.35128300670733,47.73310936311843,608.4786605955609,608.4786605955609,7.494936943054199,4aa0ce384a19a5014479ab1bdafc82a2,f37050d8f2f2d2c8,data\raw\dataset_A\Pics\IMG20221109153116.jpg
dataset_A,IMG20221109153117.jpg,IMG20221109153117,.jpg,6986796,3456,4608,3,0.75,15925248,RGB,116.61499287169657,50.52951808718972,616.8219593996716,616.8219593996716,7.583086967468262,65c35dd362332e19ce6829127a0693aa,e724507067e5d9d8,data\raw\dataset_A\Pics\IMG20221109153117.jpg
dataset_A,IMG20221109153118.jpg,IMG20221109153118,.jpg,6598585,3456,4608,3,0.75,15925248,RGB,110.67219198093493,51.92797207484429,551.1541533876864,551.1541533876864,7.624322414398193,eaef5a36895abda0b3651d7066a4cd68,e3099d25667a1b4d,data\raw\dataset_A\Pics\IMG20221109153118.jpg
dataset_A,IMG20221109153122.jpg,IMG20221109153122,.jpg,6395691,3456,4608,3,0.75,15925248,RGB,123.0628615014347,49.756049803897206,548.5732757065833,548.5732757065833,7.279632568359375,2b6348acbb9f6f72c6720823340f1b74,c7c38393a1e5c587,data\raw\dataset_A\Pics\IMG20221109153122.jpg
dataset_A,IMG20221109153124.jpg,IMG20221109153124,.jpg,6332484,3456,4608,3,0.75,15925248,RGB,111.43605298956726,48.883009139035956,719.8768659464555,719.8768659464555,7.525170803070068,525d4fb3c82584e91e486ca3bc325815,e1f5c5ceb8002bbc,data\raw\dataset_A\Pics\IMG20221109153124.jpg
dataset_A,IMG20221109153126.jpg,IMG20221109153126,.jpg,6315578,3456,4608,3,0.75,15925248,RGB,107.08054015862108,49.39153017575266,627.2378651832005,627.2378651832005,7.6090006828308105,34bc7f110ac64afbcd55f48722d055be,f2f2ccd93bab8005,data\raw\dataset_A\Pics\IMG20221109153126.jpg
dataset_A,IMG20221109153127.jpg,IMG20221109153127,.jpg,8855932,3456,4608,3,0.75,15925248,RGB,109.18839706609279,56.31565427254785,2244.8115203113193,2244.8115203113193,7.7088141441345215,15fa830d21c6f412cc4931f4c53b5904,e461b6dc74b4e168,data\raw\dataset_A\Pics\IMG20221109153127.jpg
dataset_A,IMG20221109153130.jpg,IMG20221109153130,.jpg,8679514,3456,4608,3,0.75,15925248,RGB,111.34250436790686,53.310756887738705,2360.689254877961,2360.689254877961,7.705589294433594,6e78223f2ab845c8f6104bfd6e5e6b19,c9c9ccd858b5359a,data\raw\dataset_A\Pics\IMG20221109153130.jpg
dataset_A,IMG20221109153131.jpg,IMG20221109153131,.jpg,7739236,3456,4608,3,0.75,15925248,RGB,107.35446411886333,50.53908713337826,1386.2614985512903,1386.2614985512903,7.6597113609313965,932858849ccb141a1e29688530c353c0,9263ccd5c764d998,data\raw\dataset_A\Pics\IMG20221109153131.jpg
dataset_A,IMG20221109153132.jpg,IMG20221109153132,.jpg,7050507,3456,4608,3,0.75,15925248,RGB,104.72737849985131,51.66479959948824,930.9436798088781,930.9436798088781,7.658862590789795,1d5b11173daae69e6f5ffda6711ca58b,e4c992c8daf2b465,data\raw\dataset_A\Pics\IMG20221109153132.jpg
dataset_A,IMG20221109153133.jpg,IMG20221109153133,.jpg,7957027,3456,4608,3,0.75,15925248,RGB,95.14158624091756,55.28311222131759,2161.5721510820986,2161.5721510820986,7.639927864074707,7d4dda904d902826c8647fa26b3ad8ea,e2e296deb43aa4e0,data\raw\dataset_A\Pics\IMG20221109153133.jpg
dataset_A,IMG20221109153136.jpg,IMG20221109153136,.jpg,8926218,3456,4608,3,0.75,15925248,RGB,109.35126887819895,55.382055297408705,2582.5189026287994,2582.5189026287994,7.748477935791016,6b4c88f8fcd5be94f712bc47f2f44621,84ce5cdbdec072e0,data\raw\dataset_A\Pics\IMG20221109153136.jpg
dataset_A,IMG20221109153139.jpg,IMG20221109153139,.jpg,9080702,3456,4608,3,0.75,15925248,RGB,106.383665045593,50.794806382720836,3132.2495318576807,3132.2495318576807,7.663398265838623,2c3a0adaae252b834f4bb262b92462da,8f8af067033f381e,data\raw\dataset_A\Pics\IMG20221109153139.jpg
dataset_A,IMG20221109153140.jpg,IMG20221109153140,.jpg,8838446,3456,4608,3,0.75,15925248,RGB,109.10563351980453,46.15305043554651,3059.651010011153,3059.651010011153,7.522084712982178,fec6d4bc9f7ac69a89b9272d2736362b,bf8328f85f470507,data\raw\dataset_A\Pics\IMG20221109153140.jpg
dataset_A,IMG20221109153141.jpg,IMG20221109153141,.jpg,7035186,3456,4608,3,0.75,15925248,RGB,107.50469776043676,52.50645490075415,825.2399400356326,825.2399400356326,7.671841621398926,c7825ad7ed6ad8268157336d562f2929,e44396871e969db2,data\raw\dataset_A\Pics\IMG20221109153141.jpg
dataset_A,IMG20221109153145.jpg,IMG20221109153145,.jpg,5451948,3456,4608,3,0.75,15925248,RGB,92.65147663634501,50.472496349348326,421.96575879627017,421.96575879627017,7.534738063812256,3b1a4084c97cac936f6e4a6ef962624b,f8e0b298ece5930e,data\raw\dataset_A\Pics\IMG20221109153145.jpg
dataset_A,IMG20221109153147.jpg,IMG20221109153147,.jpg,5221347,3456,4608,3,0.75,15925248,RGB,112.46873191550925,54.27887333377461,214.27367545683845,214.27367545683845,7.686541557312012,eb1eae1a97bebffed358be9e01e7305d,9ccf5bd8f2764030,data\raw\dataset_A\Pics\IMG20221109153147.jpg
dataset_A,IMG20221109153151.jpg,IMG20221109153151,.jpg,6765031,3456,4608,3,0.75,15925248,RGB,118.82513999154048,53.74683777317543,709.8294403758141,709.8294403758141,7.6605706214904785,48e084bd815b68bca9e4e33dedf44ce4,c5e5858dacc0d3d3,data\raw\dataset_A\Pics\IMG20221109153151.jpg
dataset_A,IMG20221109153152.jpg,IMG20221109153152,.jpg,7969908,3456,4608,3,0.75,15925248,RGB,109.18974706076791,52.82054953841175,1700.2809219623284,1700.2809219623284,7.653365135192871,26aa43cbde6d751e65ed737bb6c5c847,c7b3949878d095b6,data\raw\dataset_A\Pics\IMG20221109153152.jpg
dataset_A,IMG20221109153154.jpg,IMG20221109153154,.jpg,5560785,3456,4608,3,0.75,15925248,RGB,118.24594392501768,55.08339932675248,381.96882118947303,381.96882118947303,7.6697282791137695,f9a89d9556a2577174030f989a10755a,f6e29b9d610f1c03,data\raw\dataset_A\Pics\IMG20221109153154.jpg
dataset_A,IMG20221109153159.jpg,IMG20221109153159,.jpg,5282494,3456,4608,3,0.75,15925248,RGB,104.3275817745507,48.231473215732784,282.91306515736386,282.91306515736386,7.4832234382629395,29681e6e218a45654d43807d243c1a32,98e1df9c945ce194,data\raw\dataset_A\Pics\IMG20221109153159.jpg
dataset_A,IMG20221109153203.jpg,IMG20221109153203,.jpg,5603487,3456,4608,3,0.75,15925248,RGB,108.26120101865918,52.68990271631882,569.8827060798553,569.8827060798553,7.457888603210449,140f979988215c801a7d7989749bc498,b8f0919cf0657f82,data\raw\dataset_A\Pics\IMG20221109153203.jpg
dataset_A,IMG20221109153209.jpg,IMG20221109153209,.jpg,5357774,3456,4608,3,0.75,15925248,RGB,103.8097225236304,50.94178808751423,410.69663682982195,410.69663682982195,7.510707855224609,17a68cc1faaefe5c015db88a9e3066bb,b9f99194bdf19280,data\raw\dataset_A\Pics\IMG20221109153209.jpg
dataset_A,IMG20221109153214.jpg,IMG20221109153214,.jpg,6260370,3456,4608,3,0.75,15925248,RGB,104.39186027118699,53.483587689243805,741.1614114978373,741.1614114978373,7.683979511260986,aff8dfd693ad1fbc3303d280ff35f0a3,ebf99184389b84e5,data\raw\dataset_A\Pics\IMG20221109153214.jpg
dataset_A,IMG20221109153218.jpg,IMG20221109153218,.jpg,7560473,3456,4608,3,0.75,15925248,RGB,101.38947261606225,54.34745291126745,2164.536202830484,2164.536202830484,7.705109119415283,60bf38fd8667de829565988b41cafd9e,86e28b9fce2892f4,data\raw\dataset_A\Pics\IMG20221109153218.jpg
dataset_A,IMG20221109153221.jpg,IMG20221109153221,.jpg,6501787,3456,4608,3,0.75,15925248,RGB,109.6361973138503,54.86160120394057,957.0103224605397,957.0103224605397,7.698101043701172,9a81c3c14dfd48d17a460495d3fbfc5e,b9c71c9291c1cb97,data\raw\dataset_A\Pics\IMG20221109153221.jpg
dataset_A,IMG20221109153222.jpg,IMG20221109153222,.jpg,7212613,3456,4608,3,0.75,15925248,RGB,111.433618992935,52.8513293073544,1253.8291732631048,1253.8291732631048,7.671292304992676,ba5b745503ed2c77f67390e75004929b,a1e007933ecdd9c6,data\raw\dataset_A\Pics\IMG20221109153222.jpg
dataset_A,IMG20221109153226.jpg,IMG20221109153226,.jpg,6357526,3456,4608,3,0.75,15925248,RGB,113.70490029417438,55.521974714399775,1010.5081413356853,1010.5081413356853,7.7349371910095215,30c879f71730c84cf6b2557fad03ec1a,f58191fc3893a9e8,data\raw\dataset_A\Pics\IMG20221109153226.jpg
dataset_A,IMG20221109153227.jpg,IMG20221109153227,.jpg,7925839,3456,4608,3,0.75,15925248,RGB,110.57125490290638,58.284212467777074,2301.952026028714,2301.952026028714,7.778632640838623,0704b563be1e24895ddcb708a444ed99,c5b3be9698e890c5,data\raw\dataset_A\Pics\IMG20221109153227.jpg
dataset_A,IMG20221109153230.jpg,IMG20221109153230,.jpg,6485365,3456,4608,3,0.75,15925248,RGB,117.70099385579427,56.65206853088446,793.8506437155139,793.8506437155139,7.760047435760498,4b373285cb8b3ba91b5b81fa10cddb54,e1c194d569263f4e,data\raw\dataset_A\Pics\IMG20221109153230.jpg
dataset_A,IMG20221109153232.jpg,IMG20221109153232,.jpg,6552049,3456,4608,3,0.75,15925248,RGB,91.47460152582867,58.704134845846994,894.0554184946122,894.0554184946122,7.640462398529053,ccc31ac0a39bde7d9f876ec5f98e8614,efc281d795cdb0a0,data\raw\dataset_A\Pics\IMG20221109153232.jpg
dataset_A,IMG20221109153235.jpg,IMG20221109153235,.jpg,5917781,3456,4608,3,0.75,15925248,RGB,121.35182259014114,56.05878091893928,540.7858550030065,540.7858550030065,7.739818572998047,54c4c8315cf8bec507477cba28006071,c1f9cdc87f22242d,data\raw\dataset_A\Pics\IMG20221109153235.jpg
dataset_A,IMG20221109153237.jpg,IMG20221109153237,.jpg,6700574,3456,4608,3,0.75,15925248,RGB,112.75784747590744,47.90717567054596,982.4530465204472,982.4530465204472,7.545032978057861,cfd249995f2f49db314720f90e02db6a,c7eaf8991e64a207,data\raw\dataset_A\Pics\IMG20221109153237.jpg
dataset_A,IMG20221109153239.jpg,IMG20221109153239,.jpg,7989201,3456,4608,3,0.75,15925248,RGB,106.50036771797839,43.88902136176614,1160.684608488427,1160.684608488427,7.412989139556885,ed1e2bc25e49d14ce0b304e8ac1c08db,ec6ddb82107c1e1e,data\raw\dataset_A\Pics\IMG20221109153239.jpg
dataset_A,IMG20221109153241.jpg,IMG20221109153241,.jpg,6563357,3456,4608,3,0.75,15925248,RGB,94.10832007137346,54.21780117454579,682.7910857224948,682.7910857224948,7.638341903686523,8d7f65130350337839aa381be488dc2a,cade95303d33a1e2,data\raw\dataset_A\Pics\IMG20221109153241.jpg
dataset_A,IMG20221109153243.jpg,IMG20221109153243,.jpg,5865348,3456,4608,3,0.75,15925248,RGB,110.21482359332803,54.06800861989833,494.38527792118936,494.38527792118936,7.702869415283203,0dfceb6f084e74b5203f63360c738980,a6c91db4a36aba91,data\raw\dataset_A\Pics\IMG20221109153243.jpg
dataset_A,IMG20221109153245.jpg,IMG20221109153245,.jpg,6961186,3456,4608,3,0.75,15925248,RGB,104.58225385249888,45.03509407839819,953.3688208726131,953.3688208726131,7.454736709594727,555518fad5e57514c2dbdc4b54944e09,cbcaa07a75b72161,data\raw\dataset_A\Pics\IMG20221109153245.jpg
dataset_A,IMG20221109153245_01.jpg,IMG20221109153245_01,.jpg,8004848,3456,4608,3,0.75,15925248,RGB,103.34802484708558,55.31726397816513,2034.9133264493325,2034.9133264493325,7.647607803344727,682f14b80687332574f1cc517e5d6162,d0d2952cea68e3d3,data\raw\dataset_A\Pics\IMG20221109153245_01.jpg
dataset_A,IMG20221109153248.jpg,IMG20221109153248,.jpg,6720786,3456,4608,3,0.75,15925248,RGB,117.22889213405028,55.19186907747071,766.8304960977878,766.8304960977878,7.734199523925781,02aeff8f66a3c5c71700465251b6851e,b7d18cc33a8fc360,data\raw\dataset_A\Pics\IMG20221109153248.jpg
dataset_A,IMG20221109153249.jpg,IMG20221109153249,.jpg,7039435,3456,4608,3,0.75,15925248,RGB,97.49666567201967,50.99176300601031,821.5603647255477,821.5603647255477,7.6237030029296875,afd269a79b6ffca2c64880e3687c057f,eb7c90a46b960793,data\raw\dataset_A\Pics\IMG20221109153249.jpg
dataset_A,IMG20221109153250.jpg,IMG20221109153250,.jpg,8549644,3456,4608,3,0.75,15925248,RGB,98.1996995588389,60.253464547533255,3064.636647958865,3064.636647958865,7.776643753051758,9435fc6795052866cd48e2f56494ed24,c680b13d3f12ddc6,data\raw\dataset_A\Pics\IMG20221109153250.jpg
dataset_A,IMG20221109153252.jpg,IMG20221109153252,.jpg,6723829,3456,4608,3,0.75,15925248,RGB,107.41822639119968,53.91050915453871,962.2382893064373,962.2382893064373,7.6599931716918945,5221911dcf75fe5ae3c89135014a4d0d,a8ee139655799817,data\raw\dataset_A\Pics\IMG20221109153252.jpg
dataset_A,IMG20221109153253.jpg,IMG20221109153253,.jpg,7891441,3456,4608,3,0.75,15925248,RGB,106.4173479119446,54.44647398055803,2302.7845850816525,2302.7845850816525,7.736881256103516,cf236bc206fe0714651f105720e80db9,dfc89e4910b53a69,data\raw\dataset_A\Pics\IMG20221109153253.jpg
dataset_A,IMG20221109153256.jpg,IMG20221109153256,.jpg,5318299,3456,4608,3,0.75,15925248,RGB,101.95268249511719,51.43753903120016,302.21059169624186,302.21059169624186,7.60819149017334,35f49a6bfc645817c171cc5f48755a25,f8c91b90577a1c96,data\raw\dataset_A\Pics\IMG20221109153256.jpg
dataset_A,IMG20221109153257.jpg,IMG20221109153257,.jpg,7693002,3456,4608,3,0.75,15925248,RGB,96.09152887289416,51.246453368777395,1801.7280300103141,1801.7280300103141,7.62301778793335,e052f08edf48cbc256a4dbeb48f0cbf8,ee4a95e93e84f0a1,data\raw\dataset_A\Pics\IMG20221109153257.jpg
dataset_A,IMG20221109153258.jpg,IMG20221109153258,.jpg,8846671,3456,4608,3,0.75,15925248,RGB,105.6193556922944,62.723387223627014,4126.059916511841,4126.059916511841,7.788467884063721,ee41698f354bf706e39d604ea3cecfb4,fcdc8d2230bce2e4,data\raw\dataset_A\Pics\IMG20221109153258.jpg
dataset_A,IMG20221109153317.jpg,IMG20221109153317,.jpg,8513401,3456,4608,3,0.75,15925248,RGB,116.3509876266919,54.808397742375575,1973.0068880277734,1973.0068880277734,7.752542495727539,aab352bc8dfccbd0346d87f6da3c555f,ccecc7d6a7181913,data\raw\dataset_A\Pics\IMG20221109153317.jpg
dataset_A,IMG20221109153319.jpg,IMG20221109153319,.jpg,7903204,3456,4608,3,0.75,15925248,RGB,108.71095740549849,46.59402049587888,1453.126023963564,1453.126023963564,7.5238752365112305,ab9b0348c7d2113e2733846923d4fa7d,cd674cc2e2684bc7,data\raw\dataset_A\Pics\IMG20221109153319.jpg
dataset_A,IMG20221109153321.jpg,IMG20221109153321,.jpg,7605266,3456,4608,3,0.75,15925248,RGB,105.97146838780783,53.022421388982906,1705.9484484493062,1705.9484484493062,7.582805156707764,b874c3af679cdaf8e789a2d465d32250,f0e0b272d3c2e5e2,data\raw\dataset_A\Pics\IMG20221109153321.jpg
dataset_A,IMG20221109153338.jpg,IMG20221109153338,.jpg,8615623,3456,4608,3,0.75,15925248,RGB,114.45497658811969,55.556088229307846,1803.4049807286196,1803.4049807286196,7.673789978027344,51d0d3f1649763935bd97f2d5948793c,ef7b7ac0250e82c3,data\raw\dataset_A\Pics\IMG20221109153338.jpg
dataset_A,IMG20221109153717.jpg,IMG20221109153717,.jpg,6221514,3456,4608,3,0.75,15925248,RGB,108.4208223319348,48.32835722372666,577.942317428922,577.942317428922,7.324611663818359,8cfc75ba81dd7e8a698118a56596d6b2,c2c0f0b0d6ceeda5,data\raw\dataset_A\Pics\IMG20221109153717.jpg
dataset_A,IMG20221109153719.jpg,IMG20221109153719,.jpg,6520605,3456,4608,3,0.75,15925248,RGB,107.15582570519467,46.077765712483526,844.5495564237004,844.5495564237004,7.279060363769531,99538c3d48a6e3767d94065d5dc1a83e,bbbad6d40d8c829a,data\raw\dataset_A\Pics\IMG20221109153719.jpg
dataset_A,IMG20221109153730.jpg,IMG20221109153730,.jpg,6090083,3456,4608,3,0.75,15925248,RGB,105.07159888499068,42.79392464799693,702.0188114012888,702.0188114012888,7.228247165679932,40e03d3b4e81b3cdb2c3ba2955d376b0,94bc5d554153fa58,data\raw\dataset_A\Pics\IMG20221109153730.jpg
dataset_A,IMG20221109153732.jpg,IMG20221109153732,.jpg,5265419,3456,4608,3,0.75,15925248,RGB,109.81910749521765,40.948296289290276,302.4322107656371,302.4322107656371,7.010830879211426,4de31a07d93c3a6182d0250b6801fda6,9b9301b1703dada7,data\raw\dataset_A\Pics\IMG20221109153732.jpg
dataset_A,IMG20221109153733.jpg,IMG20221109153733,.jpg,6145636,3456,4608,3,0.75,15925248,RGB,115.05515499664432,47.087720849945974,594.6509645809729,594.6509645809729,7.3407368659973145,e1d76f555e92530ec56cc47fde052895,8ecccf9ce2e0154b,data\raw\dataset_A\Pics\IMG20221109153733.jpg
dataset_A,IMG20221109153734.jpg,IMG20221109153734,.jpg,5854240,3456,4608,3,0.75,15925248,RGB,106.59694316848315,53.7761965169003,485.8312234750274,485.8312234750274,7.178976058959961,44beba390e2a5e7f19aafd4b71515118,cfce98b911ca4e91,data\raw\dataset_A\Pics\IMG20221109153734.jpg
dataset_A,IMG20221109153738.jpg,IMG20221109153738,.jpg,6293685,3456,4608,3,0.75,15925248,RGB,117.54629654746978,43.260945825511584,556.463520484775,556.463520484775,7.265066146850586,77a4f959965c488a2924ade9a104ed7b,b1396dcc46f29686,data\raw\dataset_A\Pics\IMG20221109153738.jpg
dataset_A,IMG20221109153739.jpg,IMG20221109153739,.jpg,5092564,3456,4608,3,0.75,15925248,RGB,111.6804336108298,39.86386940228219,177.38435822145678,177.38435822145678,7.050814151763916,b693520b7c0cb640023f3c78ed507a3c,a42466f2125a57f7,data\raw\dataset_A\Pics\IMG20221109153739.jpg
dataset_A,IMG20221109153740.jpg,IMG20221109153740,.jpg,4660280,3456,4608,3,0.75,15925248,RGB,119.49667860745403,46.830677608169346,177.78934656516907,177.78934656516907,7.1622490882873535,7fd33bbf0f90d9af5b34ce7c2f649666,c0e0e07e7ea79358,data\raw\dataset_A\Pics\IMG20221109153740.jpg
dataset_A,IMG20221109153741.jpg,IMG20221109153741,.jpg,6023964,3456,4608,3,0.75,15925248,RGB,126.67657250926328,46.80378562799102,567.6019362415562,567.6019362415562,7.327853679656982,1f21a23cd12ad2f086ddb7097204a61c,d767e4b643813037,data\raw\dataset_A\Pics\IMG20221109153741.jpg
dataset_A,IMG20221109153745.jpg,IMG20221109153745,.jpg,5594408,3456,4608,3,0.75,15925248,RGB,112.35465651775094,43.0913278600061,381.87678153832525,381.87678153832525,7.233304977416992,a9b5400a8b23934a8ab01dead88a0f67,dfffacc052233448,data\raw\dataset_A\Pics\IMG20221109153745.jpg
dataset_A,IMG20221109153747.jpg,IMG20221109153747,.jpg,5530701,3456,4608,3,0.75,15925248,RGB,112.32121565704973,48.1398900318556,372.7601661644259,372.7601661644259,7.47022819519043,557e8b043202e85e046b4903c7f19494,8c6de50cf792364a,data\raw\dataset_A\Pics\IMG20221109153747.jpg
dataset_A,IMG20221109153748.jpg,IMG20221109153748,.jpg,5882504,3456,4608,3,0.75,15925248,RGB,121.12361276885609,45.18404308862042,482.96215876966636,482.96215876966636,7.362621307373047,67bd12d302b78ab8d4b7c8ab7d234cdb,a3319107fc9c31e7,data\raw\dataset_A\Pics\IMG20221109153748.jpg
dataset_A,IMG20221109153751.jpg,IMG20221109153751,.jpg,5883200,3456,4608,3,0.75,15925248,RGB,100.18400649082514,46.11563523776235,468.3949077971812,468.3949077971812,7.388382911682129,0e969bfa63e60cc441315a8edbffe767,dfffcc1130ce40c1,data\raw\dataset_A\Pics\IMG20221109153751.jpg
dataset_A,IMG20221109153752.jpg,IMG20221109153752,.jpg,3704405,3456,4608,3,0.75,15925248,RGB,127.33174981011285,52.56634919993822,83.69170939982291,83.69170939982291,7.02392053604126,cfec9aa57d25c91d158911105eaeaa94,e170d49c1d59b636,data\raw\dataset_A\Pics\IMG20221109153752.jpg
dataset_A,IMG20221109153754.jpg,IMG20221109153754,.jpg,3468001,3456,4608,3,0.75,15925248,RGB,110.59902640134709,41.947834172944226,43.978258840279906,43.978258840279906,7.029128074645996,a3868a05aa8a6bd9360e5fb03efbf992,d95994962bac526b,data\raw\dataset_A\Pics\IMG20221109153754.jpg
dataset_A,IMG20221109153755.jpg,IMG20221109153755,.jpg,3681602,3456,4608,3,0.75,15925248,RGB,112.8718428749116,44.06302943757644,38.985309258653935,38.985309258653935,7.047074794769287,a624f5938241645b39687ec63610c78f,9676f88d63229c55,data\raw\dataset_A\Pics\IMG20221109153755.jpg
dataset_A,IMG20221109153757.jpg,IMG20221109153757,.jpg,3629280,3456,4608,3,0.75,15925248,RGB,125.04637353214217,50.84503014962657,85.59526806916851,85.59526806916851,6.940004348754883,a11c6cb89f78294340d5091f9cc41fae,dc5ccc9717a0b45a,data\raw\dataset_A\Pics\IMG20221109153757.jpg
dataset_A,IMG20221109153759.jpg,IMG20221109153759,.jpg,3970363,3456,4608,3,0.75,15925248,RGB,117.02382619096419,47.67852790641531,60.30797508260486,60.30797508260486,7.170703887939453,d30b4f6d03b0b33f747f3744b40a3a93,de4e81b53da19552,data\raw\dataset_A\Pics\IMG20221109153759.jpg
dataset_A,IMG20221109153801.jpg,IMG20221109153801,.jpg,5488432,3456,4608,3,0.75,15925248,RGB,118.1689923447346,48.306656665943756,443.4908915660138,443.4908915660138,7.201246738433838,94a5df7387acedde01199e61750d6aaf,c1c3e1d62aa7d25a,data\raw\dataset_A\Pics\IMG20221109153801.jpg
dataset_A,IMG20221109153803.jpg,IMG20221109153803,.jpg,4668218,3456,4608,3,0.75,15925248,RGB,121.41455046728315,56.71467094644889,201.51552531930145,201.51552531930145,7.4899678230285645,314f979672ecad0d5d64775bf184d0e9,c1c7d7f24c86b270,data\raw\dataset_A\Pics\IMG20221109153803.jpg
dataset_A,IMG20221109153805.jpg,IMG20221109153805,.jpg,4629461,3456,4608,3,0.75,15925248,RGB,116.09654788421506,65.58187778754584,226.2549423230082,226.2549423230082,7.752599239349365,aa9fce94b5a64693f8480e4441e5eac5,ccdde09f9a4798a0,data\raw\dataset_A\Pics\IMG20221109153805.jpg
dataset_A,IMG20221109153820.jpg,IMG20221109153820,.jpg,4120628,3456,4608,3,0.75,15925248,RGB,112.36147939422985,54.38103142345227,80.63000884161508,80.63000884161508,7.661282539367676,a45835969614478d2eca189f463c1fa0,c7c37b42994cb349,data\raw\dataset_A\Pics\IMG20221109153820.jpg
dataset_A,IMG20221109153830.jpg,IMG20221109153830,.jpg,6504036,3456,4608,3,0.75,15925248,RGB,127.87748253590776,43.300296860720465,700.1116296773934,700.1116296773934,7.2337799072265625,622a164de8d2298d24e589025a21a58e,891a12b767cf3a32,data\raw\dataset_A\Pics\IMG20221109153830.jpg
dataset_A,IMG20221109153831.jpg,IMG20221109153831,.jpg,5240911,3456,4608,3,0.75,15925248,RGB,113.67841040842818,54.03367786300115,299.64506333473577,299.64506333473577,7.460938930511475,6698b220f552e3b06567ade53ad42fc5,bcacad9594c45666,data\raw\dataset_A\Pics\IMG20221109153831.jpg
dataset_A,IMG20221109153836.jpg,IMG20221109153836,.jpg,5852801,3456,4608,3,0.75,15925248,RGB,106.20877288692773,55.172776542685845,422.69511523499915,422.69511523499915,7.67638635635376,74825f813c1d5354c3316b3273d7a53d,aa6b3985b13fc03a,data\raw\dataset_A\Pics\IMG20221109153836.jpg
dataset_A,IMG20221109153837.jpg,IMG20221109153837,.jpg,4991134,3456,4608,3,0.75,15925248,RGB,109.75095904314959,45.84417923231164,201.83678212619515,201.83678212619515,7.437495231628418,72f9f9f6d1bea387d2d98a4580337b66,8cf0f29b63c038cf,data\raw\dataset_A\Pics\IMG20221109153837.jpg
dataset_A,IMG20221109153846.jpg,IMG20221109153846,.jpg,5916256,3456,4608,3,0.75,15925248,RGB,108.47529708799512,39.92914887181256,414.5736398620922,414.5736398620922,7.185791969299316,1e1a063fbc547644785b4418e0bde16d,da6a2ea7554d9911,data\raw\dataset_A\Pics\IMG20221109153846.jpg
dataset_A,IMG20221109153849.jpg,IMG20221109153849,.jpg,6263558,3456,4608,3,0.75,15925248,RGB,112.80334912209844,49.543677629140284,587.3635120349602,587.3635120349602,7.500683307647705,2dea4b8a0026a672ca76d96046cacb16,a727c9513666ecc8,data\raw\dataset_A\Pics\IMG20221109153849.jpg
dataset_A,IMG20221109153854.jpg,IMG20221109153854,.jpg,4204531,3456,4608,3,0.75,15925248,RGB,101.74828241293322,40.31591948849091,128.14812358605948,128.14812358605948,7.05722713470459,af67175f291112f558d1f2073b301884,9999cbd3b286c8b1,data\raw\dataset_A\Pics\IMG20221109153854.jpg
dataset_A,IMG20221109153910.jpg,IMG20221109153910,.jpg,3979588,3456,4608,3,0.75,15925248,RGB,117.58967420789931,50.711125160380575,100.1545429073536,100.1545429073536,7.355182647705078,e4a664f0d93db0a693b5aeae3aee2395,b7b5b50a02c77c70,data\raw\dataset_A\Pics\IMG20221109153910.jpg
dataset_A,IMG20221109153932.jpg,IMG20221109153932,.jpg,5578311,3456,4608,3,0.75,15925248,RGB,114.51046137554656,42.25681795025242,353.12149273095105,353.12149273095105,7.262190818786621,5e9de88bdab09dfee508c59a00c9bfde,fa189aea3a94a46b,data\raw\dataset_A\Pics\IMG20221109153932.jpg
dataset_A,IMG20221109153933.jpg,IMG20221109153933,.jpg,4950133,3456,4608,3,0.75,15925248,RGB,112.12732693393535,48.82805128371545,177.7880359447164,177.7880359447164,7.482839584350586,2d179f3d59e0d6cb6ba4471be9b5d083,e061c3a172a9df4b,data\raw\dataset_A\Pics\IMG20221109153933.jpg
dataset_A,IMG20221110102417.jpg,IMG20221110102417,.jpg,4520614,3456,4608,3,0.75,15925248,RGB,108.5963141044962,45.073186243972174,378.3380390877291,378.3380390877291,7.199161052703857,a5c54597d5bdb29f4702b1bd20337339,c2c390343c8fef71,data\raw\dataset_A\Pics\IMG20221110102417.jpg
dataset_A,IMG20221110102420.jpg,IMG20221110102420,.jpg,4290150,3456,4608,3,0.75,15925248,RGB,115.94557466232237,46.76886353673845,309.1747436826363,309.1747436826363,7.3485307693481445,429f47b701d2089b602bd8dcc40f73d2,c4858f6b239e4c67,data\raw\dataset_A\Pics\IMG20221110102420.jpg
dataset_A,IMG20221110102421.jpg,IMG20221110102421,.jpg,4459861,3456,4608,3,0.75,15925248,RGB,113.70184633859391,50.95407865261195,358.89747624803306,358.89747624803306,7.517527103424072,3945cbd895b79ec3d09639fff093402d,c290b43cbf4b63b8,data\raw\dataset_A\Pics\IMG20221110102421.jpg
dataset_A,IMG20221110102422.jpg,IMG20221110102422,.jpg,4456810,3456,4608,3,0.75,15925248,RGB,112.4504567840953,51.79465229353632,338.5840444289571,338.5840444289571,7.534557819366455,16ac985b27690fb73b0bf1c51eff39ad,c291942cbd4be7b8,data\raw\dataset_A\Pics\IMG20221110102422.jpg
dataset_A,IMG20221110102427.jpg,IMG20221110102427,.jpg,4256712,3456,4608,3,0.75,15925248,RGB,119.57871663913805,46.79666603945769,339.4762689379872,339.4762689379872,7.388003349304199,e2ed708f2865d6280a27dc37eff447d5,c587566330d867b6,data\raw\dataset_A\Pics\IMG20221110102427.jpg
dataset_A,IMG20221110102428.jpg,IMG20221110102428,.jpg,4541111,3456,4608,3,0.75,15925248,RGB,114.38401367438674,52.866580519671786,422.28457439586697,422.28457439586697,7.6144514083862305,1cdd5a16fcee14c7f6965c6866708d0b,d680683e9f46b359,data\raw\dataset_A\Pics\IMG20221110102428.jpg
dataset_A,IMG20221110102441.jpg,IMG20221110102441,.jpg,5819515,3456,4608,3,0.75,15925248,RGB,117.83197988502283,60.57316756327106,554.8226772926599,554.8226772926599,7.691715717315674,f03e88321159c98fc3f1085cbafb03d1,c1c34f39a30ee94b,data\raw\dataset_A\Pics\IMG20221110102441.jpg
dataset_A,IMG20221110102442.jpg,IMG20221110102442,.jpg,5949811,3456,4608,3,0.75,15925248,RGB,118.07759791244695,62.78794075758914,546.3758521068752,546.3758521068752,7.742159843444824,48487b2a8b4e7e403d1459f9bda524cb,b7b4c9c835668d2c,data\raw\dataset_A\Pics\IMG20221110102442.jpg
dataset_A,IMG20221110105350.jpg,IMG20221110105350,.jpg,5795330,3456,4608,3,0.75,15925248,RGB,117.96639907899707,50.26445427030679,488.6091466538449,488.6091466538449,7.499113082885742,897f9d2b8d5e8b7950f672c6f1c2baf3,e33190ce6a4e99a7,data\raw\dataset_A\Pics\IMG20221110105350.jpg
dataset_A,IMG20221110105351.jpg,IMG20221110105351,.jpg,5775122,3456,4608,3,0.75,15925248,RGB,114.1728919386373,47.883079789148,519.2256376468949,519.2256376468949,7.441135406494141,aae60213497381f424ecef0811a6cec0,f838d0476b669cb1,data\raw\dataset_A\Pics\IMG20221110105351.jpg
dataset_A,IMG20221110105352.jpg,IMG20221110105352,.jpg,5551261,3456,4608,3,0.75,15925248,RGB,115.88836588290494,47.35040033069529,413.16025747422844,413.16025747422844,7.323509216308594,b2bb1c1308cf8091faebec133a560849,bf979fc00c786146,data\raw\dataset_A\Pics\IMG20221110105352.jpg
dataset_A,IMG20221110105433.jpg,IMG20221110105433,.jpg,6085203,3456,4608,3,0.75,15925248,RGB,116.00356685183176,56.19561437634201,657.4955802803822,657.4955802803822,7.701772689819336,e8a2881a8a6c6ed2ec6cdf89989cf077,ac44d0b82d8ffa78,data\raw\dataset_A\Pics\IMG20221110105433.jpg
dataset_A,IMG20221110105434.jpg,IMG20221110105434,.jpg,5674402,3456,4608,3,0.75,15925248,RGB,125.08193523893631,53.126201265089335,447.1760660074982,447.1760660074982,7.627099990844727,a77be66902e541a6749643c478e9cd98,90646799cdde6784,data\raw\dataset_A\Pics\IMG20221110105434.jpg
dataset_A,IMG20221110105435.jpg,IMG20221110105435,.jpg,5844236,3456,4608,3,0.75,15925248,RGB,122.87878430527424,49.532511141964584,523.5232975843562,523.5232975843562,7.416524887084961,8c600d4ece415abe5f624b80ed43b282,81256fcf3f8344cc,data\raw\dataset_A\Pics\IMG20221110105435.jpg
dataset_A,IMG20221110105450.jpg,IMG20221110105450,.jpg,5430524,3456,4608,3,0.75,15925248,RGB,116.04551527235243,45.9980677818907,305.7320164038665,305.7320164038665,7.440662384033203,b99bb78edd0b40fcbb6a58423d105ffd,81137feb16587354,data\raw\dataset_A\Pics\IMG20221110105450.jpg
dataset_A,IMG20221110105452.jpg,IMG20221110105452,.jpg,5492650,3456,4608,3,0.75,15925248,RGB,111.84062119472173,44.3720578658366,355.34129656322307,355.34129656322307,7.3334760665893555,fa8bff87d674d830b4471cbfeb4790da,a2ad4b4a1b32bcbc,data\raw\dataset_A\Pics\IMG20221110105452.jpg
dataset_A,IMG20221110105455.jpg,IMG20221110105455,.jpg,5651072,3456,4608,3,0.75,15925248,RGB,113.99033226986481,50.99260541681881,391.76041708803155,391.76041708803155,7.464954853057861,84d02554c434b96f66803385ae5141d6,9ba563c61db8a507,data\raw\dataset_A\Pics\IMG20221110105455.jpg
dataset_A,IMG20221110105504.jpg,IMG20221110105504,.jpg,5769035,3456,4608,3,0.75,15925248,RGB,120.1793011951839,51.904620996301574,457.50063557959635,457.50063557959635,7.5631103515625,ceff30a48392cc6ba99af48e4551fcef,b1138b137ccf0769,data\raw\dataset_A\Pics\IMG20221110105504.jpg
dataset_A,IMG20221110105508.jpg,IMG20221110105508,.jpg,5805030,3456,4608,3,0.75,15925248,RGB,116.83619539237317,49.87708550934285,457.71782002234187,457.71782002234187,7.608297348022461,71998abed304562b4ff26ed3c537c350,b078499d34c6e676,data\raw\dataset_A\Pics\IMG20221110105508.jpg
dataset_A,IMG20221110105511.jpg,IMG20221110105511,.jpg,5967561,3456,4608,3,0.75,15925248,RGB,116.40156304002299,53.366016061952536,460.7729387169818,460.7729387169818,7.6116838455200195,ccc9c4fa6fb50585556f2ebf73dd749d,9e25e68d296b6561,data\raw\dataset_A\Pics\IMG20221110105511.jpg
dataset_A,IMG20221110105514.jpg,IMG20221110105514,.jpg,5181674,3456,4608,3,0.75,15925248,RGB,111.40993245442708,45.52048384596382,284.1617424554289,284.1617424554289,7.346087455749512,64d4acfb42836a31d99071df94095f5c,eae8d83c1d4327ac,data\raw\dataset_A\Pics\IMG20221110105514.jpg
dataset_A,IMG20221110105515.jpg,IMG20221110105515,.jpg,5751789,3456,4608,3,0.75,15925248,RGB,124.09289682647328,53.051946041209604,443.04851900894,443.04851900894,7.5769243240356445,f61c82ea27765968530cb87727e0d653,a1697d1694cca7e2,data\raw\dataset_A\Pics\IMG20221110105515.jpg
dataset_A,IMG20221110123444.jpg,IMG20221110123444,.jpg,4563061,3456,4608,3,0.75,15925248,RGB,111.41243828667535,38.195842782586546,210.027283543275,210.027283543275,6.576837539672852,d816ef962464e619ad0c86477721a936,fcfca1426cbdd060,data\raw\dataset_A\Pics\IMG20221110123444.jpg
dataset_A,IMG20221110123448.jpg,IMG20221110123448,.jpg,5436684,3456,4608,3,0.75,15925248,RGB,156.28314039442273,44.53477191860853,287.3688453533478,287.3688453533478,7.187776565551758,47241fc1aa4fc1981f4e744ea7f3e30d,dcc4b72b58dca720,data\raw\dataset_A\Pics\IMG20221110123448.jpg
dataset_A,IMG20221110123507.jpg,IMG20221110123507,.jpg,6538848,3456,4608,3,0.75,15925248,RGB,115.3253043217914,51.077171534437674,927.8267460757098,927.8267460757098,7.502072334289551,33f27f861a56753c7e415b19fc37b118,f96943c7f7764080,data\raw\dataset_A\Pics\IMG20221110123507.jpg
dataset_A,IMG20221110123508.jpg,IMG20221110123508,.jpg,6451874,3456,4608,3,0.75,15925248,RGB,104.79689408918468,47.6779531375738,826.1204901336386,826.1204901336386,7.364541530609131,4db1dbad9b3456390cb2c015ba2719e7,9a787ce427b77081,data\raw\dataset_A\Pics\IMG20221110123508.jpg
dataset_A,IMG20221110123510.jpg,IMG20221110123510,.jpg,6337782,3456,4608,3,0.75,15925248,RGB,128.9744682782962,46.61349490897093,863.3498837136057,863.3498837136057,7.216996192932129,a6d67dc0a449b9a9ad1d967ad098cc01,8222287979991ffe,data\raw\dataset_A\Pics\IMG20221110123510.jpg
dataset_A,IMG20221110123514.jpg,IMG20221110123514,.jpg,6224854,3456,4608,3,0.75,15925248,RGB,114.78161162702145,45.215780796908895,837.4327816142593,837.4327816142593,7.2060866355896,0679ec382d93504e11d1eba964aa2ea6,8149696b7b73031f,data\raw\dataset_A\Pics\IMG20221110123514.jpg
dataset_A,IMG20221110123521.jpg,IMG20221110123521,.jpg,8058905,3456,4608,3,0.75,15925248,RGB,116.81733119634934,54.453282731844965,1252.7430735879043,1252.7430735879043,7.69533634185791,b1be67fce08402470cd7d40c1c4008ce,f636c2c3be6cc848,data\raw\dataset_A\Pics\IMG20221110123521.jpg
dataset_A,IMG20221110123523.jpg,IMG20221110123523,.jpg,7414781,3456,4608,3,0.75,15925248,RGB,115.40153804826147,51.27981196993,1088.5401035884754,1088.5401035884754,7.550400257110596,f6f584b1630f7ec4a9153ad10b72b192,8908fcb43627575b,data\raw\dataset_A\Pics\IMG20221110123523.jpg
dataset_A,IMG20221110123526.jpg,IMG20221110123526,.jpg,6967736,3456,4608,3,0.75,15925248,RGB,109.3102725935571,46.829266707920546,761.0220915484526,761.0220915484526,7.425887107849121,96bc1e93b0503b860ffe57880f443f10,93134e2e2e675b19,data\raw\dataset_A\Pics\IMG20221110123526.jpg
dataset_A,IMG20221110123532.jpg,IMG20221110123532,.jpg,7447810,3456,4608,3,0.75,15925248,RGB,119.94488249099794,53.2131772851773,967.4256854581131,967.4256854581131,7.615381717681885,d275e3c3852eeb57ba12d6d0d72c658c,964f6f2960f29691,data\raw\dataset_A\Pics\IMG20221110123532.jpg
dataset_A,IMG20221110123535.jpg,IMG20221110123535,.jpg,6955291,3456,4608,3,0.75,15925248,RGB,116.24298083144451,47.83779889951611,806.7945731633847,806.7945731633847,7.447480201721191,c013cf2a8ac2ff992e91c44153c3517f,9616c76b286cd476,data\raw\dataset_A\Pics\IMG20221110123535.jpg
dataset_A,IMG20221110123536.jpg,IMG20221110123536,.jpg,6151595,3456,4608,3,0.75,15925248,RGB,107.84114175176424,44.43684872912883,421.0691236630994,421.0691236630994,7.257184982299805,c42847184967801f4f0a8325ce639fa4,d2526f2f25c4527a,data\raw\dataset_A\Pics\IMG20221110123536.jpg
dataset_A,IMG20221110123538.jpg,IMG20221110123538,.jpg,7300112,3456,4608,3,0.75,15925248,RGB,114.0396147049013,47.17580523228021,887.8614832236261,887.8614832236261,7.528207302093506,0067f278094ebd565fb6f07bb1707743,b8384c6bb9aee388,data\raw\dataset_A\Pics\IMG20221110123538.jpg
dataset_A,IMG20221110123538_01.jpg,IMG20221110123538_01,.jpg,7329454,3456,4608,3,0.75,15925248,RGB,113.97207446942113,45.76448890031917,930.3256527466307,930.3256527466307,7.44138765335083,31685aca5a193895159644df21206e2a,951d6a6a25d5f0e1,data\raw\dataset_A\Pics\IMG20221110123538_01.jpg
dataset_A,IMG20221110123540.jpg,IMG20221110123540,.jpg,8353008,3456,4608,3,0.75,15925248,RGB,116.78919618708606,52.81228942577182,1616.6340222082517,1616.6340222082517,7.646479606628418,be294ee5bf785e6df652ddf67e75b6fc,8d0c66f6b32969cc,data\raw\dataset_A\Pics\IMG20221110123540.jpg
dataset_A,IMG20221110123542.jpg,IMG20221110123542,.jpg,7961407,3456,4608,3,0.75,15925248,RGB,118.3139242164392,52.6135096344025,1103.831067546279,1103.831067546279,7.594486236572266,73ef344bf48bd3b2d4fe6481149c92a4,b23a5bc8a0f2fa92,data\raw\dataset_A\Pics\IMG20221110123542.jpg
dataset_A,frame0.jpg,frame0,.jpg,28063,256,256,3,1.0,65536,RGB,83.14653015136719,38.68496145982491,688.7321946506854,688.7321946506854,6.9991536140441895,cca79800a8519e79a7e4b5a45d25b893,9c9cd9d90d2d4cc9,data\raw\dataset_A\pics_re1\pics_re1\frame0.jpg
dataset_A,frame1.jpg,frame1,.jpg,36896,256,256,3,1.0,65536,RGB,81.70448303222656,45.20150564654813,2184.9162885227706,2184.9162885227706,7.3049635887146,0e4653ac124936fc94d94da9a27c4653,d0c322e3d495157f,data\raw\dataset_A\pics_re1\pics_re1\frame1.jpg
dataset_A,frame10.jpg,frame10,.jpg,40217,256,256,3,1.0,65536,RGB,87.98793029785156,59.824652408859386,3460.9389195404947,3460.9389195404947,7.66474723815918,4d2774aa01d5fe032f2b60d52016e705,99d991c1731b9b07,data\raw\dataset_A\pics_re1\pics_re1\frame10.jpg
dataset_A,frame100.jpg,frame100,.jpg,34051,256,256,3,1.0,65536,RGB,126.5128173828125,70.42205692525488,2677.213240116602,2677.213240116602,7.620804786682129,80bfb3bb7ba6196b61eabaf8c8548d70,ec6cf71301a03e7c,data\raw\dataset_A\pics_re1\pics_re1\frame100.jpg
dataset_A,frame101.jpg,frame101,.jpg,34798,256,256,3,1.0,65536,RGB,109.18592834472656,47.75274609772992,2386.7008494734764,2386.7008494734764,7.383622646331787,2691c97b906e56c7b19315d22e5f844c,bacd863fbd028b24,data\raw\dataset_A\pics_re1\pics_re1\frame101.jpg
dataset_A,frame102.jpg,frame102,.jpg,33842,256,256,3,1.0,65536,RGB,112.46833801269531,47.84638879897358,3202.9702752297744,3202.9702752297744,7.329184055328369,dafe718d264e883f0ea98f933e2bbf5c,c1c89ec663d99c6c,data\raw\dataset_A\pics_re1\pics_re1\frame102.jpg
dataset_A,frame103.jpg,frame103,.jpg,42695,256,256,3,1.0,65536,RGB,131.23770141601562,57.174511989863205,5995.01934788283,5995.01934788283,7.660289287567139,bcd4edda928045ab47fc210e1c344f17,a676de9c21ac9e48,data\raw\dataset_A\pics_re1\pics_re1\frame103.jpg
dataset_A,frame104.jpg,frame104,.jpg,41006,256,256,3,1.0,65536,RGB,125.99195861816406,48.786791061609165,4817.35439819633,4817.35439819633,7.463441848754883,06133c026d971e12574a3261ad1d2254,ea5070e070fabcf4,data\raw\dataset_A\pics_re1\pics_re1\frame104.jpg
dataset_A,frame105.jpg,frame105,.jpg,42515,256,256,3,1.0,65536,RGB,131.8817901611328,64.47631486565957,7108.564148767851,7108.564148767851,7.604490280151367,3d436965b6f18663e03add474b71f71d,d476d6c3699d1868,data\raw\dataset_A\pics_re1\pics_re1\frame105.jpg
dataset_A,frame106.jpg,frame106,.jpg,47039,256,256,3,1.0,65536,RGB,111.76980590820312,49.608865538096886,12639.39269877877,12639.39269877877,7.570797443389893,ea554c1ea32a8e26c66c421696b09bd3,8666ddcd66e28a70,data\raw\dataset_A\pics_re1\pics_re1\frame106.jpg
dataset_A,frame107.jpg,frame107,.jpg,45947,256,256,3,1.0,65536,RGB,117.60282897949219,48.128283585015254,6187.7700228095055,6187.7700228095055,7.493404865264893,47bef0bf2745cf634f1632b21f2a2b58,ca6cbcbb9a32a229,data\raw\dataset_A\pics_re1\pics_re1\frame107.jpg
dataset_A,frame108.jpg,frame108,.jpg,44474,256,256,3,1.0,65536,RGB,114.36653137207031,50.53622082550868,5541.4729388915,5541.4729388915,7.576214790344238,134a85dee6a09bce2e25fed0ce83f18b,c56d32563f4929a5,data\raw\dataset_A\pics_re1\pics_re1\frame108.jpg
dataset_A,frame109.jpg,frame109,.jpg,44880,256,256,3,1.0,65536,RGB,114.94692993164062,50.2050925878186,6158.914381693816,6158.914381693816,7.573203086853027,70135677099182b51310840eca41512a,cab2b529266ca79a,data\raw\dataset_A\pics_re1\pics_re1\frame109.jpg
dataset_A,frame11.jpg,frame11,.jpg,36559,256,256,3,1.0,65536,RGB,97.65669250488281,56.26559637901875,2784.0928878409322,2784.0928878409322,7.552687644958496,af5bc197e20d76b50b7e767a768a9106,89898d6c1dc9f89e,data\raw\dataset_A\pics_re1\pics_re1\frame11.jpg
dataset_A,frame110.jpg,frame110,.jpg,46623,256,256,3,1.0,65536,RGB,115.36235046386719,47.25197605478278,7225.010162441991,7225.010162441991,7.477065086364746,0412782b52f50ee883da2061f3ccbdfd,f37058d8f0f2d2c8,data\raw\dataset_A\pics_re1\pics_re1\frame110.jpg
dataset_A,frame111.jpg,frame111,.jpg,47261,256,256,3,1.0,65536,RGB,116.53567504882812,50.16175109041656,6980.520322284661,6980.520322284661,7.57122802734375,ddbc2f9ce093b52607cf1737345a0c1c,e724507067e5d9d8,data\raw\dataset_A\pics_re1\pics_re1\frame111.jpg
dataset_A,frame112.jpg,frame112,.jpg,44910,256,256,3,1.0,65536,RGB,110.62992858886719,51.57460405665619,5687.188410345232,5687.188410345232,7.621768951416016,f2da9ab54353b5efb84a3c08f185011c,e3019d25667a1bcd,data\raw\dataset_A\pics_re1\pics_re1\frame112.jpg
dataset_A,frame113.jpg,frame113,.jpg,43487,256,256,3,1.0,65536,RGB,123.01350402832031,49.34642620483342,6470.448694463819,6470.448694463819,7.2947492599487305,563d6926ab88313d356b7e683fd005b5,c7c38393a1e1c787,data\raw\dataset_A\pics_re1\pics_re1\frame113.jpg
dataset_A,frame114.jpg,frame114,.jpg,43364,256,256,3,1.0,65536,RGB,111.38140869140625,48.378022377300994,6304.512594654923,6304.512594654923,7.513518810272217,524708b86183d6d53f79b3275f134b0e,e1e5c5cfb8002bbc,data\raw\dataset_A\pics_re1\pics_re1\frame114.jpg
dataset_A,frame115.jpg,frame115,.jpg,45186,256,256,3,1.0,65536,RGB,107.27787780761719,48.73000462693017,8610.887349597877,8610.887349597877,7.591979026794434,5200a9805c6fb8c39f89f3b984426a71,f2f2ccd93bab8005,data\raw\dataset_A\pics_re1\pics_re1\frame115.jpg
dataset_A,frame116.jpg,frame116,.jpg,51402,256,256,3,1.0,65536,RGB,109.25238037109375,54.804044848315506,15970.108021871885,15970.108021871885,7.698807239532471,9e35eac0895647f493a4aa4fd785449c,e461b6dc74b4e168,data\raw\dataset_A\pics_re1\pics_re1\frame116.jpg
dataset_A,frame117.jpg,frame117,.jpg,49473,256,256,3,1.0,65536,RGB,111.446044921875,51.778808125811686,12503.225203618407,12503.225203618407,7.671185493469238,0500df9fe39f41e8ea87d804efd25888,c9c9ccd858bd3598,data\raw\dataset_A\pics_re1\pics_re1\frame117.jpg
dataset_A,frame118.jpg,frame118,.jpg,48965,256,256,3,1.0,65536,RGB,107.48069763183594,49.23069045119514,12489.818079257151,12489.818079257151,7.625077247619629,75c2ad969dad83c49e3c28966593dc7c,9263ccd5c764d998,data\raw\dataset_A\pics_re1\pics_re1\frame118.jpg
dataset_A,frame119.jpg,frame119,.jpg,46340,256,256,3,1.0,65536,RGB,104.81549072265625,50.73873714961293,10500.692658886313,10500.692658886313,7.635944366455078,91916af7be8ece700cd8fbd5ac29ecc8,e4c992c8daf2b465,data\raw\dataset_A\pics_re1\pics_re1\frame119.jpg
dataset_A,frame12.jpg,frame12,.jpg,39239,256,256,3,1.0,65536,RGB,99.59701538085938,56.57699000456647,3218.6888774593826,3218.6888774593826,7.569581508636475,409fbcc8a595a895c28f9a3dc1efa1c7,c7959d651404f99d,data\raw\dataset_A\pics_re1\pics_re1\frame12.jpg
dataset_A,frame120.jpg,frame120,.jpg,47027,256,256,3,1.0,65536,RGB,95.199951171875,53.76163173558459,14918.215797185898,14918.215797185898,7.598658084869385,d6239ada02c48751ab387ecc9594a91b,e3c296deb43aa4e0,data\raw\dataset_A\pics_re1\pics_re1\frame120.jpg
dataset_A,frame121.jpg,frame121,.jpg,49615,256,256,3,1.0,65536,RGB,109.33193969726562,53.6753300982357,13721.39162658155,13721.39162658155,7.706096649169922,684f7cd804d107997c56755d06152da8,84ce5cdbdec072e0,data\raw\dataset_A\pics_re1\pics_re1\frame121.jpg
dataset_A,frame122.jpg,frame122,.jpg,49503,256,256,3,1.0,65536,RGB,106.29847717285156,47.513764402955815,20698.75029395311,20698.75029395311,7.585004806518555,e6dea91f35b819c6739662753656a836,8f8af067033f381e,data\raw\dataset_A\pics_re1\pics_re1\frame122.jpg
dataset_A,frame123.jpg,frame123,.jpg,47252,256,256,3,1.0,65536,RGB,109.04588317871094,43.251935270246655,15410.509375424823,15410.509375424823,7.436672687530518,937394d92103c29b4d8edd4d22fbd669,bf032af85f470507,data\raw\dataset_A\pics_re1\pics_re1\frame123.jpg
dataset_A,frame124.jpg,frame124,.jpg,46302,256,256,3,1.0,65536,RGB,107.61947631835938,51.9036219309402,8794.240818611346,8794.240818611346,7.665666580200195,f5369c5e3975f6ce7b92f37636606157,e44396871e969db2,data\raw\dataset_A\pics_re1\pics_re1\frame124.jpg
dataset_A,frame125.jpg,frame125,.jpg,39378,256,256,3,1.0,65536,RGB,92.65020751953125,50.149939268640615,3851.132336220704,3851.132336220704,7.534407615661621,afee5bc70182e092e9c3bd71a36dad86,f8e0b298ece5930e,data\raw\dataset_A\pics_re1\pics_re1\frame125.jpg
dataset_A,frame126.jpg,frame126,.jpg,41839,256,256,3,1.0,65536,RGB,112.48246765136719,54.102622656485984,5057.464233305305,5057.464233305305,7.685579776763916,d6dbdeffe2a65b12d0a16fb1d3d0981c,9ccf5bd8f2764030,data\raw\dataset_A\pics_re1\pics_re1\frame126.jpg
dataset_A,frame127.jpg,frame127,.jpg,46713,256,256,3,1.0,65536,RGB,118.70121765136719,53.22331701751971,8142.499999670079,8142.499999670079,7.651215553283691,04579945453fb976c75f97e5a51d6258,c5e5858dacc0d3d3,data\raw\dataset_A\pics_re1\pics_re1\frame127.jpg
dataset_A,frame128.jpg,frame128,.jpg,47305,256,256,3,1.0,65536,RGB,109.13046264648438,51.58066774874163,11722.468600120395,11722.468600120395,7.624229431152344,14ef3f3dedc60c2101910687acb20e02,c7f3949878d095a6,data\raw\dataset_A\pics_re1\pics_re1\frame128.jpg
dataset_A,frame129.jpg,frame129,.jpg,40056,256,256,3,1.0,65536,RGB,118.2200927734375,54.932082447089286,3740.3468843994197,3740.3468843994197,7.667242050170898,3e2ad1897c9d8d4e642a8ac39cc938ea,f6e29b9d610f1c03,data\raw\dataset_A\pics_re1\pics_re1\frame129.jpg
dataset_A,frame13.jpg,frame13,.jpg,36395,256,256,3,1.0,65536,RGB,94.37881469726562,50.53204772301817,1898.13589516934,1898.13589516934,7.379458904266357,b517db0fd27518499cb034874eb861ea,cbeb8a91118ccedc,data\raw\dataset_A\pics_re1\pics_re1\frame13.jpg
dataset_A,frame130.jpg,frame130,.jpg,41606,256,256,3,1.0,65536,RGB,104.297119140625,47.99829074615274,4488.106043578824,4488.106043578824,7.485316276550293,337b9e6f343a9a59c19dd6a0357cc63a,98e1df9c945ce194,data\raw\dataset_A\pics_re1\pics_re1\frame130.jpg
dataset_A,frame131.jpg,frame131,.jpg,42942,256,256,3,1.0,65536,RGB,108.25296020507812,52.1779543141362,6456.425430012634,6456.425430012634,7.453900337219238,41c7c1cbc5b660fde3f9698d5aecc746,b8f0919cf065fb82,data\raw\dataset_A\pics_re1\pics_re1\frame131.jpg
dataset_A,frame132.jpg,frame132,.jpg,42261,256,256,3,1.0,65536,RGB,103.80807495117188,50.609987038791544,5155.211932897568,5155.211932897568,7.513804912567139,2f23e3966a5cf09aa8067da6927d3da2,b9f99194bdf19280,data\raw\dataset_A\pics_re1\pics_re1\frame132.jpg
dataset_A,frame133.jpg,frame133,.jpg,44148,256,256,3,1.0,65536,RGB,104.42491149902344,52.798331946624295,7588.365175122162,7588.365175122162,7.6721038818359375,9061fb97a903f8cce2a978ef65c423dc,ebf99184389b84e5,data\raw\dataset_A\pics_re1\pics_re1\frame133.jpg
dataset_A,frame134.jpg,frame134,.jpg,44568,256,256,3,1.0,65536,RGB,101.52243041992188,52.6950772307692,10699.259439136833,10699.259439136833,7.67208194732666,9fa5f91089118c30c4932df5ec6183f0,86e28b9fce2892f4,data\raw\dataset_A\pics_re1\pics_re1\frame134.jpg
dataset_A,frame135.jpg,frame135,.jpg,43089,256,256,3,1.0,65536,RGB,109.54374694824219,54.36010405943827,5980.491615995765,5980.491615995765,7.67610502243042,f9c46b710f974e40a69201c19f310609,b9c71c9291c1cb97,data\raw\dataset_A\pics_re1\pics_re1\frame135.jpg
dataset_A,frame136.jpg,frame136,.jpg,46349,256,256,3,1.0,65536,RGB,111.4703369140625,51.97267171278204,10017.931899603456,10017.931899603456,7.652509689331055,23f6480510c2dc61b52639e047c47579,a1e007933ecdd9c6,data\raw\dataset_A\pics_re1\pics_re1\frame136.jpg
dataset_A,frame137.jpg,frame137,.jpg,41157,256,256,3,1.0,65536,RGB,113.64289855957031,54.63416089580568,7296.068312166026,7296.068312166026,7.713428497314453,f9f0fdf51fbf43c0d011a7d37914b674,f58191fc3893a9e8,data\raw\dataset_A\pics_re1\pics_re1\frame137.jpg
dataset_A,frame138.jpg,frame138,.jpg,43460,256,256,3,1.0,65536,RGB,110.691162109375,56.98315704472917,12161.840533436975,12161.840533436975,7.739704132080078,276ee67c25f5d7b405dc7d8351b4d49e,c5b3be9698e890c5,data\raw\dataset_A\pics_re1\pics_re1\frame138.jpg
dataset_A,frame139.jpg,frame139,.jpg,41182,256,256,3,1.0,65536,RGB,117.62734985351562,56.20236822522859,6409.17212257511,6409.17212257511,7.746986389160156,05c36079c7f45e3f523baf4bf20b8689,e1c194d569263f4e,data\raw\dataset_A\pics_re1\pics_re1\frame139.jpg
dataset_A,frame14.jpg,frame14,.jpg,43213,256,256,3,1.0,65536,RGB,78.57501220703125,50.89119846712936,4781.727618634701,4781.727618634701,7.536198616027832,ca7ce891f4d3473c219b1d9cf970ebaa,d6e625252d787a52,data\raw\dataset_A\pics_re1\pics_re1\frame14.jpg
dataset_A,frame140.jpg,frame140,.jpg,44406,256,256,3,1.0,65536,RGB,91.68791198730469,57.96620533602043,10589.070199429989,10589.070199429989,7.623442649841309,6837c021f97989e20f60261828fca7d8,efc381d795ccb0a0,data\raw\dataset_A\pics_re1\pics_re1\frame140.jpg
dataset_A,frame141.jpg,frame141,.jpg,42650,256,256,3,1.0,65536,RGB,121.35954284667969,55.58269863465373,6580.908549008658,6580.908549008658,7.734236717224121,490d15040ccf8d3d4cb1ab1c018036fd,c1f9cdc87f22242d,data\raw\dataset_A\pics_re1\pics_re1\frame141.jpg
dataset_A,frame142.jpg,frame142,.jpg,45205,256,256,3,1.0,65536,RGB,112.92997741699219,47.21540876908114,8563.279510534368,8563.279510534368,7.526435852050781,eb0d3454044061fad0f87b3af5aef271,c7eaf8991e64a207,data\raw\dataset_A\pics_re1\pics_re1\frame142.jpg
dataset_A,frame143.jpg,frame143,.jpg,45272,256,256,3,1.0,65536,RGB,106.42056274414062,42.98847602069369,7570.698876998387,7570.698876998387,7.383378982543945,9dc5d47ed700925cd49e83dfc42e12d3,ec6ddb82107c1e1e,data\raw\dataset_A\pics_re1\pics_re1\frame143.jpg
dataset_A,frame144.jpg,frame144,.jpg,40002,256,256,3,1.0,65536,RGB,94.11834716796875,53.90602582881452,4391.226373538375,4391.226373538375,7.6315531730651855,c1ed72f8f44d80d0b7e4465c4bed5d5f,cade95303d33a1e2,data\raw\dataset_A\pics_re1\pics_re1\frame144.jpg
dataset_A,frame145.jpg,frame145,.jpg,43234,256,256,3,1.0,65536,RGB,110.27888488769531,53.72201928589417,4613.122533561429,4613.122533561429,7.703860282897949,66f9ce3e5cb931f24f8021e37024ffa2,a6c91db4a36aba91,data\raw\dataset_A\pics_re1\pics_re1\frame145.jpg
dataset_A,frame146.jpg,frame146,.jpg,43023,256,256,3,1.0,65536,RGB,104.6031494140625,44.138653978041745,7165.834393884987,7165.834393884987,7.4260334968566895,4dfdfe9337cfb4d7e5b21de9eac8409f,cbcaa07a75b72161,data\raw\dataset_A\pics_re1\pics_re1\frame146.jpg
dataset_A,frame147.jpg,frame147,.jpg,42918,256,256,3,1.0,65536,RGB,103.49783325195312,53.701136562079476,11904.410974787315,11904.410974787315,7.606815814971924,77b556568dd7a430dba9e3b8c5413b03,d0d2952cea68e3d3,data\raw\dataset_A\pics_re1\pics_re1\frame147.jpg
dataset_A,frame148.jpg,frame148,.jpg,43640,256,256,3,1.0,65536,RGB,117.20442199707031,54.665107351666144,5786.853136479855,5786.853136479855,7.730344772338867,e84097aec0b8312938b115e0efa759ef,b7d18cc33a8fc360,data\raw\dataset_A\pics_re1\pics_re1\frame148.jpg
dataset_A,frame149.jpg,frame149,.jpg,44994,256,256,3,1.0,65536,RGB,97.47132873535156,50.396617274326175,9268.153983911267,9268.153983911267,7.615802764892578,1c81061bd20e0cdb894d19b72a99d891,eb7c90a46b960793,data\raw\dataset_A\pics_re1\pics_re1\frame149.jpg
dataset_A,frame15.jpg,frame15,.jpg,34768,256,256,3,1.0,65536,RGB,60.82170104980469,50.51792507655103,2059.514579329407,2059.514579329407,7.265015602111816,59689e5840389c62f1a5fd7e226a671c,d9888676d5919177,data\raw\dataset_A\pics_re1\pics_re1\frame15.jpg
dataset_A,frame150.jpg,frame150,.jpg,47264,256,256,3,1.0,65536,RGB,98.14334106445312,58.51097714117431,15042.012837275863,15042.012837275863,7.761819839477539,61be3a5b5c7dba316cac928002912e63,c680b13d3f12ddc6,data\raw\dataset_A\pics_re1\pics_re1\frame150.jpg
dataset_A,frame151.jpg,frame151,.jpg,44321,256,256,3,1.0,65536,RGB,107.407470703125,53.22934073595773,6739.842527426546,6739.842527426546,7.655251502990723,769e15b12de5f0f8527956906aeab07d,a8ee139745799817,data\raw\dataset_A\pics_re1\pics_re1\frame151.jpg
dataset_A,frame152.jpg,frame152,.jpg,46731,256,256,3,1.0,65536,RGB,106.43135070800781,52.43118908657824,14913.053941977909,14913.053941977909,7.695554733276367,fe33e208715a34185032a94cadb1df45,dfc89e4910b53a69,data\raw\dataset_A\pics_re1\pics_re1\frame152.jpg
dataset_A,frame153.jpg,frame153,.jpg,38159,256,256,3,1.0,65536,RGB,102.00770568847656,51.14482036309201,4541.719586865744,4541.719586865744,7.605729103088379,834087ad92970ed9423aedb352eef28d,f8c91b90577a1c96,data\raw\dataset_A\pics_re1\pics_re1\frame153.jpg
dataset_A,frame154.jpg,frame154,.jpg,44885,256,256,3,1.0,65536,RGB,95.98643493652344,49.93292909646037,11666.58364764019,11666.58364764019,7.59611177444458,e08f58e3259335c5ae1ef0c7038e1410,ee4a95e93e84f0a1,data\raw\dataset_A\pics_re1\pics_re1\frame154.jpg
dataset_A,frame155.jpg,frame155,.jpg,45713,256,256,3,1.0,65536,RGB,105.59886169433594,60.29625872683382,18520.04774471163,18520.04774471163,7.758623123168945,c3fee63726fc002f5e80ba750cae6c88,fcdc8d2330b8e2e4,data\raw\dataset_A\pics_re1\pics_re1\frame155.jpg
dataset_A,frame156.jpg,frame156,.jpg,48344,256,256,3,1.0,65536,RGB,116.23699951171875,53.68517776082998,11112.298444185173,11112.298444185173,7.729113578796387,ee09d10d6bd077f9ba4b90d0dbbd8314,ccecc7d2a71a1913,data\raw\dataset_A\pics_re1\pics_re1\frame156.jpg
dataset_A,frame157.jpg,frame157,.jpg,48583,256,256,3,1.0,65536,RGB,108.67362976074219,45.223260769434205,11188.231904800748,11188.231904800748,7.479093551635742,21c383d6b4583ee01c247681552aee8d,cd674cd0e2684bc7,data\raw\dataset_A\pics_re1\pics_re1\frame157.jpg
dataset_A,frame158.jpg,frame158,.jpg,48500,256,256,3,1.0,65536,RGB,105.98480224609375,51.78977828679201,11853.058756268583,11853.058756268583,7.567480087280273,d3a6b86da3aa4a21314a59a7996a2091,f2e0b272d3c2e562,data\raw\dataset_A\pics_re1\pics_re1\frame158.jpg
dataset_A,frame159.jpg,frame159,.jpg,51921,256,256,3,1.0,65536,RGB,114.42817687988281,54.411630353344016,13578.998940286925,13578.998940286925,7.641524791717529,35295d7e3a4b33f06022424d7a42baa3,ef7b7ac0250e82c3,data\raw\dataset_A\pics_re1\pics_re1\frame159.jpg
dataset_A,frame16.jpg,frame16,.jpg,39540,256,256,3,1.0,65536,RGB,63.44317626953125,46.08730397002807,2941.2916083352175,2941.2916083352175,7.200002670288086,6da9d4d218be907db7877d5d854eb910,da9b3f2565c13232,data\raw\dataset_A\pics_re1\pics_re1\frame16.jpg
dataset_A,frame160.jpg,frame160,.jpg,41271,256,256,3,1.0,65536,RGB,108.43394470214844,47.68635416462483,6941.507082596188,6941.507082596188,7.299276828765869,1b138bd4c1b7c0ab1e77637209aaf063,c2c0f0b0d6ceeda5,data\raw\dataset_A\pics_re1\pics_re1\frame160.jpg
dataset_A,frame161.jpg,frame161,.jpg,42329,256,256,3,1.0,65536,RGB,107.18270874023438,45.35110058535902,6457.950666113757,6457.950666113757,7.257484436035156,67eead2efaa982cc060270e238c61046,bbbad6d40d8c829a,data\raw\dataset_A\pics_re1\pics_re1\frame161.jpg
dataset_A,frame162.jpg,frame162,.jpg,41604,256,256,3,1.0,65536,RGB,104.96113586425781,41.98730059010226,6140.180756211048,6140.180756211048,7.217153549194336,74f7cea6e5589c0c5f655333bba2a004,94bc5d554153fa58,data\raw\dataset_A\pics_re1\pics_re1\frame162.jpg
dataset_A,frame163.jpg,frame163,.jpg,37467,256,256,3,1.0,65536,RGB,109.89407348632812,40.615672129640444,5517.768291890388,5517.768291890388,6.993688583374023,417729dece5aee92f96ee9b6affe7ff6,9b9301b1703cade7,data\raw\dataset_A\pics_re1\pics_re1\frame163.jpg
dataset_A,frame164.jpg,frame164,.jpg,42445,256,256,3,1.0,65536,RGB,115.00985717773438,46.727992075545245,6125.022300316952,6125.022300316952,7.334321975708008,1bbbcb3e0baeeee6bb1abac16771e772,8ecccf8ce2e0155b,data\raw\dataset_A\pics_re1\pics_re1\frame164.jpg
dataset_A,frame165.jpg,frame165,.jpg,37302,256,256,3,1.0,65536,RGB,106.5830078125,53.54900681565717,2442.9716247171164,2442.9716247171164,7.215087413787842,6d68a63dec0824318f513d531896d1d1,cfce98b911ca4e91,data\raw\dataset_A\pics_re1\pics_re1\frame165.jpg
dataset_A,frame166.jpg,frame166,.jpg,36528,256,256,3,1.0,65536,RGB,117.54061889648438,42.976438565056874,3146.61828305549,3146.61828305549,7.242270469665527,7bfc6e9a00ee8658108a18bdb540827a,b1396dcc46f29686,data\raw\dataset_A\pics_re1\pics_re1\frame166.jpg
dataset_A,frame167.jpg,frame167,.jpg,34185,256,256,3,1.0,65536,RGB,111.708984375,39.750434489244775,2113.9494228807744,2113.9494228807744,7.045242786407471,c0a4cdf7e629eb745c52d0f434dff141,a42466f6121a57f7,data\raw\dataset_A\pics_re1\pics_re1\frame167.jpg
dataset_A,frame168.jpg,frame168,.jpg,31194,256,256,3,1.0,65536,RGB,119.48646545410156,46.73566922856512,1351.4839532375336,1351.4839532375336,7.178009510040283,fde99621d4197e29589fd39e3375be09,c0e0e07e7ea79358,data\raw\dataset_A\pics_re1\pics_re1\frame168.jpg
dataset_A,frame169.jpg,frame169,.jpg,35549,256,256,3,1.0,65536,RGB,126.65570068359375,46.55920631673185,3090.1943193813786,3090.1943193813786,7.309914588928223,cf3d24fc826a325b6d95c7adb45e59a7,d767e4b643813037,data\raw\dataset_A\pics_re1\pics_re1\frame169.jpg
dataset_A,frame17.jpg,frame17,.jpg,35723,256,256,3,1.0,65536,RGB,60.42811584472656,50.15843905758642,2356.600516061997,2356.600516061997,7.060178756713867,92ebe34a58ed02f780d4ee3dd58e34a8,c0d23f6dc0c69f19,data\raw\dataset_A\pics_re1\pics_re1\frame17.jpg
dataset_A,frame170.jpg,frame170,.jpg,34414,256,256,3,1.0,65536,RGB,112.34848022460938,42.90059605762445,1823.1777053317055,1823.1777053317055,7.235645771026611,8be5a3b54b4b9299556740a3f5b3b81b,dfffacc052233448,data\raw\dataset_A\pics_re1\pics_re1\frame170.jpg
dataset_A,frame171.jpg,frame171,.jpg,39048,256,256,3,1.0,65536,RGB,112.2701416015625,47.88034106119336,4047.520942982286,4047.520942982286,7.467720985412598,c06db9789fc3e03c8546ad31eade5ff1,8c6de50cf792364a,data\raw\dataset_A\pics_re1\pics_re1\frame171.jpg
dataset_A,frame172.jpg,frame172,.jpg,34856,256,256,3,1.0,65536,RGB,121.13912963867188,44.94700985273053,1972.4953593574464,1972.4953593574464,7.358269691467285,838d5e9f8fae992c02afcc1e0c55095d,a331d107fc9c31e6,data\raw\dataset_A\pics_re1\pics_re1\frame172.jpg
dataset_A,frame173.jpg,frame173,.jpg,34617,256,256,3,1.0,65536,RGB,100.177490234375,45.89678278825657,1623.0414891575929,1623.0414891575929,7.397776126861572,f4bda815344259b47844c8b5d388296e,dfffcc1130ce40c1,data\raw\dataset_A\pics_re1\pics_re1\frame173.jpg
dataset_A,frame174.jpg,frame174,.jpg,29540,256,256,3,1.0,65536,RGB,127.36959838867188,52.47263190867854,1260.183686133474,1260.183686133474,7.080060958862305,d7a7f10e7cbe170ec79edb05f063479e,e170d49c1d59b636,data\raw\dataset_A\pics_re1\pics_re1\frame174.jpg
dataset_A,frame175.jpg,frame175,.jpg,28186,256,256,3,1.0,65536,RGB,110.58613586425781,41.9110156167439,1029.2707099607214,1029.2707099607214,7.036524772644043,3e6ef75bc1fe105318de7c8fd46b1b03,d95994972ba4526b,data\raw\dataset_A\pics_re1\pics_re1\frame175.jpg
dataset_A,frame176.jpg,frame176,.jpg,32631,256,256,3,1.0,65536,RGB,112.90934753417969,43.976295750285445,1615.255922999233,1615.255922999233,7.0538835525512695,1eaacf5fafe6a087089b0d1b7747bd84,9676f88d63229c55,data\raw\dataset_A\pics_re1\pics_re1\frame176.jpg
dataset_A,frame177.jpg,frame177,.jpg,26174,256,256,3,1.0,65536,RGB,125.06434631347656,50.790885752212716,606.8988161010202,606.8988161010202,6.959147930145264,72c6b7f291ff0c9753f8815f44154b05,dc5ccc9717a0b45a,data\raw\dataset_A\pics_re1\pics_re1\frame177.jpg
dataset_A,frame178.jpg,frame178,.jpg,33074,256,256,3,1.0,65536,RGB,117.05148315429688,47.61632137104466,1487.6928832137492,1487.6928832137492,7.176524639129639,5340b8a68a08fa0d164a3703ec158e21,de4e81b53da19552,data\raw\dataset_A\pics_re1\pics_re1\frame178.jpg
dataset_A,frame179.jpg,frame179,.jpg,32693,256,256,3,1.0,65536,RGB,118.19792175292969,48.05552160461513,1628.5689691433217,1628.5689691433217,7.216121673583984,505a629473d5f9e1f420c67fcb5a569a,c1c3e1d62aa7d25a,data\raw\dataset_A\pics_re1\pics_re1\frame179.jpg
dataset_A,frame18.jpg,frame18,.jpg,34536,256,256,3,1.0,65536,RGB,77.23391723632812,56.24563894346111,2406.460904557025,2406.460904557025,7.266045093536377,5bd30bc5a913c821f13c03bb3f255484,ca8abf272368d8c3,data\raw\dataset_A\pics_re1\pics_re1\frame18.jpg
dataset_A,frame180.jpg,frame180,.jpg,31094,256,256,3,1.0,65536,RGB,121.40721130371094,56.632096576675934,1152.7732531875372,1152.7732531875372,7.511774063110352,73238c99c260cb2e16f63b0f438b6d12,c1c7d6f24e86b270,data\raw\dataset_A\pics_re1\pics_re1\frame180.jpg
dataset_A,frame181.jpg,frame181,.jpg,32781,256,256,3,1.0,65536,RGB,116.12950134277344,65.52568050726605,1616.472050218843,1616.472050218843,7.774167060852051,cdf4730f19ab96ef1362d68dab0a1363,ccdde09f9a4798a0,data\raw\dataset_A\pics_re1\pics_re1\frame181.jpg
dataset_A,frame182.jpg,frame182,.jpg,35579,256,256,3,1.0,65536,RGB,112.40126037597656,54.34139124093456,1436.9073446653783,1436.9073446653783,7.66425085067749,452290300c816abf18b4cc52539e9f99,c7c37b42994cb349,data\raw\dataset_A\pics_re1\pics_re1\frame182.jpg
dataset_A,frame183.jpg,frame183,.jpg,32396,256,256,3,1.0,65536,RGB,127.89604187011719,42.98515289426075,1328.097715719603,1328.097715719603,7.199775218963623,a3d1b2b5d66286ee52aa3f5c3e5997e1,891a12b767cf3a32,data\raw\dataset_A\pics_re1\pics_re1\frame183.jpg
dataset_A,frame184.jpg,frame184,.jpg,35228,256,256,3,1.0,65536,RGB,113.66313171386719,53.912277453848375,1818.3641981331166,1818.3641981331166,7.462485313415527,cbd9df4a98d8dfcf85830a5b02524142,bcacad9594c45666,data\raw\dataset_A\pics_re1\pics_re1\frame184.jpg
dataset_A,frame185.jpg,frame185,.jpg,37580,256,256,3,1.0,65536,RGB,106.21444702148438,55.000502727854894,2201.434379722923,2201.434379722923,7.674795150756836,cd9e4074e01d8ee185b4324ff4c01231,aa6b3985b13fc03a,data\raw\dataset_A\pics_re1\pics_re1\frame185.jpg
dataset_A,frame186.jpg,frame186,.jpg,34641,256,256,3,1.0,65536,RGB,109.73869323730469,45.72106487540726,1372.6947549842298,1372.6947549842298,7.431673049926758,3bee8297d0f2044daf5e7c8ece13920e,88f1f29b63c038cf,data\raw\dataset_A\pics_re1\pics_re1\frame186.jpg
dataset_A,frame187.jpg,frame187,.jpg,34551,256,256,3,1.0,65536,RGB,108.49748229980469,39.65678744906509,2299.9119672847446,2299.9119672847446,7.167535781860352,8417153f01f846d86e789e030ada43f7,da6a2ea75d0d9911,data\raw\dataset_A\pics_re1\pics_re1\frame187.jpg
dataset_A,frame188.jpg,frame188,.jpg,43359,256,256,3,1.0,65536,RGB,112.80033874511719,49.2587140010437,5026.014456689358,5026.014456689358,7.494096755981445,e97e69fede87208f9033f75396932e98,a727c9513666e4e8,data\raw\dataset_A\pics_re1\pics_re1\frame188.jpg
dataset_A,frame189.jpg,frame189,.jpg,33393,256,256,3,1.0,65536,RGB,101.80197143554688,40.2107348604541,2330.2078199675307,2330.2078199675307,7.060188293457031,11a00da337c36dfc1c873082490d878a,9999cbd3b2c6c0b1,data\raw\dataset_A\pics_re1\pics_re1\frame189.jpg
dataset_A,frame19.jpg,frame19,.jpg,32934,256,256,3,1.0,65536,RGB,94.701416015625,49.45581908337775,2138.028189784847,2138.028189784847,7.462145805358887,f997da4b10881d2fb68c81456822c44d,f3e283c3961c3e4c,data\raw\dataset_A\pics_re1\pics_re1\frame19.jpg
dataset_A,frame190.jpg,frame190,.jpg,31400,256,256,3,1.0,65536,RGB,117.61903381347656,50.592815865798045,1465.1739639705047,1465.1739639705047,7.365009784698486,1cf7fb5f41dcf966f0b6f8e7f10e0971,b7b5b50a02c77c70,data\raw\dataset_A\pics_re1\pics_re1\frame190.jpg
dataset_A,frame191.jpg,frame191,.jpg,32760,256,256,3,1.0,65536,RGB,114.5396728515625,42.072937412777094,1305.0755049844738,1305.0755049844738,7.251631259918213,ed1cad0d8dca67b35cf5d92e76012018,fa189aea3a94a46b,data\raw\dataset_A\pics_re1\pics_re1\frame191.jpg
dataset_A,frame192.jpg,frame192,.jpg,35420,256,256,3,1.0,65536,RGB,112.11334228515625,48.72477094280423,1754.0631560885813,1754.0631560885813,7.4830322265625,06bd49af4e427e7f04200dbe0cefa2f4,e061c3a172a9df4b,data\raw\dataset_A\pics_re1\pics_re1\frame192.jpg
dataset_A,frame193.jpg,frame193,.jpg,34051,256,256,3,1.0,65536,RGB,108.61094665527344,44.757381458146924,4482.511900153011,4482.511900153011,7.197488307952881,8c6b415664482431e4d7b69408846a0a,c2c390343c8fef71,data\raw\dataset_A\pics_re1\pics_re1\frame193.jpg
dataset_A,frame194.jpg,frame194,.jpg,33417,256,256,3,1.0,65536,RGB,116.0,46.53700637821995,3560.989427489927,3560.989427489927,7.346371173858643,35c6906f1b6cb919153b96ba0961e70e,c4858f6b239e4c67,data\raw\dataset_A\pics_re1\pics_re1\frame194.jpg
dataset_A,frame195.jpg,frame195,.jpg,34945,256,256,3,1.0,65536,RGB,113.66267395019531,50.651888977708886,4553.554961081594,4553.554961081594,7.5158796310424805,4f8a7d5591e26d0d8828ed5db0e6e9bd,c290b03dbf4b63b8,data\raw\dataset_A\pics_re1\pics_re1\frame195.jpg
dataset_A,frame196.jpg,frame196,.jpg,34880,256,256,3,1.0,65536,RGB,112.48446655273438,51.49137646030128,4246.694476406788,4246.694476406788,7.5300092697143555,4119c2ae842718b52b0a12ae79834499,c291942cbd4be7b8,data\raw\dataset_A\pics_re1\pics_re1\frame196.jpg
dataset_A,frame197.jpg,frame197,.jpg,32645,256,256,3,1.0,65536,RGB,119.57769775390625,46.5230269259009,4355.05957692489,4355.05957692489,7.3809380531311035,a6714f5ea634fe8f6b4908d02ce85694,c587566330d867b6,data\raw\dataset_A\pics_re1\pics_re1\frame197.jpg
dataset_A,frame198.jpg,frame198,.jpg,36225,256,256,3,1.0,65536,RGB,114.4127197265625,52.5788822667937,5064.19321634993,5064.19321634993,7.611403465270996,c6640eacfa3f8d8cbcc5b4a00cdf52d6,d680683e9f46b359,data\raw\dataset_A\pics_re1\pics_re1\frame198.jpg
dataset_A,frame199.jpg,frame199,.jpg,44046,256,256,3,1.0,65536,RGB,117.88592529296875,60.28738031092564,6514.354019928491,6514.354019928491,7.693964958190918,edaa0d2fdda480b7972d2df2e4988044,c1c34f39a30ee94b,data\raw\dataset_A\pics_re1\pics_re1\frame199.jpg
dataset_A,frame2.jpg,frame2,.jpg,40951,256,256,3,1.0,65536,RGB,83.65196228027344,54.62619619323266,3482.0359239429235,3482.0359239429235,7.516373157501221,4e143bd84ee99270b28b3675a408c815,b6afc9c002eda786,data\raw\dataset_A\pics_re1\pics_re1\frame2.jpg
dataset_A,frame20.jpg,frame20,.jpg,41882,256,256,3,1.0,65536,RGB,85.50650024414062,56.75179892637447,3985.7047123087104,3985.7047123087104,7.612794876098633,a4d382387b06d5ac3224b11d344afffa,e0e4247478d3737c,data\raw\dataset_A\pics_re1\pics_re1\frame20.jpg
dataset_A,frame200.jpg,frame200,.jpg,44035,256,256,3,1.0,65536,RGB,118.05174255371094,62.40077493883329,6149.053756149253,6149.053756149253,7.732082843780518,a3d26d15a6f00deb7e7979d390077f0d,b7b4c9c835668d2c,data\raw\dataset_A\pics_re1\pics_re1\frame200.jpg
dataset_A,frame201.jpg,frame201,.jpg,40927,256,256,3,1.0,65536,RGB,118.01841735839844,49.88054896034214,4335.196281700395,4335.196281700395,7.49498987197876,87d1b834432b7cdbeae6fa58e2a65245,e33190ce6a4e99a7,data\raw\dataset_A\pics_re1\pics_re1\frame201.jpg
dataset_A,frame202.jpg,frame202,.jpg,40028,256,256,3,1.0,65536,RGB,114.22789001464844,47.39226633433254,4087.1420447677374,4087.1420447677374,7.426392555236816,6472d4cdcc4de76a60ee2ad4483c34e7,f038d04f6b669cb1,data\raw\dataset_A\pics_re1\pics_re1\frame202.jpg
dataset_A,frame203.jpg,frame203,.jpg,38366,256,256,3,1.0,65536,RGB,115.95150756835938,47.056469030670634,3283.8794646838214,3283.8794646838214,7.311355113983154,e0c15c02bd853029a65e0858d55d2fbf,bf979fc00c786146,data\raw\dataset_A\pics_re1\pics_re1\frame203.jpg
dataset_A,frame204.jpg,frame204,.jpg,40687,256,256,3,1.0,65536,RGB,115.97712707519531,55.83232035950836,4094.0354444810655,4094.0354444810655,7.692399978637695,19dd1ac973511697e28497c23aee2ec0,ac44d0b82d8ffa78,data\raw\dataset_A\pics_re1\pics_re1\frame204.jpg
dataset_A,frame205.jpg,frame205,.jpg,38429,256,256,3,1.0,65536,RGB,125.16722106933594,52.91930398961995,2984.8340092168655,2984.8340092168655,7.619248867034912,d75e35bb7239552890a6f0d2b9772f68,90646799cfdc6784,data\raw\dataset_A\pics_re1\pics_re1\frame205.jpg
dataset_A,frame206.jpg,frame206,.jpg,39521,256,256,3,1.0,65536,RGB,122.85533142089844,49.15227924036411,4159.9322193672415,4159.9322193672415,7.400198459625244,a878d7aec098a61348f4060bb327e23c,81256fcf7f8144cc,data\raw\dataset_A\pics_re1\pics_re1\frame206.jpg
dataset_A,frame207.jpg,frame207,.jpg,41132,256,256,3,1.0,65536,RGB,116.13215637207031,45.66703075148622,3757.818042304367,3757.818042304367,7.4339823722839355,8faba73867b55d03eced1d12872e601f,81137feb16587354,data\raw\dataset_A\pics_re1\pics_re1\frame207.jpg
dataset_A,frame208.jpg,frame208,.jpg,40416,256,256,3,1.0,65536,RGB,111.81817626953125,44.17033143575799,3693.9486491223797,3693.9486491223797,7.326970100402832,9d68523a447205cf4b200d3648d45581,a2ad4b4a1b32bcbc,data\raw\dataset_A\pics_re1\pics_re1\frame208.jpg
dataset_A,frame209.jpg,frame209,.jpg,39432,256,256,3,1.0,65536,RGB,114.02824401855469,50.67097412141503,2997.996371921152,2997.996371921152,7.445562362670898,95d1f6ee4f1b7895c7e97d469a948255,9ba563c61db89507,data\raw\dataset_A\pics_re1\pics_re1\frame209.jpg
dataset_A,frame21.jpg,frame21,.jpg,32161,256,256,3,1.0,65536,RGB,94.69560241699219,63.420794320885975,1632.836917742854,1632.836917742854,7.748841762542725,e11ffe2510cb4d783a685b0a7716bbfe,c1c14a7ebc2f6970,data\raw\dataset_A\pics_re1\pics_re1\frame21.jpg
dataset_A,frame210.jpg,frame210,.jpg,40437,256,256,3,1.0,65536,RGB,120.21246337890625,51.59189350116237,3931.758974995464,3931.758974995464,7.556556701660156,91a1fe768e41dafe8c16f9c74d9a73b5,b1138b137ccf0769,data\raw\dataset_A\pics_re1\pics_re1\frame210.jpg
dataset_A,frame211.jpg,frame211,.jpg,40645,256,256,3,1.0,65536,RGB,116.85345458984375,49.50743472249534,3638.6272994482424,3638.6272994482424,7.600614547729492,8b8efe78289a483f906f043988a48d57,b078499d34c6e676,data\raw\dataset_A\pics_re1\pics_re1\frame211.jpg
dataset_A,frame212.jpg,frame212,.jpg,39940,256,256,3,1.0,65536,RGB,116.44010925292969,53.108882971231196,3038.9273322296795,3038.9273322296795,7.604165077209473,4030240158044efed8381ccb8dd1b498,9e25e68d296b6561,data\raw\dataset_A\pics_re1\pics_re1\frame212.jpg
dataset_A,frame213.jpg,frame213,.jpg,37940,256,256,3,1.0,65536,RGB,111.43898010253906,45.324232718204826,3003.849083289504,3003.849083289504,7.341851234436035,038fdf9f4ef024ffbc96a486a4111e18,eae8d83c1d4327ac,data\raw\dataset_A\pics_re1\pics_re1\frame213.jpg
dataset_A,frame214.jpg,frame214,.jpg,39829,256,256,3,1.0,65536,RGB,124.09919738769531,52.72685451551187,3426.123543228954,3426.123543228954,7.563150882720947,3b75676c5a0d359bb5403a39083b270e,a1697d1694cca7e2,data\raw\dataset_A\pics_re1\pics_re1\frame214.jpg
dataset_A,frame215.jpg,frame215,.jpg,30589,256,256,3,1.0,65536,RGB,111.4425048828125,38.04799699930544,1522.6061415588483,1522.6061415588483,6.565977096557617,6e3c135eaa9f56085d5b9aed8969507f,fcfca1426cbdd060,data\raw\dataset_A\pics_re1\pics_re1\frame215.jpg
dataset_A,frame216.jpg,frame216,.jpg,38438,256,256,3,1.0,65536,RGB,156.3258514404297,44.2871466187291,2843.469932130538,2843.469932130538,7.176138877868652,0cc25d99fc7c50bfb6a46138ae92ebc6,dcc4b72b58dca720,data\raw\dataset_A\pics_re1\pics_re1\frame216.jpg
dataset_A,frame217.jpg,frame217,.jpg,40087,256,256,3,1.0,65536,RGB,115.39787292480469,50.36743841299729,5798.582381637534,5798.582381637534,7.4599385261535645,bcdf524249da559b4aee759be8a4252b,fb6943c7f7724080,data\raw\dataset_A\pics_re1\pics_re1\frame217.jpg
dataset_A,frame218.jpg,frame218,.jpg,37487,256,256,3,1.0,65536,RGB,104.73504638671875,46.996844140358206,5383.230024983874,5383.230024983874,7.323037624359131,b396487de5b0c4c59b37ab647681b4d4,9a787ce427b77081,data\raw\dataset_A\pics_re1\pics_re1\frame218.jpg
dataset_A,frame219.jpg,frame219,.jpg,36008,256,256,3,1.0,65536,RGB,128.89187622070312,45.878534553574255,5372.189805283211,5372.189805283211,7.177948951721191,3c0ce812af3c0cc69c74cd545c5368b6,8222287979991ffe,data\raw\dataset_A\pics_re1\pics_re1\frame219.jpg
dataset_A,frame22.jpg,frame22,.jpg,37108,256,256,3,1.0,65536,RGB,101.73680114746094,45.39188444274413,3375.504641553154,3375.504641553154,7.312573432922363,795ef43c03596b2316b6fc861b595115,d8e987a0a8d8dae3,data\raw\dataset_A\pics_re1\pics_re1\frame22.jpg
dataset_A,frame220.jpg,frame220,.jpg,35801,256,256,3,1.0,65536,RGB,114.68576049804688,44.59033712763905,5169.376477937913,5169.376477937913,7.16017484664917,d911b959f7f81159e18e99a36a5ed74f,8149696b7b73031f,data\raw\dataset_A\pics_re1\pics_re1\frame220.jpg
dataset_A,frame221.jpg,frame221,.jpg,46241,256,256,3,1.0,65536,RGB,116.83282470703125,53.63950141901036,8184.906401902204,8184.906401902204,7.652219295501709,0c0b5da69992b25a95cdeff53fce0921,f636c6c2be6cc848,data\raw\dataset_A\pics_re1\pics_re1\frame221.jpg
dataset_A,frame222.jpg,frame222,.jpg,43209,256,256,3,1.0,65536,RGB,115.42762756347656,50.53039795223169,6920.9181441885885,6920.9181441885885,7.506142616271973,5dff0a7a48b4d096870fd43ff4551a5e,8908fcb43627575b,data\raw\dataset_A\pics_re1\pics_re1\frame222.jpg
dataset_A,frame223.jpg,frame223,.jpg,40160,256,256,3,1.0,65536,RGB,109.25569152832031,46.29647626169374,4971.193831883138,4971.193831883138,7.399134159088135,a6ff97d5bedccee33703743e6f2f3770,93136c2e2e675b19,data\raw\dataset_A\pics_re1\pics_re1\frame223.jpg
dataset_A,frame224.jpg,frame224,.jpg,45690,256,256,3,1.0,65536,RGB,119.93891906738281,52.55309125162017,8208.049434295855,8208.049434295855,7.582818984985352,d05e4da11773ba159783b9da4c720e25,964f6f2960f29691,data\raw\dataset_A\pics_re1\pics_re1\frame224.jpg
dataset_A,frame225.jpg,frame225,.jpg,41925,256,256,3,1.0,65536,RGB,116.24211120605469,47.297031053186934,5406.429150415352,5406.429150415352,7.420348167419434,586d27fc26f3957030054f112623c2dc,9616c76b286cd476,data\raw\dataset_A\pics_re1\pics_re1\frame225.jpg
dataset_A,frame226.jpg,frame226,.jpg,37355,256,256,3,1.0,65536,RGB,107.89643859863281,44.10968532106141,3236.3249452076852,3236.3249452076852,7.234086990356445,6436debd9d1d2926613c75448232e96f,d2526f2f25c4527a,data\raw\dataset_A\pics_re1\pics_re1\frame226.jpg
dataset_A,frame227.jpg,frame227,.jpg,43889,256,256,3,1.0,65536,RGB,113.99789428710938,46.58015206990029,6443.023387968307,6443.023387968307,7.5086493492126465,bc6f5494e87272d23cb391090ce16cc1,b8184e6bb9aee388,data\raw\dataset_A\pics_re1\pics_re1\frame227.jpg
dataset_A,frame228.jpg,frame228,.jpg,43745,256,256,3,1.0,65536,RGB,113.88447570800781,45.06186854254034,6921.802720272681,6921.802720272681,7.403928756713867,8dca3e300d6f68c6cea6c3fae2034649,951d6a6a25d5f0e1,data\raw\dataset_A\pics_re1\pics_re1\frame228.jpg
dataset_A,frame229.jpg,frame229,.jpg,46116,256,256,3,1.0,65536,RGB,116.89471435546875,51.61267733853957,8196.607462541899,8196.607462541899,7.584095478057861,4dd5eaac9b7a94f69ae0ffc7a727655d,8d0c66f6b32969cc,data\raw\dataset_A\pics_re1\pics_re1\frame229.jpg
dataset_A,frame23.jpg,frame23,.jpg,35571,256,256,3,1.0,65536,RGB,85.32936096191406,65.89152719024815,2444.397684801137,2444.397684801137,7.699253559112549,c5031b10f676238fe69aa01dd4bc84ae,ffd682260c991b1b,data\raw\dataset_A\pics_re1\pics_re1\frame23.jpg
dataset_A,frame230.jpg,frame230,.jpg,46666,256,256,3,1.0,65536,RGB,118.35874938964844,51.83732224905695,7758.118076409912,7758.118076409912,7.545101165771484,91fa2db38b63f2ffc71e4f81637a48d7,b23a5bc8a0f2fa92,data\raw\dataset_A\pics_re1\pics_re1\frame230.jpg
dataset_A,frame24.jpg,frame24,.jpg,35245,256,256,3,1.0,65536,RGB,70.64456176757812,64.23621578821316,2437.724606357282,2437.724606357282,7.313265800476074,cf629156d86ca370865539b8fb115ad8,f0f59f30307063c7,data\raw\dataset_A\pics_re1\pics_re1\frame24.jpg
dataset_A,frame25.jpg,frame25,.jpg,37797,256,256,3,1.0,65536,RGB,65.53379821777344,52.14435920630288,2344.186692259973,2344.186692259973,7.361461639404297,e44fef3f37e53f4bd41322fb3e22dc79,86a6fb93c44c383b,data\raw\dataset_A\pics_re1\pics_re1\frame25.jpg
dataset_A,frame26.jpg,frame26,.jpg,38923,256,256,3,1.0,65536,RGB,145.55950927734375,70.44399162253814,5185.229579000734,5185.229579000734,7.559958457946777,40c8c109a34fe3aff576f3908f6fd009,f074b60b4b888f8f,data\raw\dataset_A\pics_re1\pics_re1\frame26.jpg
dataset_A,frame27.jpg,frame27,.jpg,39767,256,256,3,1.0,65536,RGB,128.0203399658203,56.12717464277457,4383.073833284667,4383.073833284667,7.480286121368408,31765a55e71d380a91c935babc45e083,f474f4024e9fb1e0,data\raw\dataset_A\pics_re1\pics_re1\frame27.jpg
dataset_A,frame28.jpg,frame28,.jpg,43146,256,256,3,1.0,65536,RGB,137.0227813720703,64.55737532358498,5906.7931397163775,5906.7931397163775,7.706621170043945,5930e72f6788093a41a69c1ec7af5d0c,cc0cce8b20e5deba,data\raw\dataset_A\pics_re1\pics_re1\frame28.jpg
dataset_A,frame29.jpg,frame29,.jpg,35691,256,256,3,1.0,65536,RGB,131.06491088867188,76.19139472141266,3269.072927415371,3269.072927415371,7.494663238525391,81a2121ffe6619d50f96d43e8bfb8708,83a3ab542d8dc637,data\raw\dataset_A\pics_re1\pics_re1\frame29.jpg
dataset_A,frame3.jpg,frame3,.jpg,35521,256,256,3,1.0,65536,RGB,78.57591247558594,47.62327726123789,2157.5530402623117,2157.5530402623117,7.356175899505615,21492f8ce349213669f16e04f5bee699,d69687a1031f9d9c,data\raw\dataset_A\pics_re1\pics_re1\frame3.jpg
dataset_A,frame30.jpg,frame30,.jpg,35471,256,256,3,1.0,65536,RGB,140.91636657714844,69.86972027100462,3651.6669029833283,3651.6669029833283,7.570887565612793,bbc8b0d60dbe351c67834c0f329cc1a4,90f68e0bc9a6cb8d,data\raw\dataset_A\pics_re1\pics_re1\frame30.jpg
dataset_A,frame31.jpg,frame31,.jpg,44541,256,256,3,1.0,65536,RGB,113.45433044433594,60.43729187556821,9611.598630532622,9611.598630532622,7.787799835205078,5f3a8907d6e80a069d917a4155aaa944,f6bebe42c13cc1a0,data\raw\dataset_A\pics_re1\pics_re1\frame31.jpg
dataset_A,frame32.jpg,frame32,.jpg,42765,256,256,3,1.0,65536,RGB,128.8589630126953,62.36949428746923,5459.193176522618,5459.193176522618,7.6517229080200195,df348363797dbbb8474354cba6e1ebfb,8d4ccd9f2a6a9615,data\raw\dataset_A\pics_re1\pics_re1\frame32.jpg
dataset_A,frame33.jpg,frame33,.jpg,41268,256,256,3,1.0,65536,RGB,147.54672241210938,60.732185035563646,4619.654745384119,4619.654745384119,7.53995943069458,bef4a13f611ee35a1cc880ced5f719bf,eb63e3a020ce1e3d,data\raw\dataset_A\pics_re1\pics_re1\frame33.jpg
dataset_A,frame34.jpg,frame34,.jpg,42043,256,256,3,1.0,65536,RGB,147.56411743164062,61.59854301841943,4699.647271260619,4699.647271260619,7.554634094238281,44f200cec673fc35896566395f6bb2ee,9f1fdab239878064,data\raw\dataset_A\pics_re1\pics_re1\frame34.jpg
dataset_A,frame35.jpg,frame35,.jpg,39888,256,256,3,1.0,65536,RGB,132.2999267578125,55.67062744176915,3497.9566561279353,3497.9566561279353,7.391778469085693,b009e85447b112ec20f00f975b53c7b6,da7afaba2c4e0921,data\raw\dataset_A\pics_re1\pics_re1\frame35.jpg
dataset_A,frame36.jpg,frame36,.jpg,41325,256,256,3,1.0,65536,RGB,140.07374572753906,62.420102322844905,4129.640371866291,4129.640371866291,7.555123329162598,da5c8ccbab67cba810f5e4ce32907572,b131d19a3c6d1d95,data\raw\dataset_A\pics_re1\pics_re1\frame36.jpg
dataset_A,frame37.jpg,frame37,.jpg,38172,256,256,3,1.0,65536,RGB,135.95697021484375,49.94791578250002,4596.955116830533,4596.955116830533,7.4318671226501465,db3ffd7592aa8e6428961ecdb4828565,d4d89b3944c0bf3c,data\raw\dataset_A\pics_re1\pics_re1\frame37.jpg
dataset_A,frame38.jpg,frame38,.jpg,41743,256,256,3,1.0,65536,RGB,139.11544799804688,45.31053412364827,4031.2275179175194,4031.2275179175194,7.297527313232422,9885010560389c10626fc50b706ed1f7,8587d3fa293896c6,data\raw\dataset_A\pics_re1\pics_re1\frame38.jpg
dataset_A,frame39.jpg,frame39,.jpg,37547,256,256,3,1.0,65536,RGB,111.65266418457031,44.75176360759986,3600.580868193647,3600.580868193647,7.032337188720703,4dc2374a7a8c06c6dd66cab3215f162a,c6c2c2c2f2f5558d,data\raw\dataset_A\pics_re1\pics_re1\frame39.jpg
dataset_A,frame4.jpg,frame4,.jpg,34878,256,256,3,1.0,65536,RGB,75.17745971679688,48.861964234160695,1544.955451026326,1544.955451026326,7.389779567718506,287b3968ca720b5c9622df061c810cab,ce8c8dbc183e3a33,data\raw\dataset_A\pics_re1\pics_re1\frame4.jpg
dataset_A,frame40.jpg,frame40,.jpg,45394,256,256,3,1.0,65536,RGB,120.15948486328125,51.66132826887212,6613.184445109218,6613.184445109218,7.6183929443359375,b250053cfa35c4097e60a877d31403e3,d7270ae278393b07,data\raw\dataset_A\pics_re1\pics_re1\frame40.jpg
dataset_A,frame41.jpg,frame41,.jpg,37377,256,256,3,1.0,65536,RGB,113.83587646484375,45.44799090642018,4805.676735586487,4805.676735586487,7.152576446533203,43e2ef9358ca184121b339d2babe35e3,c9e9c98389c8da73,data\raw\dataset_A\pics_re1\pics_re1\frame41.jpg
dataset_A,frame42.jpg,frame42,.jpg,41567,256,256,3,1.0,65536,RGB,122.11238098144531,56.16082739093804,7539.275047020754,7539.275047020754,7.537787914276123,d4b906c6dba245dceb0f69e341b724ab,e6e6c7a4ac2d6922,data\raw\dataset_A\pics_re1\pics_re1\frame42.jpg
dataset_A,frame43.jpg,frame43,.jpg,41722,256,256,3,1.0,65536,RGB,127.69906616210938,63.505364737526754,8943.40247823461,8943.40247823461,7.5829668045043945,2ccdc7f8c92c1ab7f7f43c095c88bc81,cec4cd8bda39431a,data\raw\dataset_A\pics_re1\pics_re1\frame43.jpg
dataset_A,frame44.jpg,frame44,.jpg,43994,256,256,3,1.0,65536,RGB,127.33456420898438,67.0849447066331,10727.537642827025,10727.537642827025,7.745456218719482,dd3363a27a7dfeb472b71b8b2727abab,fdc1c6d98b2e0952,data\raw\dataset_A\pics_re1\pics_re1\frame44.jpg
dataset_A,frame45.jpg,frame45,.jpg,43955,256,256,3,1.0,65536,RGB,119.36842346191406,61.249172085582614,7090.906826939434,7090.906826939434,7.7955241203308105,bafab1cf2d5481ce3be14ad073f563fa,f6c9c396a5405fb0,data\raw\dataset_A\pics_re1\pics_re1\frame45.jpg
dataset_A,frame46.jpg,frame46,.jpg,42393,256,256,3,1.0,65536,RGB,107.57745361328125,44.48858236283312,7917.511701283744,7917.511701283744,7.129058361053467,29c121de1ce937c9cddcf62925c2e3f5,afafa9b13504e8a8,data\raw\dataset_A\pics_re1\pics_re1\frame46.jpg
dataset_A,frame47.jpg,frame47,.jpg,45347,256,256,3,1.0,65536,RGB,119.62144470214844,57.808081733303695,11622.845029219985,11622.845029219985,7.56079626083374,9a81e64bc58522bdba87859364e392c5,b191d59147e6a4ad,data\raw\dataset_A\pics_re1\pics_re1\frame47.jpg
dataset_A,frame48.jpg,frame48,.jpg,45704,256,256,3,1.0,65536,RGB,113.43659973144531,50.00112983523951,5876.002918418497,5876.002918418497,7.593175888061523,a9160a663532b14e7fd59d5dffb74b66,957c52d6170733b1,data\raw\dataset_A\pics_re1\pics_re1\frame48.jpg
dataset_A,frame49.jpg,frame49,.jpg,43088,256,256,3,1.0,65536,RGB,109.4552001953125,51.00361208638423,3406.6304265027866,3406.6304265027866,7.613825798034668,d75f0765ac71b7ab0e8f03a483ffaff3,f637afc2d810164d,data\raw\dataset_A\pics_re1\pics_re1\frame49.jpg
dataset_A,frame5.jpg,frame5,.jpg,33649,256,256,3,1.0,65536,RGB,65.12687683105469,63.33607145276336,1648.0074150823057,1648.0074150823057,7.259951591491699,c21128f3c6fce1fadeb6845894d61569,9497cb8b898d8f32,data\raw\dataset_A\pics_re1\pics_re1\frame5.jpg
dataset_A,frame50.jpg,frame50,.jpg,45359,256,256,3,1.0,65536,RGB,119.58277893066406,64.92976798020375,8418.914336263202,8418.914336263202,7.8107099533081055,f3975d4d251481d5059a1be1d16acef6,b9b1b7e0db568103,data\raw\dataset_A\pics_re1\pics_re1\frame50.jpg
dataset_A,frame51.jpg,frame51,.jpg,44489,256,256,3,1.0,65536,RGB,95.3189697265625,57.60602517097568,6246.890903202584,6246.890903202584,7.648772239685059,52e271c54399d27d7138fc6546a9a602,f8fa3d04f0525e4a,data\raw\dataset_A\pics_re1\pics_re1\frame51.jpg
dataset_A,frame52.jpg,frame52,.jpg,40378,256,256,3,1.0,65536,RGB,86.1771240234375,49.34056570116704,3819.508971299976,3819.508971299976,7.361635208129883,d39c98276dd70bfbd15d71a14cba71c3,adbd0442dad8f343,data\raw\dataset_A\pics_re1\pics_re1\frame52.jpg
dataset_A,frame53.jpg,frame53,.jpg,47815,256,256,3,1.0,65536,RGB,109.97200012207031,52.11440421819651,7064.085588987917,7064.085588987917,7.673020839691162,c24464a3254c01c928d74df911571265,82678cb1a2accddd,data\raw\dataset_A\pics_re1\pics_re1\frame53.jpg
dataset_A,frame54.jpg,frame54,.jpg,34051,256,256,3,1.0,65536,RGB,113.6282958984375,47.91287737636675,5514.156042065471,5514.156042065471,7.539295196533203,807a7aae2019498eb8e5003db31e68ad,812f6eec2c0f4f0b,data\raw\dataset_A\pics_re1\pics_re1\frame54.jpg
dataset_A,frame55.jpg,frame55,.jpg,41587,256,256,3,1.0,65536,RGB,113.12078857421875,38.018577419046004,6483.231548249489,6483.231548249489,7.00583553314209,185062e903966c6c59dad63cb4e8e260,edada5d59585212a,data\raw\dataset_A\pics_re1\pics_re1\frame55.jpg
dataset_A,frame56.jpg,frame56,.jpg,38344,256,256,3,1.0,65536,RGB,113.95677185058594,38.47604428082427,4222.5846721977,4222.5846721977,6.9208269119262695,10eb78be01fafc52cd1be94815db33cc,b999d9db822614dc,data\raw\dataset_A\pics_re1\pics_re1\frame56.jpg
dataset_A,frame57.jpg,frame57,.jpg,39823,256,256,3,1.0,65536,RGB,121.18562316894531,49.550399383590545,5399.803602598375,5399.803602598375,7.467287540435791,70f675995f229f935e4b998570db564b,fdbfb434909007ac,data\raw\dataset_A\pics_re1\pics_re1\frame57.jpg
dataset_A,frame58.jpg,frame58,.jpg,43572,256,256,3,1.0,65536,RGB,121.971435546875,53.02790652431335,7471.59239153727,7471.59239153727,7.605916976928711,39a856eaa53994b0d78bcdaa4e9401c4,f5e1e17106ae5931,data\raw\dataset_A\pics_re1\pics_re1\frame58.jpg
dataset_A,frame59.jpg,frame59,.jpg,42389,256,256,3,1.0,65536,RGB,123.49296569824219,54.800458502025975,7053.776487938128,7053.776487938128,7.684513568878174,c9b0dd677fe688b6c0ceafa958f8110b,e5e3e70e089c256b,data\raw\dataset_A\pics_re1\pics_re1\frame59.jpg
dataset_A,frame6.jpg,frame6,.jpg,33999,256,256,3,1.0,65536,RGB,61.41780090332031,56.7776952970963,1763.8895111083984,1763.8895111083984,7.110588550567627,9dcf218e74165db98c9da2520cd92eee,93838e0e45657b7a,data\raw\dataset_A\pics_re1\pics_re1\frame6.jpg
dataset_A,frame60.jpg,frame60,.jpg,45273,256,256,3,1.0,65536,RGB,117.61000061035156,51.90175723672806,8707.986807198962,8707.986807198962,7.673520088195801,40f784ad7aa22fc5af042a67acc0ca63,fafcf420629ccc68,data\raw\dataset_A\pics_re1\pics_re1\frame60.jpg
dataset_A,frame61.jpg,frame61,.jpg,44685,256,256,3,1.0,65536,RGB,126.67080688476562,57.51434173689236,8474.530590235954,8474.530590235954,7.739315032958984,b5c85aec4ccc08e2dfe2af8b93c389db,c892c2e2d99c97ea,data\raw\dataset_A\pics_re1\pics_re1\frame61.jpg
dataset_A,frame62.jpg,frame62,.jpg,45480,256,256,3,1.0,65536,RGB,128.97569274902344,60.91397711535579,8731.43221181049,8731.43221181049,7.788790702819824,2b8009bf51fbcbc78b8958b5e3463e30,f9b9496583d89a1a,data\raw\dataset_A\pics_re1\pics_re1\frame62.jpg
dataset_A,frame63.jpg,frame63,.jpg,42811,256,256,3,1.0,65536,RGB,125.04237365722656,58.46466057698747,6315.70204887446,6315.70204887446,7.731684684753418,0fb32d1055dd6352aa2ff3e71782c09a,d0d889e9d889e1f3,data\raw\dataset_A\pics_re1\pics_re1\frame63.jpg
dataset_A,frame64.jpg,frame64,.jpg,43797,256,256,3,1.0,65536,RGB,118.79341125488281,56.122430754646736,6359.973636137089,6359.973636137089,7.732876777648926,01ef6dc335083974478714e827416f3e,e0d1e16687ecf8d0,data\raw\dataset_A\pics_re1\pics_re1\frame64.jpg
dataset_A,frame65.jpg,frame65,.jpg,40287,256,256,3,1.0,65536,RGB,124.34904479980469,55.91049188140015,4831.206448174082,4831.206448174082,7.727370262145996,30919fbeef8d5b77935865d9078afd4d,cac8d074c5c3c5ee,data\raw\dataset_A\pics_re1\pics_re1\frame65.jpg
dataset_A,frame66.jpg,frame66,.jpg,41853,256,256,3,1.0,65536,RGB,118.47770690917969,53.91434317499155,5320.668708636425,5320.668708636425,7.729426383972168,8240b12c57e39ea409077d602c8c7100,dfba6063858e4c5a,data\raw\dataset_A\pics_re1\pics_re1\frame66.jpg
dataset_A,frame67.jpg,frame67,.jpg,40571,256,256,3,1.0,65536,RGB,120.24185180664062,54.021284733305144,4332.247782282298,4332.247782282298,7.741270065307617,3f98a0c1da2aae63e1e2cff2c9db0edb,8f1e733387063cf0,data\raw\dataset_A\pics_re1\pics_re1\frame67.jpg
dataset_A,frame68.jpg,frame68,.jpg,40690,256,256,3,1.0,65536,RGB,126.94798278808594,58.193550711230564,5320.040140134981,5320.040140134981,7.776647567749023,67d74026971d4fd38c029812457008f6,d088e87095ceeef4,data\raw\dataset_A\pics_re1\pics_re1\frame68.jpg
dataset_A,frame69.jpg,frame69,.jpg,32878,256,256,3,1.0,65536,RGB,125.15834045410156,50.70381113224897,2378.6762218268123,2378.6762218268123,7.516458511352539,ae3a1b85455a90805e995293aaa118f6,f9f8173f282484f8,data\raw\dataset_A\pics_re1\pics_re1\frame69.jpg
dataset_A,frame7.jpg,frame7,.jpg,37472,256,256,3,1.0,65536,RGB,64.92532348632812,58.73122005634633,2385.2699541961774,2385.2699541961774,7.167539119720459,930915555a3ca59da31fcadf3574480d,9696869e4e47752c,data\raw\dataset_A\pics_re1\pics_re1\frame7.jpg
dataset_A,frame70.jpg,frame70,.jpg,40544,256,256,3,1.0,65536,RGB,110.33407592773438,49.358903833647624,6523.967439925065,6523.967439925065,7.599179267883301,d8330d7e72f5832153229e59d0e098f9,c40e577e3e94c0f4,data\raw\dataset_A\pics_re1\pics_re1\frame70.jpg
dataset_A,frame71.jpg,frame71,.jpg,38227,256,256,3,1.0,65536,RGB,112.15684509277344,46.24006352913452,5022.602017864585,5022.602017864585,7.483336925506592,248cf6800d7f0a53bec94ab8fba7ae41,e120273babf27ca8,data\raw\dataset_A\pics_re1\pics_re1\frame71.jpg
dataset_A,frame72.jpg,frame72,.jpg,44027,256,256,3,1.0,65536,RGB,121.7275390625,54.83670479498118,6270.064985261997,6270.064985261997,7.745028972625732,92a9db777f33e27f98ab3668c1834fee,d717896a368e0e78,data\raw\dataset_A\pics_re1\pics_re1\frame72.jpg
dataset_A,frame73.jpg,frame73,.jpg,40485,256,256,3,1.0,65536,RGB,117.58355712890625,52.310807386961066,4619.152732118964,4619.152732118964,7.602652549743652,aad908ec76dc9c28630a4f5e6f211feb,f830851b09c1ff2f,data\raw\dataset_A\pics_re1\pics_re1\frame73.jpg
dataset_A,frame74.jpg,frame74,.jpg,43419,256,256,3,1.0,65536,RGB,129.35414123535156,57.92584720182261,6055.518454130739,6055.518454130739,7.708663463592529,c48eb7f59d80fbfabc80189f5d008b8c,ce1599ea7815894f,data\raw\dataset_A\pics_re1\pics_re1\frame74.jpg
dataset_A,frame75.jpg,frame75,.jpg,42102,256,256,3,1.0,65536,RGB,116.48770141601562,53.60237751816892,5537.895721063018,5537.895721063018,7.650774002075195,b04cbd53807bb2973b80b8a3d8f94bc2,c800d77f3e97e250,data\raw\dataset_A\pics_re1\pics_re1\frame75.jpg
dataset_A,frame76.jpg,frame76,.jpg,42561,256,256,3,1.0,65536,RGB,113.15254211425781,50.03182184948078,5549.914381727343,5549.914381727343,7.565114974975586,e279f98e5e2b907fdefe3725b3a02441,f070d53f1fc028ba,data\raw\dataset_A\pics_re1\pics_re1\frame76.jpg
dataset_A,frame77.jpg,frame77,.jpg,40379,256,256,3,1.0,65536,RGB,139.57496643066406,56.65173674543886,4842.053346066736,4842.053346066736,7.6300506591796875,3bd5ef1b3253c94c43cb5dd4c37de3fd,8b9e5e6b31303a2d,data\raw\dataset_A\pics_re1\pics_re1\frame77.jpg
dataset_A,frame78.jpg,frame78,.jpg,37742,256,256,3,1.0,65536,RGB,150.93496704101562,62.65842577629184,3703.5283285246696,3703.5283285246696,7.607485771179199,8e247a740aa227bc8b9076d8b27ba206,8786434f3e1e4f4a,data\raw\dataset_A\pics_re1\pics_re1\frame78.jpg
dataset_A,frame79.jpg,frame79,.jpg,41105,256,256,3,1.0,65536,RGB,116.53170776367188,54.54386104390399,4853.385694881668,4853.385694881668,7.676745891571045,19c95c6c51a755e2593e9d4f51db7a6c,ea55d3f670c0e033,data\raw\dataset_A\pics_re1\pics_re1\frame79.jpg
dataset_A,frame8.jpg,frame8,.jpg,39495,256,256,3,1.0,65536,RGB,73.58592224121094,65.61089159308803,3439.8421404799446,3439.8421404799446,7.4405436515808105,06f37f48a0b78666ed635d19d974e1ed,b79193d284637077,data\raw\dataset_A\pics_re1\pics_re1\frame8.jpg
dataset_A,frame80.jpg,frame80,.jpg,40762,256,256,3,1.0,65536,RGB,114.96934509277344,52.67975490410102,5477.521083340049,5477.521083340049,7.64565896987915,c48d45d8e51f8a93f06f21a9f8c491ac,d294f57390c2279e,data\raw\dataset_A\pics_re1\pics_re1\frame80.jpg
dataset_A,frame81.jpg,frame81,.jpg,41203,256,256,3,1.0,65536,RGB,111.61331176757812,51.79364569537404,5623.7580848576035,5623.7580848576035,7.576725006103516,f4444fae9f8d6757ed4e7b4ba488324f,ce8cfce3c6442cc6,data\raw\dataset_A\pics_re1\pics_re1\frame81.jpg
dataset_A,frame82.jpg,frame82,.jpg,43310,256,256,3,1.0,65536,RGB,117.81843566894531,47.97221819296716,5803.120913250139,5803.120913250139,7.577754497528076,0f5e7c6184826beb03b8f17aba74e0cd,a7dd6b40993e8135,data\raw\dataset_A\pics_re1\pics_re1\frame82.jpg
dataset_A,frame83.jpg,frame83,.jpg,44388,256,256,3,1.0,65536,RGB,109.80731201171875,52.43291652300779,6173.372007932514,6173.372007932514,7.683916091918945,714144c28c38c6903e747b7d570b659f,d28aaa7ad2609b9e,data\raw\dataset_A\pics_re1\pics_re1\frame83.jpg
dataset_A,frame84.jpg,frame84,.jpg,43405,256,256,3,1.0,65536,RGB,104.79579162597656,49.67530284638845,6517.57229911699,6517.57229911699,7.594781875610352,9be173dc3f13f9ee3eb63b88122a534b,cf8ffc60a545b80c,data\raw\dataset_A\pics_re1\pics_re1\frame84.jpg
dataset_A,frame85.jpg,frame85,.jpg,47285,256,256,3,1.0,65536,RGB,118.67855834960938,53.90092966699708,7472.397345952457,7472.397345952457,7.72807502746582,a570b30f27d0101bbbd7cc3d68d04ddc,baff8126c2941fc8,data\raw\dataset_A\pics_re1\pics_re1\frame85.jpg
dataset_A,frame86.jpg,frame86,.jpg,37552,256,256,3,1.0,65536,RGB,110.10366821289062,59.64645641742301,3720.473838833859,3720.473838833859,7.720590114593506,3ad9130064c4439af14e7c35fe8f6aa1,a3f4f420213dd567,data\raw\dataset_A\pics_re1\pics_re1\frame86.jpg
dataset_A,frame87.jpg,frame87,.jpg,37324,256,256,3,1.0,65536,RGB,120.82243347167969,54.28619564748522,4122.45804324653,4122.45804324653,7.487305641174316,a6e7e80e431c0cacf20cdfd430aea2ad,a482c23f3f83c1d7,data\raw\dataset_A\pics_re1\pics_re1\frame87.jpg
dataset_A,frame88.jpg,frame88,.jpg,44439,256,256,3,1.0,65536,RGB,117.47491455078125,58.45857229419237,11040.413575937739,11040.413575937739,7.633993148803711,76943ef6ce2099504851f1d672ad8eb2,cb5b507c6ca4d25a,data\raw\dataset_A\pics_re1\pics_re1\frame88.jpg
dataset_A,frame89.jpg,frame89,.jpg,42950,256,256,3,1.0,65536,RGB,118.236328125,57.99539557629155,9195.863349962747,9195.863349962747,7.629912376403809,b3d2b2e4a71babb2ce678306d0172d70,c94b525c6cb4d34b,data\raw\dataset_A\pics_re1\pics_re1\frame89.jpg
dataset_A,frame9.jpg,frame9,.jpg,37390,256,256,3,1.0,65536,RGB,70.40574645996094,56.481584339003966,2168.2908493839204,2168.2908493839204,7.4431047439575195,3433633989ad8a6bd27f3a882ab17037,bb981b3b77616482,data\raw\dataset_A\pics_re1\pics_re1\frame9.jpg
dataset_A,frame90.jpg,frame90,.jpg,45095,256,256,3,1.0,65536,RGB,121.88211059570312,57.73320617717812,8601.65102372854,8601.65102372854,7.687746524810791,584627b84ebdff9cdf67cdcabb72ec17,f0385c956357d4d4,data\raw\dataset_A\pics_re1\pics_re1\frame90.jpg
dataset_A,frame91.jpg,frame91,.jpg,44520,256,256,3,1.0,65536,RGB,115.66291809082031,64.1846701556427,8217.001334130764,8217.001334130764,7.752478122711182,95d975a55a45dd04a140a69fa3905741,bf47863878843771,data\raw\dataset_A\pics_re1\pics_re1\frame91.jpg
dataset_A,frame92.jpg,frame92,.jpg,43703,256,256,3,1.0,65536,RGB,118.91615295410156,64.97025642771656,7405.941408738494,7405.941408738494,7.719813346862793,b7674055cbf197ef5661ff0be8ba53ad,d562e1a52fc39172,data\raw\dataset_A\pics_re1\pics_re1\frame92.jpg
dataset_A,frame93.jpg,frame93,.jpg,40094,256,256,3,1.0,65536,RGB,117.09611511230469,61.69567601351872,6389.232555326074,6389.232555326074,7.485065937042236,3d24d00fe02c3039fb13558b4b2ab02d,956aca4888979e7e,data\raw\dataset_A\pics_re1\pics_re1\frame93.jpg
dataset_A,frame94.jpg,frame94,.jpg,37332,256,256,3,1.0,65536,RGB,136.7183837890625,59.046894703251304,4782.154425557703,4782.154425557703,7.681766510009766,a32e05b761cd9b61129490c24c38653a,c07e3f80b97c68c5,data\raw\dataset_A\pics_re1\pics_re1\frame94.jpg
dataset_A,frame95.jpg,frame95,.jpg,41871,256,256,3,1.0,65536,RGB,117.54653930664062,53.80722109398152,9760.906285417965,9760.906285417965,7.516742706298828,ddf40f87a36e2894d65a5752debb9dd2,c07b87901f1eb0f9,data\raw\dataset_A\pics_re1\pics_re1\frame95.jpg
dataset_A,frame96.jpg,frame96,.jpg,47414,256,256,3,1.0,65536,RGB,112.51634216308594,54.56920387674993,12765.53304525814,12765.53304525814,7.512117862701416,cfeebcd2e665f305d819a71f273e281a,f645e97496a629c1,data\raw\dataset_A\pics_re1\pics_re1\frame96.jpg
dataset_A,frame97.jpg,frame97,.jpg,36713,256,256,3,1.0,65536,RGB,111.34432983398438,53.684701525967576,3182.9524218207225,3182.9524218207225,7.628573417663574,8b322ae4a33cc47309de0b67c253c58a,e0809cfe8f6ab01f,data\raw\dataset_A\pics_re1\pics_re1\frame97.jpg
dataset_A,frame98.jpg,frame98,.jpg,47005,256,256,3,1.0,65536,RGB,120.18804931640625,59.03655035100863,9490.852654442191,9490.852654442191,7.744362831115723,7db9d9c77b9e67f12255816b5e45898c,8c04918f1e9cb9fd,data\raw\dataset_A\pics_re1\pics_re1\frame98.jpg
dataset_A,frame99.jpg,frame99,.jpg,49675,256,256,3,1.0,65536,RGB,116.77804565429688,56.33617658898151,13669.5859365426,13669.5859365426,7.699206352233887,11c4226e69a0fb43e39236e7ef5441da,bf2fc5507814d6b0,data\raw\dataset_A\pics_re1\pics_re1\frame99.jpg
dataset_B,0001.jpg,0001,.jpg,66497,720,734,3,0.980926,528480,RGB,124.8916193611868,43.30869324268014,389.1792928667306,389.1792928667306,7.203831195831299,fb5cf5572e859ee8a5a37984e3ad3415,e1169fa89ef77080,data\raw\dataset_B\EALPR Vechicles dataset\Vehicles\0001.jpg
dataset_B,0002.jpg,0002,.jpg,68194,640,480,3,1.333333,307200,RGB,130.40163736979167,61.610276136162774,1841.1649734998914,1841.1649734998914,7.835220813751221,49019b7b7adf9aaae83620a92bd8f766,b71f0d4dd3c9e084,data\raw\dataset_B\EALPR Vechicles dataset\Vehicles\0002.jpg
dataset_B,0003.jpg,0003,.jpg,62728,480,640,3,0.75,307200,RGB,125.2741015625,68.47574757791453,1932.6734262894947,1932.6734262894947,7.869226455688477,d968ef924c439fc158df547afcd4dd30,eda59f5fc28a3880,data\raw\dataset_B\EALPR Vechicles dataset\Vehicles\0003.jpg
dataset_B,0004.jpg,0004,.jpg,71660,720,960,3,0.75,691200,RGB,146.5954470486111,50.54828253552703,1138.6006350115742,1138.6006350115742,7.059732437133789,0193bf528da1f386615092db06a18b94,e43fc0df1e4a6834,data\raw\dataset_B\EALPR Vechicles dataset\Vehicles\0004.jpg
dataset_B,0005.jpg,0005,.jpg,98033,960,720,3,1.333333,691200,RGB,129.0946267361111,54.139999055674224,1234.0962610113932,1234.0962610113932,7.611720561981201,05f4717a092f4e51b3b53f500ab64c3f,ed278f8e8e998681,data\raw\dataset_B\EALPR Vechicles dataset\Vehicles\0005.jpg
dataset_B,0006.jpg,0006,.jpg,116499,960,720,3,1.333333,691200,RGB,143.32634693287036,62.43946101121899,2158.8410556568206,2158.8410556568206,7.743418216705322,48dc94b3bf8282cbdc21d79b58e1e850,e9c35331bab09371,data\raw\dataset_B\EALPR Vechicles dataset\Vehicles\0006.jpg
dataset_B,0007.jpg,0007,.jpg,75597,960,720,3,1.333333,691200,RGB,159.35474103009258,52.20037789608135,2158.1532204844702,2158.1532204844702,7.451437950134277,185b179b29f1617476283d59a9083c09,e4de239989a9c565,data\raw\dataset_B\EALPR Vechicles dataset\Vehicles\0007.jpg
dataset_B,0008.jpg,0008,.jpg,99845,454,960,3,0.472917,435840,RGB,157.52721411527165,64.68449377823413,521.1034507983495,521.1034507983495,7.19527006149292,493a35cc8403dbde92b0a8d84afa9226,e4c0c9a393b27c7a,data\raw\dataset_B\EALPR Vechicles dataset\Vehicles\0008.jpg
dataset_B,0009.jpg,0009,.jpg,9943,240,480,3,0.5,115200,RGB,141.24967881944445,79.34955505809516,226.84470941358023,226.84470941358023,6.883954048156738,b265796c2f86ac21ded4a022305c232d,aad5aed5d12a462a,data\raw\dataset_B\EALPR Vechicles dataset\Vehicles\0009.jpg
dataset_B,0010.jpg,0010,.jpg,55572,432,960,3,0.45,414720,RGB,125.68519965277778,46.23898855287195,644.7811420452651,644.7811420452651,7.423643112182617,2ad2a3e8b6df56dbe2fac4b7a2d0ed41,8a85c3d26d7f160d,data\raw\dataset_B\EALPR Vechicles dataset\Vehicles\0010.jpg
dataset_B,0011.jpg,0011,.jpg,61829,720,960,3,0.75,691200,RGB,121.19397424768519,50.11921459037029,328.3316038012846,328.3316038012846,7.229745864868164,694d28f3cceb34f8af45a51e967ae2ad,da4a616084c76bbf,data\raw\dataset_B\EALPR Vechicles dataset\Vehicles\0011.jpg
dataset_B,0012.jpg,0012,.jpg,56361,443,960,3,0.461458,425280,RGB,126.7990429834462,67.07864623965824,572.2823290079531,572.2823290079531,7.227606773376465,bc7991e8b1fc065758559c2361ddd1b6,a9e0c69ed7d5282a,data\raw\dataset_B\EALPR Vechicles dataset\Vehicles\0012.jpg
dataset_B,0013.jpg,0013,.jpg,144002,720,960,3,0.75,691200,RGB,126.67516637731481,65.47699482614088,891.687471158243,891.687471158243,7.827057838439941,37245b0b3b11b218935b827ffe923d5f,edd782293b5e3430,data\raw\dataset_B\EALPR Vechicles dataset\Vehicles\0013.jpg
dataset_B,0014.jpg,0014,.jpg,55321,540,960,3,0.5625,518400,RGB,120.07564429012346,59.83585784169262,599.3721120779951,599.3721120779951,7.470033645629883,0cb0f14df7932479ddf19e7856dd830b,eae1ef6eeac2c080,data\raw\dataset_B\EALPR Vechicles dataset\Vehicles\0014.jpg
dataset_B,0015.jpg,0015,.jpg,58630,540,960,3,0.5625,518400,RGB,113.79780478395061,50.8748923221675,825.2949444824889,825.2949444824889,7.497249603271484,23ad50446e990c099c9a2a199b665626,a13f5a6b85646ca6,data\raw\dataset_B\EALPR Vechicles dataset\Vehicles\0015.jpg
dataset_B,0016.jpg,0016,.jpg,186407,960,720,3,1.333333,691200,RGB,88.73260706018519,49.67667060972977,2725.90257029321,2725.90257029321,7.523597240447998,9dfbad48020498493d24defbf9ff87fa,e48e47bca6f0d813,data\raw\dataset_B\EALPR Vechicles dataset\Vehicles\0016.jpg
dataset_B,0017.jpg,0017,.jpg,118424,720,960,3,0.75,691200,RGB,126.21155381944445,54.825995495006886,1042.6617934111418,1042.6617934111418,7.634240627288818,eab8e1994c5deb5375e4b17a28c423d7,e5969e6a8ea4843d,data\raw\dataset_B\EALPR Vechicles dataset\Vehicles\0017.jpg
dataset_B,0018.jpg,0018,.jpg,74043,432,960,3,0.45,414720,RGB,130.67459731867285,55.661401764332595,1544.7446588449895,1544.7446588449895,7.1505126953125,0641d00220b281138dd1c18ace44a728,8d1d959d0a82e66f,data\raw\dataset_B\EALPR Vechicles dataset\Vehicles\0018.jpg
dataset_B,0019.jpg,0019,.jpg,67362,432,960,3,0.45,414720,RGB,139.35325761959876,64.3975514425607,825.816781576651,825.816781576651,7.447271347045898,710b6eedbd25f11dca0dfb774ade4362,eb8391b09ec4656d,data\raw\dataset_B\EALPR Vechicles dataset\Vehicles\0019.jpg
dataset_B,0020.jpg,0020,.jpg,49307,960,444,3,2.162162,426240,RGB,42.08018487237237,47.554829501716156,623.5603356823125,623.5603356823125,6.620381832122803,603d47102ad7d2762573a589126b8c38,c8533c35c8c9f39c,data\raw\dataset_B\EALPR Vechicles dataset\Vehicles\0020.jpg
dataset_B,0021.jpg,0021,.jpg,139181,960,720,3,1.333333,691200,RGB,125.62905526620371,78.24893669297276,1510.8411834489987,1510.8411834489987,7.647283554077148,c0c66653fd4cb570d1dcb816a9dabdd8,83bc3cc3c9cf6530,data\raw\dataset_B\EALPR Vechicles dataset\Vehicles\0021.jpg
dataset_B,0022.jpg,0022,.jpg,67458,720,960,3,0.75,691200,RGB,112.87694299768519,48.664611830854994,555.1135459975484,555.1135459975484,7.269815444946289,597289e9929f9347e23f85def51849aa,d7d38a83d8743478,data\raw\dataset_B\EALPR Vechicles dataset\Vehicles\0022.jpg
dataset_B,0023.jpg,0023,.jpg,65937,720,960,3,0.75,691200,RGB,110.72620225694445,53.84206425709252,850.2251718885447,850.2251718885447,7.482422828674316,b3935796056a06c9f45e982af67bcc07,87c258947a6a7a5d,data\raw\dataset_B\EALPR Vechicles dataset\Vehicles\0023.jpg
dataset_B,0024.jpg,0024,.jpg,83994,720,960,3,0.75,691200,RGB,106.39661458333333,42.44964630215242,791.1715080430752,791.1715080430752,7.086440086364746,7f836cb1fb2268316ecb5a68cf215713,d7d7838383cacac2,data\raw\dataset_B\EALPR Vechicles dataset\Vehicles\0024.jpg
dataset_B,0025.jpg,0025,.jpg,75042,576,960,3,0.6,552960,RGB,127.60907841435186,58.80711068747368,1112.6094074078546,1112.6094074078546,7.7330708503723145,55a8ff68eeb8eb8be469bc0e0943d554,ef8135af82ad2992,data\raw\dataset_B\EALPR Vechicles dataset\Vehicles\0025.jpg
dataset_B,0026.jpg,0026,.jpg,69757,960,720,3,1.333333,691200,RGB,121.71746672453703,68.6534600164358,534.8900923401611,534.8900923401611,7.713334083557129,75cfa7bbf6c8e46194828cd56e067a6b,add77a2897dc8a20,data\raw\dataset_B\EALPR Vechicles dataset\Vehicles\0026.jpg
dataset_B,0027.jpg,0027,.jpg,67000,960,720,3,1.333333,691200,RGB,129.68306568287036,77.42792425571248,755.4220412131959,755.4220412131959,7.601893901824951,d79e59dff6a37fbfa0073c35bcb36b2d,d03f8bc2823df2b1,data\raw\dataset_B\EALPR Vechicles dataset\Vehicles\0027.jpg
dataset_B,0028.jpg,0028,.jpg,69550,960,720,3,1.333333,691200,RGB,123.80385561342592,69.4102107917827,502.6252531345111,502.6252531345111,7.706393241882324,628b90983f9d2216a75f45321e02493d,add77a1897dc8a20,data\raw\dataset_B\EALPR Vechicles dataset\Vehicles\0028.jpg
dataset_B,0029.jpg,0029,.jpg,86615,720,960,3,0.75,691200,RGB,107.04854890046296,42.63179082440084,871.959188777435,871.959188777435,7.132789611816406,50d9a394b2fe3e27ba1d9dc3d8482e31,d7d78303a3cacac2,data\raw\dataset_B\EALPR Vechicles dataset\Vehicles\0029.jpg
dataset_B,0030.jpg,0030,.jpg,67458,720,960,3,0.75,691200,RGB,112.87694299768519,48.664611830854994,555.1135459975484,555.1135459975484,7.269815444946289,6a69b67253b7b2d25b6b21eb0f00129e,d7d38a83d8743478,data\raw\dataset_B\EALPR Vechicles dataset\Vehicles\0030.jpg
dataset_B,0031.jpg,0031,.jpg,65937,720,960,3,0.75,691200,RGB,110.72620225694445,53.84206425709252,850.2251718885447,850.2251718885447,7.482422828674316,0100e2397f1d12ff49a68b7a125d7b78,87c258947a6a7a5d,data\raw\dataset_B\EALPR Vechicles dataset\Vehicles\0031.jpg
dataset_B,0032.jpg,0032,.jpg,71147,960,720,3,1.333333,691200,RGB,100.41769820601851,77.17176129182423,399.35047074277696,399.35047074277696,7.386322975158691,69e2ea03be1b36d7ad01c50c84c2d404,c9d0f0b0838fde33,data\raw\dataset_B\EALPR Vechicles dataset\Vehicles\0032.jpg
dataset_B,0033.jpg,0033,.jpg,60399,960,720,3,1.333333,691200,RGB,104.8131495949074,77.3610918650547,321.8682233792194,321.8682233792194,7.419943332672119,e3dfffbb046e4b5692b8519b8d7da539,8785a1c2e17913df,data\raw\dataset_B\EALPR Vechicles dataset\Vehicles\0033.jpg
dataset_B,0034.jpg,0034,.jpg,100682,842,842,3,1.0,708964,RGB,102.05585756117377,40.22367761844873,86.08242654372728,86.08242654372728,7.0255608558654785,30b8bb72f968ae92f46ad21933c3160e,f841936cf1098ede,data\raw\dataset_B\EALPR Vechicles dataset\Vehicles\0034.jpg
dataset_B,0035.jpg,0035,.jpg,255490,1080,1350,3,0.8,1458000,RGB,99.25086419753086,61.95891359502629,555.2581849050558,555.2581849050558,7.803130149841309,db76c5c2fb4a8590738a067c39820c2f,fc84a519835b5376,data\raw\dataset_B\EALPR Vechicles dataset\Vehicles\0035.jpg
dataset_B,0036.jpg,0036,.jpg,66025,720,960,3,0.75,691200,RGB,77.22017939814815,63.058278101456224,598.2371132804943,598.2371132804943,7.320718288421631,690c5d63b83bce43bff1bdbb2a541087,a9a52e2ad4cb695a,data\raw\dataset_B\EALPR Vechicles dataset\Vehicles\0036.jpg
dataset_B,0037.jpg,0037,.jpg,54989,960,720,3,1.333333,691200,RGB,67.53120659722222,67.36326302627003,586.720386273568,586.720386273568,7.274252891540527,6f449cae7c4245d7d48c537f6139d3ab,bf4078af82646ad5,data\raw\dataset_B\EALPR Vechicles dataset\Vehicles\0037.jpg
dataset_B,0038.jpg,0038,.jpg,126403,1080,1080,3,1.0,1166400,RGB,130.33161522633745,56.85194218653785,143.7413707653982,143.7413707653982,6.949681282043457,3c5225f2852d1ca5db6af42da0b05ae1,e1809e7ca9a362de,data\raw\dataset_B\EALPR Vechicles dataset\Vehicles\0038.jpg
dataset_B,0039.jpg,0039,.jpg,97218,825,825,3,1.0,680625,RGB,83.3661002754821,35.071506924465716,116.18059742789019,116.18059742789019,6.798879623413086,c7bdccf3e388af88fbe8fb152a446dbb,eb2884db9be51895,data\raw\dataset_B\EALPR Vechicles dataset\Vehicles\0039.jpg
dataset_B,0040.jpg,0040,.jpg,162479,937,1171,3,0.800171,1097227,RGB,86.27692811059151,53.605947853787114,177.34424646923304,177.34424646923304,7.29599666595459,e1fc9d48796882ed81fddb0a9acf1ab8,b97c867089b9f486,data\raw\dataset_B\EALPR Vechicles dataset\Vehicles\0040.jpg
dataset_B,0041.jpg,0041,.jpg,62752,720,461,3,1.561822,331920,RGB,78.7834960231381,70.8978501977552,313.5971179891587,313.5971179891587,7.382913589477539,7f3a599ec535a59fffbaea8c36f51b56,dc07723f488e95cc,data\raw\dataset_B\EALPR Vechicles dataset\Vehicles\0041.jpg
dataset_B,0042.jpg,0042,.jpg,44812,562,421,3,1.334917,236602,RGB,75.49312769968132,34.24943788234103,835.1874209904477,835.1874209904477,6.785586357116699,e9e950889ed956859fbddfa904fb85d2,eeee57c64ac20705,data\raw\dataset_B\EALPR Vechicles dataset\Vehicles\0042.jpg
dataset_B,0043.jpg,0043,.jpg,97514,768,768,3,1.0,589824,RGB,65.01985507541232,46.52560788849667,823.6817180703705,823.6817180703705,6.996230125427246,cf257435d918bf8b2ef960059846c6ef,b864f4b46ed99134,data\raw\dataset_B\EALPR Vechicles dataset\Vehicles\0043.jpg
dataset_B,0044.jpg,0044,.jpg,100174,834,626,3,1.332268,522084,RGB,120.26261674366577,60.051478842225556,871.4845990532806,871.4845990532806,7.6973700523376465,193296597359d826c38532522babf046,f88583f2e1b1e46a,data\raw\dataset_B\EALPR Vechicles dataset\Vehicles\0044.jpg
dataset_B,0045.jpg,0045,.jpg,36385,342,342,3,1.0,116964,RGB,71.01461988304094,60.48606177594274,1380.286276567082,1380.286276567082,7.352473735809326,a2c28974c8e91c9ec44b42e8131e29b2,854bce6f8125de16,data\raw\dataset_B\EALPR Vechicles dataset\Vehicles\0045.jpg
dataset_B,0046.jpg,0046,.jpg,86455,765,765,3,1.0,585225,RGB,83.19552821564356,62.487541243225806,133.26307275978937,133.26307275978937,7.497392654418945,dccc727e3ad29f709e9546a887ab9098,8504ba2b27e54edb,data\raw\dataset_B\EALPR Vechicles dataset\Vehicles\0046.jpg
dataset_B,0047.jpg,0047,.jpg,41209,516,387,3,1.333333,199692,RGB,144.85933337339503,69.87593877347398,1181.8374597297232,1181.8374597297232,7.84783411026001,18854b6fbd4bd3d9fb9f6a88e966b54d,f9a78718cac2d8d8,data\raw\dataset_B\EALPR Vechicles dataset\Vehicles\0047.jpg
dataset_B,0048.jpg,0048,.jpg,141238,1032,1290,3,0.8,1331280,RGB,73.9403979628628,36.84951273306626,63.73391997491656,63.73391997491656,6.774604320526123,bfdd30adc61dbe79cd64b1a0e1fa8b41,a82e33f5f58c4872,data\raw\dataset_B\EALPR Vechicles dataset\Vehicles\0048.jpg
dataset_B,0049.jpg,0049,.jpg,113197,1080,1080,3,1.0,1166400,RGB,56.41901491769547,35.96766011001491,41.71620185185186,41.71620185185186,6.828880310058594,affe033373b38a3a94b9f1c253136aef,9c7c01899172defc,data\raw\dataset_B\EALPR Vechicles dataset\Vehicles\0049.jpg
dataset_B,0050.jpg,0050,.jpg,146695,1080,1351,3,0.799408,1459080,RGB,121.02961455163528,56.83840909491531,50.01623592544757,50.01623592544757,7.199658393859863,3fe5fcb2bd66dfb6727d3aa1b919b810,eac4e42d9c1ad179,data\raw\dataset_B\EALPR Vechicles dataset\Vehicles\0050.jpg
dataset_B,0051.jpg,0051,.jpg,113891,1080,811,3,1.331689,875880,RGB,132.14553020961776,52.260302969394516,337.0611760525262,337.0611760525262,7.545736789703369,d86b32a47cee275c554cf663e4d0a554,c2c93db422c89f4f,data\raw\dataset_B\EALPR Vechicles dataset\Vehicles\0051.jpg
dataset_B,0052.jpg,0052,.jpg,134925,782,782,3,1.0,611524,RGB,97.42311994296217,65.13927713190434,459.2123352543283,459.2123352543283,7.754208087921143,29fd5b7b6604289e4f7531d95be1d8d1,ae47812f9fb4cd01,data\raw\dataset_B\EALPR Vechicles dataset\Vehicles\0052.jpg
dataset_B,0053.jpg,0053,.jpg,146567,1019,764,3,1.33377,778516,RGB,141.5703158316592,62.78162840192637,1405.7310929795754,1405.7310929795754,7.775467395782471,ad7682a38e69e787cb5fa1ae1855e783,b4c277859766c233,data\raw\dataset_B\EALPR Vechicles dataset\Vehicles\0053.jpg
dataset_B,0054.jpg,0054,.jpg,146543,715,715,3,1.0,511225,RGB,73.52036187588635,51.155866701832494,2242.751616505681,2242.751616505681,7.414571762084961,63d5ed3700490a3ba04ac74998460576,ab57d2ae3c99e202,data\raw\dataset_B\EALPR Vechicles dataset\Vehicles\0054.jpg
dataset_B,0055.jpg,0055,.jpg,107361,960,720,3,1.333333,691200,RGB,81.91375434027778,60.988029900482914,851.7975983730655,851.7975983730655,7.419604778289795,50c0837b651e448590a4401f02c4652e,dcdc63ba96651831,data\raw\dataset_B\EALPR Vechicles dataset\Vehicles\0055.jpg
dataset_B,0056.jpg,0056,.jpg,70060,540,960,3,0.5625,518400,RGB,105.38287037037037,76.61012893537996,715.8330949514316,715.8330949514316,6.80059814453125,50e0e1aa45020eb18fbf9beb06e39f72,959d860fc2c43d3d,data\raw\dataset_B\EALPR Vechicles dataset\Vehicles\0056.jpg
dataset_B,0057.jpg,0057,.jpg,68616,454,960,3,0.472917,435840,RGB,115.24298595814977,59.5787128288555,731.9576628956476,731.9576628956476,7.227409362792969,94728a0b486b53d10f62346aabb0cfc7,d0c16052872f3b7f,data\raw\dataset_B\EALPR Vechicles dataset\Vehicles\0057.jpg
dataset_B,0058.jpg,0058,.jpg,42263,454,960,3,0.472917,435840,RGB,94.15572916666666,63.2492109901981,231.89124984964982,231.89124984964982,7.445403575897217,849ef1a9ce4e21ea873f8c5f110450e3,bba1f084d67e5688,data\raw\dataset_B\EALPR Vechicles dataset\Vehicles\0058.jpg
dataset_B,0059.jpg,0059,.jpg,273421,928,1111,3,0.835284,1031008,RGB,115.4306804602874,72.79053047598278,4142.338715121508,4142.338715121508,7.599852085113525,c7b12f2ca6ffbbe8a2d78e23e241ca77,99c6bd43b22d551a,data\raw\dataset_B\EALPR Vechicles dataset\Vehicles\0059.jpg
dataset_B,0060.jpg,0060,.jpg,148086,937,1171,3,0.800171,1097227,RGB,101.47835224616237,65.49859808738584,149.85839523874662,149.85839523874662,7.54896879196167,67464f461d510251ac4c0450459bac4b,91d1862b6b2b6ec5,data\raw\dataset_B\EALPR Vechicles dataset\Vehicles\0060.jpg
dataset_B,0061.jpg,0061,.jpg,124856,1080,1350,3,0.8,1458000,RGB,71.91242866941015,53.04151463085081,46.780759575853196,46.780759575853196,6.834561347961426,ffc15fca59747237f7ff9848163fa978,d1e82e3695f92994,data\raw\dataset_B\EALPR Vechicles dataset\Vehicles\0061.jpg
dataset_B,0062.jpg,0062,.jpg,174367,1080,1351,3,0.799408,1459080,RGB,118.62278833237383,52.219839484132066,53.83323460365241,53.83323460365241,7.047011375427246,d2d61ae351a1d543c296e76ea5ab6cee,ffbad485c3918702,data\raw\dataset_B\EALPR Vechicles dataset\Vehicles\0062.jpg
dataset_B,0063.jpg,0063,.jpg,88773,1080,1350,3,0.8,1458000,RGB,56.0938401920439,43.02520979097548,55.64666184911919,55.64666184911919,6.578233242034912,010a3570b66f0778d7500b5874445fac,deae69698a968661,data\raw\dataset_B\EALPR Vechicles dataset\Vehicles\0063.jpg
dataset_B,0064.jpg,0064,.jpg,104438,720,720,3,1.0,518400,RGB,108.2976523919753,58.75251620470223,793.6196684897025,793.6196684897025,7.785228729248047,937d771fb22f0da5d127d79d24b11cc2,b180d07ee05a57db,data\raw\dataset_B\EALPR Vechicles dataset\Vehicles\0064.jpg
dataset_B,0065.jpg,0065,.jpg,150876,866,866,3,1.0,749956,RGB,82.26109531759197,51.98400227931093,555.5650231687649,555.5650231687649,7.575857639312744,6dc522f6c86bb94d9563e20f8afed9c0,ada5351f8db530d0,data\raw\dataset_B\EALPR Vechicles dataset\Vehicles\0065.jpg
dataset_B,0066.jpg,0066,.jpg,179228,1080,1351,3,0.799408,1459080,RGB,123.2439907338871,72.95639057205861,261.17058584919147,261.17058584919147,7.828987121582031,72fb661f33d738d975b369321cbd3628,ae15ff2f80029e87,data\raw\dataset_B\EALPR Vechicles dataset\Vehicles\0066.jpg
dataset_B,0067.jpg,0067,.jpg,145501,1080,810,3,1.333333,874800,RGB,113.97939643347051,60.7132327488825,1293.041038419127,1293.041038419127,7.737881660461426,14a6c2af071a4da8cd4bb5f5805fd324,aad55d5a0f803d3c,data\raw\dataset_B\EALPR Vechicles dataset\Vehicles\0067.jpg
dataset_B,0068.jpg,0068,.jpg,124312,1080,1080,3,1.0,1166400,RGB,75.95123113854595,66.19037418149837,131.19470359191376,131.19470359191376,7.2889204025268555,19b0b6204c141f45af31ea89ef9f39f6,84c53b32c5d45d5e,data\raw\dataset_B\EALPR Vechicles dataset\Vehicles\0068.jpg
dataset_B,0069.jpg,0069,.jpg,170716,1080,1080,3,1.0,1166400,RGB,113.79119941700961,66.90413364650998,430.3992959753227,430.3992959753227,7.566993713378906,ac825ab4509121efe8e7f0bc419c359b,fe90d4bfad2d8060,data\raw\dataset_B\EALPR Vechicles dataset\Vehicles\0069.jpg
dataset_B,0070.jpg,0070,.jpg,220355,1080,1080,3,1.0,1166400,RGB,122.5723731138546,69.42792802695419,794.4359841232493,794.4359841232493,7.826740264892578,6dcb0b01a052ac63b9df19f6ae4be72c,d8cb8b38d42f4e2c,data\raw\dataset_B\EALPR Vechicles dataset\Vehicles\0070.jpg
dataset_B,0071.jpg,0071,.jpg,208571,1080,1350,3,0.8,1458000,RGB,117.62085048010974,68.98079583127007,259.4121046100127,259.4121046100127,7.6579694747924805,2d55cd4af141d49363bc43731022a367,ba16973b0985e58d,data\raw\dataset_B\EALPR Vechicles dataset\Vehicles\0071.jpg
dataset_B,0072.jpg,0072,.jpg,98239,1080,1350,3,0.8,1458000,RGB,126.50971056241427,54.125042193046646,35.91742988884891,35.91742988884891,6.9623284339904785,a682c5c07d51760c0968682e476a85aa,bcadd786c8a846a5,data\raw\dataset_B\EALPR Vechicles dataset\Vehicles\0072.jpg
dataset_B,0073.jpg,0073,.jpg,138294,1080,1351,3,0.799408,1459080,RGB,74.35230761849932,56.01797283289479,199.58896081495396,199.58896081495396,7.26460075378418,830aa22f4167b78760d6b7f6a03d43d6,9a997b7387851c2c,data\raw\dataset_B\EALPR Vechicles dataset\Vehicles\0073.jpg
dataset_B,0074.jpg,0074,.jpg,80825,825,825,3,1.0,680625,RGB,47.79136675849403,42.249071028237424,63.14262129564502,63.14262129564502,6.868899345397949,daa576bb7db875358ca5eb5e08990eee,90e86f93db84741b,data\raw\dataset_B\EALPR Vechicles dataset\Vehicles\0074.jpg
dataset_B,0075.jpg,0075,.jpg,100517,1000,750,3,1.333333,750000,RGB,114.24393866666666,64.81006027302838,1226.0741192854116,1226.0741192854116,7.852240562438965,0424b272f3cd4e5c71fce10b5f6f9d66,f1173a715a979581,data\raw\dataset_B\EALPR Vechicles dataset\Vehicles\0075.jpg
dataset_B,0076.jpg,0076,.jpg,100209,900,1125,3,0.8,1012500,RGB,89.36408296296297,48.29544107146593,30.16106716673775,30.16106716673775,7.006669521331787,c90231d4ac443f6f28ff123bd9be4f4d,bfdddc50cb02c48c,data\raw\dataset_B\EALPR Vechicles dataset\Vehicles\0076.jpg
dataset_B,0077.jpg,0077,.jpg,103709,1080,1350,3,0.8,1458000,RGB,93.55190192043895,44.53413972577902,40.030304361884006,40.030304361884006,7.113086700439453,4b503dab0f63ea6d16da84cf30714e59,bbd91991d99891d2,data\raw\dataset_B\EALPR Vechicles dataset\Vehicles\0077.jpg
dataset_B,0078.jpg,0078,.jpg,152287,1080,1080,3,1.0,1166400,RGB,123.62404063786008,54.954819278486696,371.3838841283622,371.3838841283622,7.386988639831543,18ef040d3a09b6d666ab65bcd24805d1,e9b1969f82c2d299,data\raw\dataset_B\EALPR Vechicles dataset\Vehicles\0078.jpg
dataset_B,0079.jpg,0079,.jpg,113680,720,900,3,0.8,648000,RGB,94.85500771604939,67.6377522862518,251.94510984895598,251.94510984895598,7.541709899902344,d575e77adf6e5cb069425ce4a5474099,e6c6c20098bf766e,data\raw\dataset_B\EALPR Vechicles dataset\Vehicles\0079.jpg
dataset_B,0080.jpg,0080,.jpg,185000,1080,1351,3,0.799408,1459080,RGB,55.93316062176166,38.42900788905439,123.20568476173172,123.20568476173172,6.737499713897705,78572f34998fc629bfbe8dd4b4c1379f,ad3571825cb9630f,data\raw\dataset_B\EALPR Vechicles dataset\Vehicles\0080.jpg
dataset_B,0081.jpg,0081,.jpg,105476,1080,608,3,1.776316,656640,RGB,101.85644797758285,60.6922583457263,574.2031462243657,574.2031462243657,7.783397197723389,13e3c67e99ba58a8f8db31db8e81084e,b492b54a8075fed4,data\raw\dataset_B\EALPR Vechicles dataset\Vehicles\0081.jpg
dataset_B,0082.jpg,0082,.jpg,73187,744,596,3,1.248322,443424,RGB,57.475887638016886,50.94905976651241,459.3649842807492,459.3649842807492,7.154474258422852,87438c4816f7f5c5236ecb2038826079,aff870c5d6b58842,data\raw\dataset_B\EALPR Vechicles dataset\Vehicles\0082.jpg
dataset_B,0083.jpg,0083,.jpg,103028,720,720,3,1.0,518400,RGB,117.08755787037038,71.98454199187371,1448.7748014291624,1448.7748014291624,7.740167140960693,ed091047ed6920fba59fa3b59e7c0ae9,faa5852087a1df9a,data\raw\dataset_B\EALPR Vechicles dataset\Vehicles\0083.jpg
dataset_B,0084.jpg,0084,.jpg,93674,810,810,3,1.0,656100,RGB,93.46190214906264,40.17436570332959,84.75976814846362,84.75976814846362,7.220606803894043,16ab8bb442f46adfa24acc03031ce195,fcb495d006d471f1,data\raw\dataset_B\EALPR Vechicles dataset\Vehicles\0084.jpg
dataset_B,0085.jpg,0085,.jpg,104464,937,1171,3,0.800171,1097227,RGB,77.68156543723404,61.180629488502646,52.025573322668976,52.025573322668976,7.343864917755127,4ebf6ff017ae90b0d195e2481f9ec791,94693e956e399263,data\raw\dataset_B\EALPR Vechicles dataset\Vehicles\0085.jpg
dataset_B,0086.jpg,0086,.jpg,114062,1080,1080,3,1.0,1166400,RGB,136.25011059670783,65.99833069140124,160.55248697407657,160.55248697407657,7.656378746032715,1bb489d9b02414e045d6d41c457b7116,e1df987037229a5a,data\raw\dataset_B\EALPR Vechicles dataset\Vehicles\0086.jpg
dataset_B,0087.jpg,0087,.jpg,153267,1080,1350,3,0.8,1458000,RGB,45.52033470507545,47.40691901597868,79.51952376026502,79.51952376026502,6.775703430175781,f08571c552abaa94365f34e6f569b58c,b8e66290cc6e936b,data\raw\dataset_B\EALPR Vechicles dataset\Vehicles\0087.jpg
dataset_B,0088.jpg,0088,.jpg,70283,487,609,3,0.799672,296583,RGB,131.33824932649546,60.16703697053519,473.27299655959956,473.27299655959956,7.64329719543457,77836330548cfab7b995dbdde8e3ebb0,b935862a48e0eddb,data\raw\dataset_B\EALPR Vechicles dataset\Vehicles\0088.jpg
dataset_B,0089.jpg,0089,.jpg,78758,571,571,3,1.0,326041,RGB,113.71375992589888,73.85767047703264,571.3395776357673,571.3395776357673,7.559920310974121,e022f5197d70bcd97418c68f3ad03067,ed35945495e378a8,data\raw\dataset_B\EALPR Vechicles dataset\Vehicles\0089.jpg
dataset_B,0090.jpg,0090,.jpg,80182,710,960,3,0.739583,681600,RGB,127.51788585680751,49.851051558428566,496.0221307974263,496.0221307974263,7.5705366134643555,9e68850b37dd5ced8d141ed29d8275d0,9197be81a03c95e7,data\raw\dataset_B\EALPR Vechicles dataset\Vehicles\0090.jpg
dataset_B,0091.jpg,0091,.jpg,117671,1080,1080,3,1.0,1166400,RGB,114.78985853909465,52.6545628105561,54.390484069426776,54.390484069426776,7.469364643096924,59608d118937653810694f3406c3878e,bdc9813eda19c5a4,data\raw\dataset_B\EALPR Vechicles dataset\Vehicles\0091.jpg
dataset_B,0092.jpg,0092,.jpg,138356,1056,1056,3,1.0,1115136,RGB,111.01928284980487,72.14526820428077,286.1922530011035,286.1922530011035,7.616554260253906,7a63d595487939f8868ccc6cd38d9a08,a7277c64856d6cc1,data\raw\dataset_B\EALPR Vechicles dataset\Vehicles\0092.jpg
dataset_B,0093.jpg,0093,.jpg,173228,1080,1351,3,0.799408,1459080,RGB,104.66923746470378,64.63418068729256,137.01493585210656,137.01493585210656,7.405703544616699,e9c7a325d74327c567c3735bcd5fc1ee,e08e9cf0d66f0e86,data\raw\dataset_B\EALPR Vechicles dataset\Vehicles\0093.jpg
dataset_B,0094.jpg,0094,.jpg,157946,1080,964,3,1.120332,1041120,RGB,77.6972404717996,64.07386408553714,829.4998126136181,829.4998126136181,7.43134069442749,8d560646aa12c13e825822783e083acd,ae21850ff07e83b5,data\raw\dataset_B\EALPR Vechicles dataset\Vehicles\0094.jpg
dataset_B,0095.jpg,0095,.jpg,118285,750,750,3,1.0,562500,RGB,112.60755022222222,74.63114465195352,910.3415349883228,910.3415349883228,7.4144606590271,1b472eb042a043f0b18a9627c66e1abb,f80f8531accf2353,data\raw\dataset_B\EALPR Vechicles dataset\Vehicles\0095.jpg
dataset_B,0096.jpg,0096,.jpg,104371,611,611,3,1.0,373321,RGB,104.83404362465545,67.58770118150382,2246.758812248757,2246.758812248757,7.713486671447754,5c2e47733460fd0380ab97c132bfd9aa,bbed80ca81c7d598,data\raw\dataset_B\EALPR Vechicles dataset\Vehicles\0096.jpg
dataset_B,0097.jpg,0097,.jpg,88607,816,887,3,0.919955,723792,RGB,60.16867276786701,57.489904882487906,214.46999662371644,214.46999662371644,7.010368824005127,e28efbe1771ddd064fb6c3a405cef710,c02f3ed08f3b2dc2,data\raw\dataset_B\EALPR Vechicles dataset\Vehicles\0097.jpg
dataset_B,0098.jpg,0098,.jpg,87406,944,1181,3,0.799323,1114864,RGB,50.242756067107734,69.07422092658615,89.55353101682533,89.55353101682533,6.582601070404053,2efcedf718f3edd2eb257b0ff79d5ad3,85a97a6a855c7ed0,data\raw\dataset_B\EALPR Vechicles dataset\Vehicles\0098.jpg
dataset_B,0099.jpg,0099,.jpg,188456,1080,1080,3,1.0,1166400,RGB,107.69168209876543,65.94230924250108,382.43268827466267,382.43268827466267,7.788030624389648,ccfbc492b32f380b7cd136cae53ca800,e070b0d51f9f4b0b,data\raw\dataset_B\EALPR Vechicles dataset\Vehicles\0099.jpg
dataset_B,0100.jpg,0100,.jpg,107679,1080,997,3,1.08325,1076760,RGB,51.92822263085553,50.07520247799228,221.25711467014023,221.25711467014023,6.784820079803467,20ccaaf0641cac0b25bebe0f3ca92761,9d63679cfa630494,data\raw\dataset_B\EALPR Vechicles dataset\Vehicles\0100.jpg
dataset_B,0101.jpg,0101,.jpg,58744,960,540,3,1.777778,518400,RGB,83.95561921296296,45.69628174985804,237.00335594979748,237.00335594979748,7.008669853210449,4ea6b614adb3562d4a242c413e52d3cd,943a32f5dd0d23b2,data\raw\dataset_B\EALPR Vechicles dataset\Vehicles\0101.jpg
dataset_B,0102.jpg,0102,.jpg,26304,506,506,3,1.0,256036,RGB,70.48215094752301,37.188531913267795,685.9265551116083,685.9265551116083,6.532383918762207,6f83a219d47933d2208d3701bcb570a6,aa6c07559df02baa,data\raw\dataset_B\EALPR Vechicles dataset\Vehicles\0102.jpg
dataset_B,0103.jpg,0103,.jpg,75990,900,1125,3,0.8,1012500,RGB,105.62265382716049,57.029256299406306,222.73426951686633,222.73426951686633,7.0193657875061035,a823ee417a3adea8e09dbd03d368d680,eac08eb135b63e0d,data\raw\dataset_B\EALPR Vechicles dataset\Vehicles\0103.jpg
dataset_B,0104.jpg,0104,.jpg,86008,960,540,3,1.777778,518400,RGB,113.06480709876543,60.951024484319355,1630.6224187858675,1630.6224187858675,7.81994104385376,d8adfe78831aa5b112345bd6cec2b9ed,e58e786113b4ae8b,data\raw\dataset_B\EALPR Vechicles dataset\Vehicles\0104.jpg
dataset_B,0105.jpg,0105,.jpg,31414,480,480,3,1.0,230400,RGB,130.59215277777778,75.87442411838197,1059.0664017861259,1059.0664017861259,6.955758094787598,c0c63dd59c6f8b2bdd3998d616f4d71e,e0cf9f30b6274d0c,data\raw\dataset_B\EALPR Vechicles dataset\Vehicles\0105.jpg
dataset_B,0106.jpg,0106,.jpg,66655,960,540,3,1.777778,518400,RGB,124.7733275462963,66.18235032252126,1268.475914742384,1268.475914742384,7.494495868682861,f148ae140eae00af483e3cb2db26f9c5,f19890f9de061b66,data\raw\dataset_B\EALPR Vechicles dataset\Vehicles\0106.jpg
dataset_B,0107.jpg,0107,.jpg,77665,960,540,3,1.777778,518400,RGB,126.79189043209877,72.40194540289505,1073.4793533012864,1073.4793533012864,7.560157299041748,2f18afa8344ac832d310a61cca609144,b418daa4817f76e2,data\raw\dataset_B\EALPR Vechicles dataset\Vehicles\0107.jpg
dataset_B,0108.jpg,0108,.jpg,117441,997,997,3,1.0,994009,RGB,47.34619907868037,67.94520974611058,415.50629268223554,415.50629268223554,5.974939346313477,1c917ea364cdc62d19c8a9b689c8fe56,eaaafd9184938565,data\raw\dataset_B\EALPR Vechicles dataset\Vehicles\0108.jpg
dataset_B,0109.jpg,0109,.jpg,49990,720,960,3,0.75,691200,RGB,107.11095341435185,72.58622139808227,297.36962960146474,297.36962960146474,7.146671295166016,ad4880722b7ef6d65a0e157d912ff522,a9b494d28b2d743d,data\raw\dataset_B\EALPR Vechicles dataset\Vehicles\0109.jpg
dataset_B,0110.jpg,0110,.jpg,27387,540,960,3,0.5625,518400,RGB,78.9654726080247,84.19952073522333,72.50481095625429,72.50481095625429,6.9974365234375,728d5e039430307a7ce0c694a4a22d98,d74e28b1465b8937,data\raw\dataset_B\EALPR Vechicles dataset\Vehicles\0110.jpg
dataset_B,0111.jpg,0111,.jpg,87370,720,960,3,0.75,691200,RGB,129.23516927083332,65.82325894776355,703.8911251241718,703.8911251241718,7.416387557983398,9b7a427b21ba79b765ad13396fd39767,ff2d84251cc0769e,data\raw\dataset_B\EALPR Vechicles dataset\Vehicles\0111.jpg
dataset_B,0112.jpg,0112,.jpg,107760,876,876,3,1.0,767376,RGB,81.70747716894977,66.19675520972265,159.41060835512366,159.41060835512366,7.321007251739502,df181c94a14ab4c5f62b0266edc3716f,ea63e14ac3e7348c,data\raw\dataset_B\EALPR Vechicles dataset\Vehicles\0112.jpg
dataset_B,0113.jpg,0113,.jpg,45331,960,382,3,2.513089,366720,RGB,91.83735820244328,66.20263572026879,701.5296597581998,701.5296597581998,7.437005043029785,45b3bd0edcf86eecb08af7dde2c4f5f4,e9e0ca96c4b578e1,data\raw\dataset_B\EALPR Vechicles dataset\Vehicles\0113.jpg
dataset_B,0114.jpg,0114,.jpg,69502,750,734,3,1.021798,550500,RGB,123.5213442325159,76.8290940790811,1703.732444066748,1703.732444066748,7.8189377784729,dc783b11d337fa0153fde561a311bc55,f18cd2b19b3469ca,data\raw\dataset_B\EALPR Vechicles dataset\Vehicles\0114.jpg
dataset_B,0115.jpg,0115,.jpg,76337,720,960,3,0.75,691200,RGB,127.69444299768519,50.04773009823189,178.63819866516155,178.63819866516155,7.527731418609619,e84a570213ba12a9d50666984abd7362,9b58dcb424ada897,data\raw\dataset_B\EALPR Vechicles dataset\Vehicles\0115.jpg
dataset_B,0116.jpg,0116,.jpg,48716,750,740,3,1.013514,555000,RGB,106.14659459459459,49.01912028247833,115.91135941043746,115.91135941043746,7.190317153930664,f06d57e1d14ab617685ac95a5cf05a94,ffc0c07d7070c25b,data\raw\dataset_B\EALPR Vechicles dataset\Vehicles\0116.jpg
dataset_B,0117.jpg,0117,.jpg,41918,960,540,3,1.777778,518400,RGB,82.07999614197531,65.3810423251624,79.63486586277757,79.63486586277757,7.501871585845947,d0613e0b441498e01701373cb0a107cc,88d87f4b8b8a36a9,data\raw\dataset_B\EALPR Vechicles dataset\Vehicles\0117.jpg
dataset_B,0118.jpg,0118,.jpg,62217,1080,1080,3,1.0,1166400,RGB,134.5267018175583,70.59645509654239,249.8259406550061,249.8259406550061,6.586087226867676,a7fedf068fc356f3befd5bbd05a73b28,e0d55fc07ad56055,data\raw\dataset_B\EALPR Vechicles dataset\Vehicles\0118.jpg
dataset_B,0119.jpg,0119,.jpg,91461,720,960,3,0.75,691200,RGB,119.13414351851851,60.06314152320714,713.7303719707725,713.7303719707725,7.677947521209717,34bb5930ceaba7b1f4f0c9ef6bb89a44,e855936a07a578d6,data\raw\dataset_B\EALPR Vechicles dataset\Vehicles\0119.jpg
dataset_B,0120.jpg,0120,.jpg,32795,540,960,3,0.5625,518400,RGB,69.01820601851851,37.57737378254022,74.71388675437943,74.71388675437943,6.870682716369629,bf5902a94ae9388b7fb40400a3eb74df,ffdf524e8fa52000,data\raw\dataset_B\EALPR Vechicles dataset\Vehicles\0120.jpg
dataset_B,0121.jpg,0121,.jpg,72518,960,960,3,1.0,921600,RGB,142.4909375,62.530032613416914,54.553570494756585,54.553570494756585,7.232948303222656,99cc246bf939714d392a565587ad62ad,bff28009db7470e1,data\raw\dataset_B\EALPR Vechicles dataset\Vehicles\0121.jpg
dataset_B,0122.jpg,0122,.jpg,103018,1032,1290,3,0.8,1331280,RGB,65.61603118802957,41.23729706330403,39.32824968452137,39.32824968452137,7.032773971557617,08d4332be1c08c5cf9b9a130ca373422,ffbc641486f2c2c1,data\raw\dataset_B\EALPR Vechicles dataset\Vehicles\0122.jpg
dataset_B,0123.jpg,0123,.jpg,52939,720,960,3,0.75,691200,RGB,58.83797887731482,66.9486488322481,120.32719909252694,120.32719909252694,6.873626232147217,8f6bdafc8cdba54adbe1dd7adaad0474,c06b3fd06b35da81,data\raw\dataset_B\EALPR Vechicles dataset\Vehicles\0123.jpg
dataset_B,0124.jpg,0124,.jpg,43961,640,635,3,1.007874,406400,RGB,146.6268184055118,38.5411405197675,503.7466604528334,503.7466604528334,7.15909481048584,d02ac2b6f00fa054253693796d83e304,e7a9782505d49d2d,data\raw\dataset_B\EALPR Vechicles dataset\Vehicles\0124.jpg
dataset_B,0125.jpg,0125,.jpg,96097,720,960,3,0.75,691200,RGB,80.85544560185186,69.03777918444669,935.737398567407,935.737398567407,7.5690155029296875,8eca4058ca676a52e7c59ca7ca4f540b,efaa10d5b01f5ae0,data\raw\dataset_B\EALPR Vechicles dataset\Vehicles\0125.jpg
dataset_B,0126.jpg,0126,.jpg,71813,640,617,3,1.037277,394880,RGB,97.31141865883306,41.352767071777365,2974.010812403212,2974.010812403212,7.054105758666992,1c00b21f962719d49044ae4f00c0ad4c,aad13128f4c2aa7f,data\raw\dataset_B\EALPR Vechicles dataset\Vehicles\0126.jpg
dataset_B,0127.jpg,0127,.jpg,42154,960,960,3,1.0,921600,RGB,68.90372721354167,39.28966606337814,22.345606418514254,22.345606418514254,5.597917079925537,23db5c1eed9a356255d24f92068ecdda,cd30b0cdd632cf07,data\raw\dataset_B\EALPR Vechicles dataset\Vehicles\0127.jpg
dataset_B,0128.jpg,0128,.jpg,39193,528,960,3,0.55,506880,RGB,128.5735164141414,59.31886844483371,320.7547876787337,320.7547876787337,7.237656593322754,19de8459bf8023f876649b435507dbbd,f0b443cf5c38b352,data\raw\dataset_B\EALPR Vechicles dataset\Vehicles\0128.jpg
dataset_B,0129.jpg,0129,.jpg,46396,750,738,3,1.01626,553500,RGB,106.21989882565492,56.21077862533454,119.56321614696002,119.56321614696002,7.503465175628662,0301664b0d4c5d35ebd37b9943886f60,af8303803e6b6b3e,data\raw\dataset_B\EALPR Vechicles dataset\Vehicles\0129.jpg
dataset_B,0130.jpg,0130,.jpg,79976,854,640,3,1.334375,546560,RGB,107.74144833138173,57.485010854155156,687.2325807899409,687.2325807899409,7.624093532562256,18cf5a663c0d63106e3388b9e11ebbd7,c9cac8e1d2daf845,data\raw\dataset_B\EALPR Vechicles dataset\Vehicles\0130.jpg
dataset_B,0131.jpg,0131,.jpg,48444,750,727,3,1.031637,545250,RGB,81.29351123337918,41.569479209258944,338.1191118802428,338.1191118802428,6.933969974517822,ba2afe65d9431518c99c5a0af9448463,d899e36687dc9d01,data\raw\dataset_B\EALPR Vechicles dataset\Vehicles\0131.jpg
dataset_B,0132.jpg,0132,.jpg,182884,1080,1350,3,0.8,1458000,RGB,141.23649931412893,54.493100262030374,308.9039977236062,308.9039977236062,7.393208980560303,3407c0aace7cea422270a928be7f20e5,bf81817eda086c9d,data\raw\dataset_B\EALPR Vechicles dataset\Vehicles\0132.jpg
dataset_B,0133.jpg,0133,.jpg,62687,720,960,3,0.75,691200,RGB,85.57198206018519,46.59775387702649,245.23957594581677,245.23957594581677,7.291131973266602,15f31978f8edf9580f2efcd6c86e3e33,a0e06834977f9f8a,data\raw\dataset_B\EALPR Vechicles dataset\Vehicles\0133.jpg
dataset_B,0134.jpg,0134,.jpg,59121,720,960,3,0.75,691200,RGB,100.83550925925925,53.94652356363444,149.14277771870178,149.14277771870178,7.425232887268066,150b85af8c9fcb8756fc2c8e2b8334a9,b8d517847ca662dc,data\raw\dataset_B\EALPR Vechicles dataset\Vehicles\0134.jpg
dataset_B,0135.jpg,0135,.jpg,72435,750,722,3,1.038781,541500,RGB,117.24798153277932,67.38701753395489,565.402586899814,565.402586899814,7.83772611618042,3dab95d1c5483e542b45ff73ec59c0ad,fee8820f8729c971,data\raw\dataset_B\EALPR Vechicles dataset\Vehicles\0135.jpg
dataset_B,0136.jpg,0136,.jpg,90409,960,720,3,1.333333,691200,RGB,149.44962094907407,60.267582963645815,736.2725010359881,736.2725010359881,7.689020156860352,1789cfe83022823864e865c6c078b862,ecd6d7288c605675,data\raw\dataset_B\EALPR Vechicles dataset\Vehicles\0136.jpg
dataset_B,0137.jpg,0137,.jpg,137830,1136,640,3,1.775,727040,RGB,51.678658670774645,51.8068862498176,646.6468113775315,646.6468113775315,6.73374080657959,873cfa42a184b0fa13d2d686aaaad59c,abaca495d1c69a8b,data\raw\dataset_B\EALPR Vechicles dataset\Vehicles\0137.jpg
dataset_B,0138.jpg,0138,.jpg,41395,385,643,3,0.598756,247555,RGB,127.58165256205692,54.28685797411794,1846.302386145193,1846.302386145193,7.6067118644714355,331126fb4b2c4669ffdf4ee392c32f45,c22ae985e6d6a9c9,data\raw\dataset_B\EALPR Vechicles dataset\Vehicles\0138.jpg
dataset_B,0139.jpg,0139,.jpg,69857,960,720,3,1.333333,691200,RGB,169.23648003472223,53.40364588708767,319.2913673738372,319.2913673738372,7.274977207183838,d516d8bb70c18e609d4450c2e547d145,af4bd4347ab0346c,data\raw\dataset_B\EALPR Vechicles dataset\Vehicles\0139.jpg
dataset_B,0140.jpg,0140,.jpg,64477,750,743,3,1.009421,557250,RGB,100.4070794078062,70.57205398158274,876.5384356966251,876.5384356966251,7.246273040771484,931706322a4e6552e354ea7fe740f825,bdb4808bc3cacad3,data\raw\dataset_B\EALPR Vechicles dataset\Vehicles\0140.jpg
dataset_B,0141.jpg,0141,.jpg,102173,900,1125,3,0.8,1012500,RGB,107.12296888888889,72.5711178657322,721.0235603274438,721.0235603274438,7.444060802459717,80b263b52086b68ed441fbdce125c627,bf5b1b186291c2b3,data\raw\dataset_B\EALPR Vechicles dataset\Vehicles\0141.jpg
dataset_B,0142.jpg,0142,.jpg,70249,1080,1081,3,0.999075,1167480,RGB,79.59239473053071,69.74890255657543,70.85002005895262,70.85002005895262,7.496609210968018,17dd2a0263d7cba938ac2c98f1547dd7,c3c22e3dd8d89695,data\raw\dataset_B\EALPR Vechicles dataset\Vehicles\0142.jpg
dataset_B,0143.jpg,0143,.jpg,76010,720,960,3,0.75,691200,RGB,124.7506322337963,63.065505966878455,656.6809728089614,656.6809728089614,7.852689266204834,9f2832968868dd7eff5c371534520998,bcbed981da4ba160,data\raw\dataset_B\EALPR Vechicles dataset\Vehicles\0143.jpg
dataset_B,0144.jpg,0144,.jpg,65845,736,736,3,1.0,541696,RGB,98.07633063563327,69.12158416019263,696.1478862290285,696.1478862290285,7.28658390045166,31c9d8f07abd5d9907f9db5fd32e1f24,a840f16ac86f75f4,data\raw\dataset_B\EALPR Vechicles dataset\Vehicles\0144.jpg
dataset_B,0145.jpg,0145,.jpg,58256,719,960,3,0.748958,690240,RGB,90.9219097705146,73.76555881096223,199.44015257272656,199.44015257272656,6.82170295715332,aec4f11fefdff449f2397681d36fd76b,c0c0da9f85253f5e,data\raw\dataset_B\EALPR Vechicles dataset\Vehicles\0145.jpg
dataset_B,0146.jpg,0146,.jpg,54173,644,960,3,0.670833,618240,RGB,72.37090126811594,52.133584786680196,52.49236145097758,52.49236145097758,6.946250915527344,7206566343c36352a49cc4294d855cb6,bef550022a65a69f,data\raw\dataset_B\EALPR Vechicles dataset\Vehicles\0146.jpg
dataset_B,0147.jpg,0147,.jpg,58334,960,720,3,1.333333,691200,RGB,99.19776909722222,50.165183615951676,107.85502558713478,107.85502558713478,7.451007843017578,88200561e67fa71df74fee5b34f781c5,f8bf268405f6a664,data\raw\dataset_B\EALPR Vechicles dataset\Vehicles\0147.jpg
dataset_B,0148.jpg,0148,.jpg,58991,1920,1080,3,1.777778,2073600,RGB,13.62072048611111,36.959525447152856,192.78241078133684,192.78241078133684,3.7940032482147217,3dff6d83f18939d8635c62c8cf423715,cccc33331bdcc127,data\raw\dataset_B\EALPR Vechicles dataset\Vehicles\0148.jpg
dataset_B,0149.jpg,0149,.jpg,254172,1920,1080,3,1.777778,2073600,RGB,68.45848572530865,47.22094181416271,258.3630448144695,258.3630448144695,7.20015811920166,6fe52f1a541f7276e2fba4adce2ceeda,aa1a95a3ba88da37,data\raw\dataset_B\EALPR Vechicles dataset\Vehicles\0149.jpg
dataset_B,0150.jpg,0150,.jpg,46727,540,960,3,0.5625,518400,RGB,82.83207754629629,81.0813848827414,470.59127312433316,470.59127312433316,7.170714378356934,8b73dcdf0223446a5c636f7521f47889,989c956543cace4f,data\raw\dataset_B\EALPR Vechicles dataset\Vehicles\0150.jpg
dataset_B,0151.jpg,0151,.jpg,77240,960,720,3,1.333333,691200,RGB,132.73349681712963,49.4749669452784,344.07323807913696,344.07323807913696,7.36419153213501,0eaf8f6b19cc54410073339a2d5e1968,aed5a8b7a898d560,data\raw\dataset_B\EALPR Vechicles dataset\Vehicles\0151.jpg
dataset_B,0152.jpg,0152,.jpg,213857,1032,1290,3,0.8,1331280,RGB,74.217325431164,50.704545013288545,253.1276784939969,253.1276784939969,7.439180850982666,750b536871792c00eb4cbc0de9289e6b,9556da5a89167da1,data\raw\dataset_B\EALPR Vechicles dataset\Vehicles\0152.jpg
dataset_B,0153.jpg,0153,.jpg,65468,1080,810,3,1.333333,874800,RGB,103.29933813443073,70.5518796555221,346.0277993093294,346.0277993093294,7.211185455322266,824a91fbacbf0b8ad920c8bf1c74d751,dbe4a48bbc2d8334,data\raw\dataset_B\EALPR Vechicles dataset\Vehicles\0153.jpg
dataset_B,0154.jpg,0154,.jpg,47941,960,719,3,1.335188,690240,RGB,61.61924837737598,46.24934888880693,45.33442395990897,45.33442395990897,6.85575532913208,c3a4cdb13b801a7e10c6e5ba619dadf7,99e26e9ee7a0c82a,data\raw\dataset_B\EALPR Vechicles dataset\Vehicles\0154.jpg
dataset_B,0155.jpg,0155,.jpg,82910,960,565,3,1.699115,542400,RGB,108.78150442477876,70.28842092320967,835.2847143146162,835.2847143146162,7.862659454345703,58217f3535057a35a74f316cf4f96d0d,cdcbf9b017c031cc,data\raw\dataset_B\EALPR Vechicles dataset\Vehicles\0155.jpg
dataset_B,0156.jpg,0156,.jpg,42532,960,720,3,1.333333,691200,RGB,56.08916087962963,52.02322185581012,161.35730891565186,161.35730891565186,6.705057621002197,1ea3e41be97dc08972ced3bfcb2f4d3e,fdbf3280c0634b4d,data\raw\dataset_B\EALPR Vechicles dataset\Vehicles\0156.jpg
dataset_B,0157.jpg,0157,.jpg,59079,750,727,3,1.031637,545250,RGB,123.07736817973407,72.6542994732918,436.0456731928301,436.0456731928301,7.185504913330078,19b789e4ecc6c99f23aa24f06d7d27a6,a8b5b75382ca8a57,data\raw\dataset_B\EALPR Vechicles dataset\Vehicles\0157.jpg
dataset_B,0158.jpg,0158,.jpg,57485,720,960,3,0.75,691200,RGB,38.63494502314815,35.596942556273234,279.24384835337366,279.24384835337366,5.694304466247559,4712960ef572acb431150390e7f267be,aa21a1ae95b3bec4,data\raw\dataset_B\EALPR Vechicles dataset\Vehicles\0158.jpg
dataset_B,0159.jpg,0159,.jpg,87329,960,720,3,1.333333,691200,RGB,127.72375723379629,69.33645133007275,1327.1530921631781,1327.1530921631781,7.494626998901367,52d27b9ad151a23bef095153dcb68366,c1b13edaea4f9260,data\raw\dataset_B\EALPR Vechicles dataset\Vehicles\0159.jpg
dataset_B,0160.jpg,0160,.jpg,155420,1032,1290,3,0.8,1331280,RGB,118.80855191995673,55.46734779039359,78.8610577552676,78.8610577552676,7.612370014190674,e071a7a62f2aca87749502bfc44c6518,f5e5e82aeb2370c0,data\raw\dataset_B\EALPR Vechicles dataset\Vehicles\0160.jpg
dataset_B,0161.jpg,0161,.jpg,78414,720,960,3,0.75,691200,RGB,58.656124131944445,42.93893664668487,461.34728168640555,461.34728168640555,6.891075611114502,4b21544eb403633f512246a642e40d7f,86247c4ac74d5d75,data\raw\dataset_B\EALPR Vechicles dataset\Vehicles\0161.jpg
dataset_B,0162.jpg,0162,.jpg,61365,900,1125,3,0.8,1012500,RGB,109.46535012345679,64.16727609814204,271.7116957910914,271.7116957910914,7.272738933563232,b7779db708049bcbccadd21ef631bdf7,eac0e0c99e37368e,data\raw\dataset_B\EALPR Vechicles dataset\Vehicles\0162.jpg
dataset_B,0163.jpg,0163,.jpg,65596,960,720,3,1.333333,691200,RGB,68.17643663194444,50.86435355352655,196.60941245397666,196.60941245397666,6.8763427734375,2ae567ecd32d2c932236f7d42245ad2a,cdb436c8cf6232c9,data\raw\dataset_B\EALPR Vechicles dataset\Vehicles\0163.jpg
dataset_B,0164.jpg,0164,.jpg,42532,960,720,3,1.333333,691200,RGB,56.08916087962963,52.02322185581012,161.35730891565186,161.35730891565186,6.705057621002197,8f045a706ba4732e346dc8ad44b70caf,fdbf3280c0634b4d,data\raw\dataset_B\EALPR Vechicles dataset\Vehicles\0164.jpg
dataset_B,0165.jpg,0165,.jpg,67080,726,726,3,1.0,527076,RGB,111.13854548490161,55.383175374076956,232.77811206919137,232.77811206919137,7.411630153656006,f8482dddabf92f5d19a5c1e8f3a5e783,fed4a00a957ef520,data\raw\dataset_B\EALPR Vechicles dataset\Vehicles\0165.jpg
dataset_B,0166.jpg,0166,.jpg,63508,960,719,3,1.335188,690240,RGB,56.34720966620306,49.044559241393046,235.03326223537647,235.03326223537647,6.745589733123779,24acc9d122144d0a07d9cfa1295b9bac,f060e0f898d67d0f,data\raw\dataset_B\EALPR Vechicles dataset\Vehicles\0166.jpg
dataset_B,0167.jpg,0167,.jpg,41530,720,960,3,0.75,691200,RGB,51.08814959490741,34.56424670200637,74.92433147061195,74.92433147061195,6.014820575714111,d4f52df12532024aee9f54242a0b7dac,cf7811cf8e713306,data\raw\dataset_B\EALPR Vechicles dataset\Vehicles\0167.jpg
dataset_B,0168.jpg,0168,.jpg,72616,720,720,3,1.0,518400,RGB,87.10789158950617,67.23925066282435,313.5844539142838,313.5844539142838,7.546758651733398,b7c3735601ad993d5c072a689b71d1f1,add0d4cbc2dfc052,data\raw\dataset_B\EALPR Vechicles dataset\Vehicles\0168.jpg
dataset_B,0169.jpg,0169,.jpg,76831,720,960,3,0.75,691200,RGB,53.840830439814816,38.13869666088401,211.39056544924557,211.39056544924557,6.510769367218018,cfc69d1513a2b12988ad3102660ad13f,cbaa363ac9eb3214,data\raw\dataset_B\EALPR Vechicles dataset\Vehicles\0169.jpg
dataset_B,0170.jpg,0170,.jpg,62420,724,724,3,1.0,524176,RGB,109.57277708250663,83.62327969896248,1659.582093357837,1659.582093357837,7.083609580993652,0bb4e64c7a0a4d292e988e9fe8a132a8,a880853d177bfa8d,data\raw\dataset_B\EALPR Vechicles dataset\Vehicles\0170.jpg
dataset_B,0171.jpg,0171,.jpg,94902,742,742,3,1.0,550564,RGB,108.74393712629231,84.94651964186046,2787.007953687291,2787.007953687291,7.484902858734131,950faee3f1683463588f3392e9f4a812,ff8c801fc87b2362,data\raw\dataset_B\EALPR Vechicles dataset\Vehicles\0171.jpg
dataset_B,0172.jpg,0172,.jpg,35174,610,464,3,1.314655,283040,RGB,110.46248940079141,80.56280878529903,462.50995372293056,462.50995372293056,7.58442497253418,04f49b42debf2170bb2514e96bb3e100,d4d42a6b93d0e19e,data\raw\dataset_B\EALPR Vechicles dataset\Vehicles\0172.jpg
dataset_B,0173.jpg,0173,.jpg,42919,540,960,3,0.5625,518400,RGB,89.5663136574074,62.39682373132546,147.14218152300512,147.14218152300512,6.617781162261963,b82a08e8e75d01b34ca57b13f3fcdee6,d24bac6e8352bc78,data\raw\dataset_B\EALPR Vechicles dataset\Vehicles\0173.jpg
dataset_B,0174.jpg,0174,.jpg,90085,960,540,3,1.777778,518400,RGB,88.29730902777777,61.387585114456115,1583.2495030872196,1583.2495030872196,7.5892229080200195,9aab0ad661be03cd50f12dcbb174ce41,dae2259edb25cc60,data\raw\dataset_B\EALPR Vechicles dataset\Vehicles\0174.jpg
dataset_B,0175.jpg,0175,.jpg,78459,960,538,3,1.784387,516480,RGB,106.95500309789344,69.8858029750386,1764.6708491261688,1764.6708491261688,7.875654697418213,3d9806af2a78a54d57c10b25a21923ef,c53f8328d227d527,data\raw\dataset_B\EALPR Vechicles dataset\Vehicles\0175.jpg
dataset_B,0176.jpg,0176,.jpg,160683,1032,1290,3,0.8,1331280,RGB,96.63910747551229,43.05273777339247,96.095044615706,96.095044615706,7.255582332611084,78b5b33fa0b4c7af9584b939c25a893e,aba724811b1e3e9e,data\raw\dataset_B\EALPR Vechicles dataset\Vehicles\0176.jpg
dataset_B,0177.jpg,0177,.jpg,148988,720,960,3,0.75,691200,RGB,158.4944502314815,86.80838540424385,4029.3147965584462,4029.3147965584462,7.454791069030762,960b9c98c119fdd9d82b71624274efd3,ea57d762388d61b0,data\raw\dataset_B\EALPR Vechicles dataset\Vehicles\0177.jpg
dataset_B,0178.jpg,0178,.jpg,74158,900,1125,3,0.8,1012500,RGB,158.382187654321,69.79655761262293,183.12852048834017,183.12852048834017,7.144530773162842,5e0fcba0c6e9c390edce81f1a3e52b5b,bfc2d0b5b02b6c4c,data\raw\dataset_B\EALPR Vechicles dataset\Vehicles\0178.jpg
dataset_B,0179.jpg,0179,.jpg,18614,720,960,3,0.75,691200,RGB,31.412251157407407,37.78383842298129,29.16307436340709,29.16307436340709,5.903840065002441,2160427de299c29125a8bf9f9c3413e8,cc663399cc673398,data\raw\dataset_B\EALPR Vechicles dataset\Vehicles\0179.jpg
dataset_B,0180.jpg,0180,.jpg,105188,750,742,3,1.010782,556500,RGB,87.79123090745732,69.28342671161377,2789.3019044817042,2789.3019044817042,7.574706077575684,45fab665a60f4670556367c1c680294b,9f77e015d068ac33,data\raw\dataset_B\EALPR Vechicles dataset\Vehicles\0180.jpg
dataset_B,0181.jpg,0181,.jpg,19867,479,359,3,1.334262,171961,RGB,105.90147766063235,61.77396859647277,623.4664301223662,623.4664301223662,7.626873016357422,d0abb592f0578af90ba45b7738974dfd,94756b793f0e52c0,data\raw\dataset_B\EALPR Vechicles dataset\Vehicles\0181.jpg
dataset_B,0182.jpg,0182,.jpg,90941,801,640,3,1.251562,512640,RGB,118.47474836142322,69.91714444307526,2001.6694191740992,2001.6694191740992,7.849602699279785,e5a791ce98466bee5cb2b6d75790cac5,f8e1626a871fdc84,data\raw\dataset_B\EALPR Vechicles dataset\Vehicles\0182.jpg
dataset_B,0183.jpg,0183,.jpg,82605,750,742,3,1.010782,556500,RGB,91.10380772686433,59.92211333059242,1896.1188487095658,1896.1188487095658,7.6174211502075195,170bc12a6c677e96e7deaea5dfbedcff,aec8a0f7c255dca8,data\raw\dataset_B\EALPR Vechicles dataset\Vehicles\0183.jpg
dataset_B,0184.jpg,0184,.jpg,70229,756,568,3,1.330986,429408,RGB,51.521806766525074,37.177298446365064,663.8117366557962,663.8117366557962,6.658718109130859,05f79c5cf7c126532c0de9fdc007ced8,faf8f541d8b82621,data\raw\dataset_B\EALPR Vechicles dataset\Vehicles\0184.jpg
dataset_B,0185.jpg,0185,.jpg,115416,750,737,3,1.017639,552750,RGB,99.5152473993668,69.41705473444749,3102.285994314236,3102.285994314236,7.818210601806641,81a1f0b9553409c54c0f42f2f05bac00,b6698536d291d6e4,data\raw\dataset_B\EALPR Vechicles dataset\Vehicles\0185.jpg
dataset_B,0186.jpg,0186,.jpg,90270,960,720,3,1.333333,691200,RGB,91.86773582175925,56.302418673538305,535.3004958691486,535.3004958691486,7.536809921264648,e8ce55c107a278c529d900c9c1748bc4,ac22f37dca220d1f,data\raw\dataset_B\EALPR Vechicles dataset\Vehicles\0186.jpg
dataset_B,0187.jpg,0187,.jpg,135797,768,960,3,0.8,737280,RGB,98.85702311197916,64.2899248664744,1264.1033744408687,1264.1033744408687,7.744499206542969,831b759190caa77d768b483b00a7ed49,f8c0462f0b2f9d9a,data\raw\dataset_B\EALPR Vechicles dataset\Vehicles\0187.jpg
dataset_B,0188.jpg,0188,.jpg,57179,750,742,3,1.010782,556500,RGB,64.75798562443846,42.9167750626997,449.27078443175776,449.27078443175776,6.825217247009277,3582f6b0e0b1c8b37923c6648c59d4a8,866c49d2f6613ab6,data\raw\dataset_B\EALPR Vechicles dataset\Vehicles\0188.jpg
dataset_B,0189.jpg,0189,.jpg,64294,1080,809,3,1.334981,873720,RGB,105.03321201300187,56.386955917276325,204.30442938585102,204.30442938585102,7.499078273773193,416599201dff8323c436cf15ed308daa,c9c8d8e1d2daf845,data\raw\dataset_B\EALPR Vechicles dataset\Vehicles\0189.jpg
dataset_B,0190.jpg,0190,.jpg,69729,742,738,3,1.00542,547596,RGB,81.25455627871642,51.596734790501614,1104.6923005800672,1104.6923005800672,6.960565567016602,18b50d0fb9ece0c6b8216b1551ddd297,9eb292a8f8cd85e1,data\raw\dataset_B\EALPR Vechicles dataset\Vehicles\0190.jpg
dataset_B,0191.jpg,0191,.jpg,73437,960,696,3,1.37931,668160,RGB,72.83057351532567,60.48165252794535,578.6672781967831,578.6672781967831,7.062222480773926,02c78ee62cd2b610190e3b916bb97d13,bc025f7f6241b1aa,data\raw\dataset_B\EALPR Vechicles dataset\Vehicles\0191.jpg
dataset_B,0192.jpg,0192,.jpg,72085,750,750,3,1.0,562500,RGB,91.90390933333333,51.42881186785608,834.1494822369533,834.1494822369533,7.217840194702148,322941ec193e0726e7b1d902cc8460d5,afc681ab8464b9f1,data\raw\dataset_B\EALPR Vechicles dataset\Vehicles\0192.jpg
dataset_B,0193.jpg,0193,.jpg,107618,960,720,3,1.333333,691200,RGB,110.46755931712963,69.93792031224616,1853.3073050634878,1853.3073050634878,7.869711875915527,a0c435ad39ac74da32ac9345b055398b,ca9934dac2331f1d,data\raw\dataset_B\EALPR Vechicles dataset\Vehicles\0193.jpg
dataset_B,0194.jpg,0194,.jpg,111468,825,825,3,1.0,680625,RGB,82.95705564738292,55.3978589393699,292.6942178216237,292.6942178216237,7.558414459228516,70463d7dacfb2a469c31686f77eec684,fed0c14fa06ac371,data\raw\dataset_B\EALPR Vechicles dataset\Vehicles\0194.jpg
dataset_B,0195.jpg,0195,.jpg,98270,720,899,3,0.80089,647280,RGB,117.26500278086763,73.23270201340989,1326.6992565167689,1326.6992565167689,7.726262092590332,1dee5cb511a8012e5b449eed47827e90,e8cdc5279d943236,data\raw\dataset_B\EALPR Vechicles dataset\Vehicles\0195.jpg
dataset_B,0196.jpg,0196,.jpg,51994,960,540,3,1.777778,518400,RGB,111.95943672839506,63.91626588911008,642.9976838332354,642.9976838332354,7.541036128997803,b8e0d902872b67d0d9739fb148c48cb4,a1f858793f3e8438,data\raw\dataset_B\EALPR Vechicles dataset\Vehicles\0196.jpg
dataset_B,0197.jpg,0197,.jpg,56646,720,960,3,0.75,691200,RGB,93.7327879050926,70.30328363185373,76.29085654235757,76.29085654235757,7.362839698791504,8d4bd26236b1c2d7f9a843a74469292b,aa81865f59367eb0,data\raw\dataset_B\EALPR Vechicles dataset\Vehicles\0197.jpg
dataset_B,0198.jpg,0198,.jpg,51024,640,640,3,1.0,409600,RGB,125.1869775390625,67.18088659562991,806.3421391562879,806.3421391562879,7.570364952087402,6ae8b6b59720603f43d7ae049dbed2d3,ed84d25b8da8bc62,data\raw\dataset_B\EALPR Vechicles dataset\Vehicles\0198.jpg
dataset_B,0199.jpg,0199,.jpg,35175,640,640,3,1.0,409600,RGB,88.71394775390625,69.15227668623679,164.51215329589846,164.51215329589846,7.419010162353516,0e3ec58abc07c5a4b7e1a56c1468c389,dbd0c26bb4b0968b,data\raw\dataset_B\EALPR Vechicles dataset\Vehicles\0199.jpg
dataset_B,0200.jpg,0200,.jpg,75434,750,750,3,1.0,562500,RGB,116.78762133333333,60.24324334794503,1231.0942000465889,1231.0942000465889,7.677916526794434,300a73c1201151baac774cde1145ebcb,95d47a3e8d87a10e,data\raw\dataset_B\EALPR Vechicles dataset\Vehicles\0200.jpg
dataset_B,0201.jpg,0201,.jpg,70764,750,750,3,1.0,562500,RGB,97.58151822222223,53.801451761716756,171.23864343289995,171.23864343289995,7.315438747406006,9455561e8b784fc9524d9863bcdf18d5,c27c3cc3873fa0e2,data\raw\dataset_B\EALPR Vechicles dataset\Vehicles\0201.jpg
dataset_B,0202.jpg,0202,.jpg,28026,612,612,3,1.0,374544,RGB,41.91851691657055,43.37372494663737,138.64410856934654,138.64410856934654,6.058283805847168,544eee238bd0b636c62e05f2a7ea9290,adb1514ac2b1adcd,data\raw\dataset_B\EALPR Vechicles dataset\Vehicles\0202.jpg
dataset_B,0203.jpg,0203,.jpg,84630,750,750,3,1.0,562500,RGB,88.52198755555555,59.505935361223145,1152.838250362943,1152.838250362943,7.5844621658325195,a3351d8ef64f552a12ea3f979a828d4b,8ac2d17cf4c2cbc3,data\raw\dataset_B\EALPR Vechicles dataset\Vehicles\0203.jpg
dataset_B,0204.jpg,0204,.jpg,46014,750,557,3,1.346499,417750,RGB,54.23929622980251,56.61689615312186,328.9940105335263,328.9940105335263,6.805131435394287,3e9ecf9e6de3c2e29bd1a66ac37be779,fa81535ad0d53a1e,data\raw\dataset_B\EALPR Vechicles dataset\Vehicles\0204.jpg
dataset_B,0205.jpg,0205,.jpg,53264,848,640,3,1.325,542720,RGB,87.2823776533019,51.55697638831714,413.32108542604266,413.32108542604266,7.3379926681518555,fc09fbe46c28788661b19612c51a0f0c,f8e1a9698579b870,data\raw\dataset_B\EALPR Vechicles dataset\Vehicles\0205.jpg
dataset_B,0206.jpg,0206,.jpg,91327,750,750,3,1.0,562500,RGB,128.32032355555555,65.72653124320651,1736.2269263509777,1736.2269263509777,7.606552600860596,fdaafb84437bc1aa107f3152b9ea5c83,e282e2f0da787dc1,data\raw\dataset_B\EALPR Vechicles dataset\Vehicles\0206.jpg
dataset_B,0207.jpg,0207,.jpg,74976,750,750,3,1.0,562500,RGB,100.59592355555556,67.53180848890841,1082.9431083475881,1082.9431083475881,7.8270063400268555,541db69211ed2d2f3fbe92eb5ee0335b,8387c7e967a039e1,data\raw\dataset_B\EALPR Vechicles dataset\Vehicles\0207.jpg
dataset_B,0208.jpg,0208,.jpg,50232,640,640,3,1.0,409600,RGB,111.7781640625,91.06971529919376,1082.949132507229,1082.949132507229,6.922451496124268,78af3f675150784d9eaf2f2710bcd04d,b4800b6f56432bbf,data\raw\dataset_B\EALPR Vechicles dataset\Vehicles\0208.jpg
dataset_B,0209.jpg,0209,.jpg,79753,750,750,3,1.0,562500,RGB,112.37692622222222,65.60086994986085,699.297783449028,699.297783449028,7.607665061950684,d3691edbebd9ef6b915758d3dcc8818c,b46082a3addbc2ee,data\raw\dataset_B\EALPR Vechicles dataset\Vehicles\0209.jpg
dataset_B,0210.jpg,0210,.jpg,130464,1080,809,3,1.334981,873720,RGB,117.80158975415465,63.300103593496495,363.0401135318116,363.0401135318116,7.780457496643066,171ee19c8f11a83b1abd351510b787ad,f80d29bdd77a8209,data\raw\dataset_B\EALPR Vechicles dataset\Vehicles\0210.jpg
dataset_B,0211.jpg,0211,.jpg,106198,750,937,3,0.800427,702750,RGB,103.80390039131981,66.5373138476274,1541.5364257442145,1541.5364257442145,7.786199569702148,8ba4a536b8d6ce0273d6f7165e568145,9d2df625caed2023,data\raw\dataset_B\EALPR Vechicles dataset\Vehicles\0211.jpg
dataset_B,0212.jpg,0212,.jpg,54511,750,750,3,1.0,562500,RGB,58.757306666666665,52.184687131926616,299.3117082241707,299.3117082241707,7.103121280670166,b20c5ff3fe7435b954cd154682c00afe,cb333293bbd35212,data\raw\dataset_B\EALPR Vechicles dataset\Vehicles\0212.jpg
dataset_B,0213.jpg,0213,.jpg,67943,750,750,3,1.0,562500,RGB,112.73818844444445,60.69868116852512,631.4385283968917,631.4385283968917,7.5619964599609375,e3ada50532b5be04aa0e445458724f1a,ae01b17fe068cdca,data\raw\dataset_B\EALPR Vechicles dataset\Vehicles\0213.jpg
dataset_B,0214.jpg,0214,.jpg,63190,750,750,3,1.0,562500,RGB,71.55106844444444,63.191531162653824,508.84599876093154,508.84599876093154,6.860692977905273,f6bc4208501ac6593feb991398c4fb96,e8e8dfd4d0cc8e82,data\raw\dataset_B\EALPR Vechicles dataset\Vehicles\0214.jpg
dataset_B,0215.jpg,0215,.jpg,102091,750,937,3,0.800427,702750,RGB,81.03931696905016,58.93604388515275,1122.0442731377634,1122.0442731377634,7.446072578430176,ebd43f81eb296908f5b4134acbd39255,cd09907b917077c7,data\raw\dataset_B\EALPR Vechicles dataset\Vehicles\0215.jpg
dataset_B,0216.jpg,0216,.jpg,319210,1280,884,3,1.447964,1131520,RGB,87.62306720164027,72.88906608143293,6148.978661561641,6148.978661561641,7.69318962097168,a9c5f1c8933b7d59ad1dd49d325af1bb,991b7b9292596c96,data\raw\dataset_B\EALPR Vechicles dataset\Vehicles\0216.jpg
dataset_B,0217.jpg,0217,.jpg,29868,612,612,3,1.0,374544,RGB,97.38741242684438,84.39065460350639,186.1460752000578,186.1460752000578,7.0437541007995605,7e2ae18e90d3d6d286be9603fb1eba49,bf9180eeecece088,data\raw\dataset_B\EALPR Vechicles dataset\Vehicles\0217.jpg
dataset_B,0218.jpg,0218,.jpg,132103,1080,1350,3,0.8,1458000,RGB,63.29672770919067,53.739685889460446,65.7904538515395,65.7904538515395,6.894206523895264,6a52fe76e99f149ae8e2373b7cfe431b,db372449c9083efa,data\raw\dataset_B\EALPR Vechicles dataset\Vehicles\0218.jpg
dataset_B,0219.jpg,0219,.jpg,45341,640,640,3,1.0,409600,RGB,102.24488037109376,53.58352077042562,309.8084237165391,309.8084237165391,7.473116874694824,d97dfd425a09a0118d8d65360bafd689,e2e3b492830e39f9,data\raw\dataset_B\EALPR Vechicles dataset\Vehicles\0219.jpg
dataset_B,0220.jpg,0220,.jpg,67522,750,750,3,1.0,562500,RGB,92.48756622222223,69.5111869115009,470.13163067698883,470.13163067698883,7.499825477600098,4b466f6a4ba04ec038ec8c419023cd7e,ead1d702b9aea322,data\raw\dataset_B\EALPR Vechicles dataset\Vehicles\0220.jpg
dataset_B,0221.jpg,0221,.jpg,51654,750,750,3,1.0,562500,RGB,131.83164266666665,56.93252207684581,489.38135936850483,489.38135936850483,7.512732028961182,1cb7f9e15bc08338e93c2ced54ec64fe,a885c74a5f75328e,data\raw\dataset_B\EALPR Vechicles dataset\Vehicles\0221.jpg
dataset_B,0222.jpg,0222,.jpg,207188,1334,1001,3,1.332667,1335334,RGB,107.58092806743481,72.5869120834258,1611.057873882309,1611.057873882309,7.654040336608887,7d8184f70249441a8b816061b6b5d14e,ba90ad2c99f99835,data\raw\dataset_B\EALPR Vechicles dataset\Vehicles\0222.jpg
dataset_B,0223.jpg,0223,.jpg,187613,1334,1001,3,1.332667,1335334,RGB,117.12462125580566,77.07422004586188,1320.8344635748344,1320.8344635748344,7.679122447967529,c4d705577c78c1ae3d427c9b4d9390fa,fe85a1baae399882,data\raw\dataset_B\EALPR Vechicles dataset\Vehicles\0223.jpg
dataset_B,0224.jpg,0224,.jpg,41489,612,612,3,1.0,374544,RGB,132.45672604553803,70.06550532051331,271.3467753621816,271.3467753621816,7.573751449584961,130bea74d8b449f6786da7511fff7566,c2cbff5d91711940,data\raw\dataset_B\EALPR Vechicles dataset\Vehicles\0224.jpg
dataset_B,0225.jpg,0225,.jpg,52487,750,750,3,1.0,562500,RGB,51.853649777777775,46.37397473501238,579.3741052690174,579.3741052690174,6.496498107910156,24fd3e7b2dfc5a2599a29a34ee640c0d,aad5b27ad7895830,data\raw\dataset_B\EALPR Vechicles dataset\Vehicles\0225.jpg
dataset_B,0226.jpg,0226,.jpg,54650,900,1125,3,0.8,1012500,RGB,71.98773728395062,67.57255223134534,264.4040612154489,264.4040612154489,6.644077301025391,72758b142fc7693aa91d64fe1044121a,ebe070c3663cc9a6,data\raw\dataset_B\EALPR Vechicles dataset\Vehicles\0226.jpg
dataset_B,0227.jpg,0227,.jpg,33566,612,612,3,1.0,374544,RGB,110.91696569695416,75.34285552599154,152.5768027076264,152.5768027076264,7.469611167907715,eb202c5239dde0f8e4410a5df2d33a33,f8f07078f97022f2,data\raw\dataset_B\EALPR Vechicles dataset\Vehicles\0227.jpg
dataset_B,0228.jpg,0228,.jpg,153834,1080,1034,3,1.044487,1116720,RGB,120.45066265491798,69.11120714287382,607.9269288533962,607.9269288533962,7.80296516418457,819a06a3f4ca67a82dccc69af39f70a3,afd0d0cacafb242c,data\raw\dataset_B\EALPR Vechicles dataset\Vehicles\0228.jpg
dataset_B,0229.jpg,0229,.jpg,55111,640,640,3,1.0,409600,RGB,78.67670166015625,56.48460254241735,1195.6028104110717,1195.6028104110717,7.152591705322266,93d710e1c64c938c79f2296e60cf357a,8ac0f4f5cada6465,data\raw\dataset_B\EALPR Vechicles dataset\Vehicles\0229.jpg
dataset_B,0230.jpg,0230,.jpg,59553,640,640,3,1.0,409600,RGB,78.95908935546875,66.30011583708259,1751.1756330711305,1751.1756330711305,7.4360151290893555,8ad25aa2c4457782f1a07788c6293d7f,bbb58413faaad890,data\raw\dataset_B\EALPR Vechicles dataset\Vehicles\0230.jpg
dataset_B,0231.jpg,0231,.jpg,27549,700,422,3,1.658768,295400,RGB,160.40194651320243,57.447452362493365,248.5848143924628,248.5848143924628,7.565969944000244,822babfec79d164289f995ed09327352,b4418d7c8334ecf3,data\raw\dataset_B\EALPR Vechicles dataset\Vehicles\0231.jpg
dataset_B,0232.jpg,0232,.jpg,53996,750,704,3,1.065341,528000,RGB,110.13480871212121,66.50905146662313,185.50472032954187,185.50472032954187,7.451390266418457,d1f1ec8bfdb0421c86590fa546d2178a,b587ca08e17ada35,data\raw\dataset_B\EALPR Vechicles dataset\Vehicles\0232.jpg
dataset_B,0233.jpg,0233,.jpg,252492,2048,1536,3,1.333333,3145728,RGB,77.44574324289958,41.88299203253482,135.25696878621562,135.25696878621562,7.239316940307617,3a79bb8d3385af5a962d005b03a1c58b,87c65288e94f6739,data\raw\dataset_B\EALPR Vechicles dataset\Vehicles\0233.jpg
dataset_B,0234.jpg,0234,.jpg,109127,750,750,3,1.0,562500,RGB,114.13873955555556,69.23170071098733,4175.019326330309,4175.019326330309,7.920440673828125,5bb577328de966bf0c4fab4eda722ecd,bf075878a261998f,data\raw\dataset_B\EALPR Vechicles dataset\Vehicles\0234.jpg
dataset_B,0235.jpg,0235,.jpg,46402,640,640,3,1.0,409600,RGB,119.4907470703125,67.65186603383424,354.87134618148207,354.87134618148207,7.710540294647217,1f612b5195791cf2fda7d79eda95b86c,c28237fc94c58d4f,data\raw\dataset_B\EALPR Vechicles dataset\Vehicles\0235.jpg
dataset_B,0236.jpg,0236,.jpg,114288,750,750,3,1.0,562500,RGB,139.5320231111111,72.35100999577853,2625.8892654615106,2625.8892654615106,7.872014999389648,4cbda252e6f3366fdda31ff06ea9cfc5,fd69c15508ccf427,data\raw\dataset_B\EALPR Vechicles dataset\Vehicles\0236.jpg
dataset_B,0237.jpg,0237,.jpg,102346,900,1125,3,0.8,1012500,RGB,107.18694222222223,72.97917569890721,703.9159150044444,703.9159150044444,7.443660736083984,8bc47f356b701f568f31647fddf0ed85,bf5a1b1a629542b3,data\raw\dataset_B\EALPR Vechicles dataset\Vehicles\0237.jpg
dataset_B,0238.jpg,0238,.jpg,249402,1080,1350,3,0.8,1458000,RGB,82.67359739368999,58.844968979794444,407.47938390229535,407.47938390229535,7.656649112701416,3fb757d711c0cd369efcba1edb12f85a,babede58b4084879,data\raw\dataset_B\EALPR Vechicles dataset\Vehicles\0238.jpg
dataset_B,0239.jpg,0239,.jpg,55534,750,750,3,1.0,562500,RGB,53.05668088888889,42.06868715365849,517.7215455887613,517.7215455887613,6.579944610595703,fde3968be81389e523d37ae0bff7dd6d,fe43436b309959b4,data\raw\dataset_B\EALPR Vechicles dataset\Vehicles\0239.jpg
dataset_B,0240.jpg,0240,.jpg,258221,1535,1077,3,1.425255,1653195,RGB,127.4015733171223,68.63187501763633,552.019631540419,552.019631540419,7.860468864440918,913b4ce1a5a2969d92ab681faeb0f769,bd1ed2e22fda2130,data\raw\dataset_B\EALPR Vechicles dataset\Vehicles\0240.jpg
dataset_B,0241.jpg,0241,.jpg,60011,750,750,3,1.0,562500,RGB,68.64156088888889,57.4137875317154,383.1340823534902,383.1340823534902,7.313329696655273,919808a1204713387c6f660d5b7195f3,f6d0d0d219ec52b9,data\raw\dataset_B\EALPR Vechicles dataset\Vehicles\0241.jpg
dataset_B,0242.jpg,0242,.jpg,93506,1231,695,3,1.771223,855545,RGB,104.6446674342086,45.16353978470545,217.56087209078618,217.56087209078618,7.16552734375,0e96817983c4557f3818b8782a662a86,ba115dde194d92b4,data\raw\dataset_B\EALPR Vechicles dataset\Vehicles\0242.jpg
dataset_B,0243.jpg,0243,.jpg,67237,640,640,3,1.0,409600,RGB,101.62131591796874,51.0141608157687,1052.0355343044043,1052.0355343044043,7.494866371154785,f69002b19d4e0c29bdc4ad82ddf9e6f3,d9c9a1b6c180bdd3,data\raw\dataset_B\EALPR Vechicles dataset\Vehicles\0243.jpg
dataset_B,0244.jpg,0244,.jpg,90814,750,750,3,1.0,562500,RGB,110.24136711111112,57.41676919319251,1645.8879656351003,1645.8879656351003,7.587793827056885,04560eb9c10dd0c2fea464375f5259bd,fd59912b6fd0484a,data\raw\dataset_B\EALPR Vechicles dataset\Vehicles\0244.jpg
dataset_B,0245.jpg,0245,.jpg,53262,750,750,3,1.0,562500,RGB,137.10990222222222,62.675524563256175,302.35945950214324,302.35945950214324,7.483432769775391,30102278e7b4ab4739eb1ed4330a8513,eaa1d5be9d4f2220,data\raw\dataset_B\EALPR Vechicles dataset\Vehicles\0245.jpg
dataset_B,0246.jpg,0246,.jpg,250679,1080,1080,3,1.0,1166400,RGB,122.45368569958848,70.90939093870666,1283.3242049494881,1283.3242049494881,7.939706325531006,7ee684b884dca20e6086df60ff5c2abc,f5c3c22e0f243676,data\raw\dataset_B\EALPR Vechicles dataset\Vehicles\0246.jpg
dataset_B,0247.jpg,0247,.jpg,85144,750,750,3,1.0,562500,RGB,110.55089777777778,62.80498618275636,1093.401296609457,1093.401296609457,7.685051918029785,59ff8f1ca187e66a6fa72c2c2c411400,fcd883033f222737,data\raw\dataset_B\EALPR Vechicles dataset\Vehicles\0247.jpg
dataset_B,0248.jpg,0248,.jpg,47480,900,1125,3,0.8,1012500,RGB,60.70787654320988,72.13000363496332,259.0389629299377,259.0389629299377,6.636231422424316,b4735a5f6eb06ad2a7704264950e2a1d,fad0d09d1e36646c,data\raw\dataset_B\EALPR Vechicles dataset\Vehicles\0248.jpg
dataset_B,0249.jpg,0249,.jpg,35849,640,640,3,1.0,409600,RGB,116.12978271484376,95.91385513642189,286.4103088731706,286.4103088731706,7.048287391662598,785c80195e8c041c9484f513e8b5332d,c989a3357cf69690,data\raw\dataset_B\EALPR Vechicles dataset\Vehicles\0249.jpg
dataset_B,0250.jpg,0250,.jpg,51020,750,748,3,1.002674,561000,RGB,95.45085739750445,66.51376629906218,522.9143223237215,522.9143223237215,6.828726768493652,4039fd3d4e1f57472f6e1397bafc57ee,fae8a0ff81958585,data\raw\dataset_B\EALPR Vechicles dataset\Vehicles\0250.jpg
dataset_B,0251.jpg,0251,.jpg,53985,640,853,3,0.750293,545920,RGB,90.97742526377492,61.08114893469169,555.1546504629027,555.1546504629027,6.95750617980957,c2cf58f2590071ddd4945198ed7757c3,f3931c6d9112766a,data\raw\dataset_B\EALPR Vechicles dataset\Vehicles\0251.jpg
dataset_B,0252.jpg,0252,.jpg,124875,1008,756,3,1.333333,762048,RGB,116.72803944108507,67.94818357450428,1566.1057829218366,1566.1057829218366,7.628164291381836,db28e48952c5e187b9b1a8841387c2dc,a8b1935e5e74646c,data\raw\dataset_B\EALPR Vechicles dataset\Vehicles\0252.jpg
dataset_B,0253.jpg,0253,.jpg,60787,750,750,3,1.0,562500,RGB,81.91537955555556,47.59568060983806,633.7284483334037,633.7284483334037,7.283868312835693,3f15f715600c2ae45be1262cc0917a9a,b6b6818c0c6b7b6a,data\raw\dataset_B\EALPR Vechicles dataset\Vehicles\0253.jpg
dataset_B,0254.jpg,0254,.jpg,69587,750,750,3,1.0,562500,RGB,102.53424355555556,76.79799765214521,687.5273627013974,687.5273627013974,7.463160991668701,4894a9929259631793ef157bee34115a,ef85860789caf274,data\raw\dataset_B\EALPR Vechicles dataset\Vehicles\0254.jpg
dataset_B,0255.jpg,0255,.jpg,42097,471,589,3,0.79966,277419,RGB,28.01251176018946,41.95870869300691,408.2205617699247,408.2205617699247,5.823449611663818,290916ca9e5d4cb918fe449931e294e2,f9f4b68585179581,data\raw\dataset_B\EALPR Vechicles dataset\Vehicles\0255.jpg
dataset_B,0256.jpg,0256,.jpg,37326,612,459,3,1.333333,280908,RGB,88.64313939083259,58.96253303684553,733.6484221676842,733.6484221676842,7.5578436851501465,63d8bfbf961eba201b9f92ad6a3eea61,ec4cd66a317178d8,data\raw\dataset_B\EALPR Vechicles dataset\Vehicles\0256.jpg
dataset_B,0257.jpg,0257,.jpg,115634,900,1125,3,0.8,1012500,RGB,127.88129876543209,60.415619392340275,475.51964973981677,475.51964973981677,7.422218322753906,4b4601273a2149d31edbb2088b85eaac,be9c9116c2f1f185,data\raw\dataset_B\EALPR Vechicles dataset\Vehicles\0257.jpg
dataset_B,0258.jpg,0258,.jpg,38035,612,459,3,1.333333,280908,RGB,81.74102197160636,56.82078262247833,838.3665590410723,838.3665590410723,7.530564785003662,52779bcdf97e781b4fdee2b506bab6b1,caf824ca1e2d313f,data\raw\dataset_B\EALPR Vechicles dataset\Vehicles\0258.jpg
dataset_B,0259.jpg,0259,.jpg,78790,750,750,3,1.0,562500,RGB,119.15586133333333,73.3095554338685,673.3896479303396,673.3896479303396,7.771364688873291,3697c442a5f6cc7d2f9db1e445e2bdd4,af97975398ec208c,data\raw\dataset_B\EALPR Vechicles dataset\Vehicles\0259.jpg
dataset_B,0260.jpg,0260,.jpg,50527,696,640,3,1.0875,445440,RGB,94.00406788793103,53.54275835719363,398.742189120508,398.742189120508,7.332997798919678,f604730a9809be94bb68d10b3420d6d4,ea808507877dbda6,data\raw\dataset_B\EALPR Vechicles dataset\Vehicles\0260.jpg
dataset_B,0261.jpg,0261,.jpg,68562,612,686,3,0.892128,419832,RGB,131.81183425751252,64.87445538878276,761.4086337504568,761.4086337504568,7.6816020011901855,0be98e94231787ba3040caf5463636a2,ec81d16ec16b3e31,data\raw\dataset_B\EALPR Vechicles dataset\Vehicles\0261.jpg
dataset_B,0262.jpg,0262,.jpg,54262,640,853,3,0.750293,545920,RGB,103.85922113130128,69.02041949869287,372.9710102207276,372.9710102207276,7.506953716278076,442ecace19ed09112d24581dd8769fc8,e881d7f8e8c6c638,data\raw\dataset_B\EALPR Vechicles dataset\Vehicles\0262.jpg
dataset_B,0263.jpg,0263,.jpg,201100,1080,1080,3,1.0,1166400,RGB,62.11694958847737,60.29476232028904,420.97496521614994,420.97496521614994,7.195282936096191,1d4d3dd6b2fd3cd9d05819293901a2d6,f0e1ab979f0f8308,data\raw\dataset_B\EALPR Vechicles dataset\Vehicles\0263.jpg
dataset_B,0264.jpg,0264,.jpg,34301,612,816,3,0.75,499392,RGB,37.69889385492759,42.70392653788997,156.67458561299875,156.67458561299875,6.230841636657715,b960b094a458a1b6c4b4a5ea3672689d,d4270bdf35d84a07,data\raw\dataset_B\EALPR Vechicles dataset\Vehicles\0264.jpg
dataset_B,0265.jpg,0265,.jpg,95246,640,800,3,0.8,512000,RGB,112.7650234375,65.01702316809096,1859.269438345486,1859.269438345486,7.894253730773926,7f4669fed68ad1293a8b0c4312d822c2,aad295259a3f81cd,data\raw\dataset_B\EALPR Vechicles dataset\Vehicles\0265.jpg
dataset_B,0266.jpg,0266,.jpg,55754,640,800,3,0.8,512000,RGB,78.5326328125,39.15110093765945,429.71342184934997,429.71342184934997,6.9738311767578125,047d6a97c53f3fe5ccd35e850a1385cb,ae78d4c61e282f93,data\raw\dataset_B\EALPR Vechicles dataset\Vehicles\0266.jpg
dataset_B,0267.jpg,0267,.jpg,57525,900,1125,3,0.8,1012500,RGB,62.48470913580247,68.6824521536891,219.41173529768167,219.41173529768167,6.674238204956055,f8c47c350b49279b7dfbe7198274c660,afa862529c957761,data\raw\dataset_B\EALPR Vechicles dataset\Vehicles\0267.jpg
dataset_B,0268.jpg,0268,.jpg,96806,882,640,3,1.378125,564480,RGB,121.49323448129252,65.2017092026038,1022.6534467894445,1022.6534467894445,7.860376358032227,e01620581742bce7c14afbd486369719,bd83a2c99276c98d,data\raw\dataset_B\EALPR Vechicles dataset\Vehicles\0268.jpg
dataset_B,0269.jpg,0269,.jpg,83316,750,937,3,0.800427,702750,RGB,91.04193525435788,57.184097818224934,505.0753130818282,505.0753130818282,7.632281303405762,6596a77d8d39ad1fb648f82a82bde43d,ece9931610fc3d91,data\raw\dataset_B\EALPR Vechicles dataset\Vehicles\0269.jpg
dataset_B,0270.jpg,0270,.jpg,93471,750,750,3,1.0,562500,RGB,105.03614222222222,65.91957415219277,2281.470220085511,2281.470220085511,7.685708045959473,1cc4f5f545c4d8fd912abc61533d0249,9498cb9d84a27ee9,data\raw\dataset_B\EALPR Vechicles dataset\Vehicles\0270.jpg
dataset_B,0271.jpg,0271,.jpg,72779,750,937,3,0.800427,702750,RGB,139.84085948061187,74.51655782955957,530.3258238277581,530.3258238277581,7.705206871032715,69b18a363f6a0b8330c53290cdd38ede,fdc0d36d207b5494,data\raw\dataset_B\EALPR Vechicles dataset\Vehicles\0271.jpg
dataset_B,0272.jpg,0272,.jpg,101533,750,564,3,1.329787,423000,RGB,114.8631536643026,65.0957801778078,5334.916733332657,5334.916733332657,7.907861709594727,244ac73b074614908a5b2bfc31180355,f810b671d1d993b2,data\raw\dataset_B\EALPR Vechicles dataset\Vehicles\0272.jpg
dataset_B,0273.jpg,0273,.jpg,95426,960,640,3,1.5,614400,RGB,130.77174479166666,64.99845410182905,674.245115159734,674.245115159734,7.732534408569336,dbbed4cfe2c10dac73c6e77581748908,ea04d4fa996361f1,data\raw\dataset_B\EALPR Vechicles dataset\Vehicles\0273.jpg
dataset_B,0274.jpg,0274,.jpg,84697,1080,1350,3,0.8,1458000,RGB,59.44912962962963,61.337293177075125,19.065788065500684,19.065788065500684,6.91352653503418,b82c8a967370a152eaf748fbbfd17305,d42f2dc02b7fd482,data\raw\dataset_B\EALPR Vechicles dataset\Vehicles\0274.jpg
dataset_B,0275.jpg,0275,.jpg,57335,854,640,3,1.334375,546560,RGB,107.72809755562061,57.017247022625334,442.8070620327894,442.8070620327894,7.600541114807129,d175a4d9dc41c1b4d2f53c9c6ffdd86a,c9cac8e1d2daf845,data\raw\dataset_B\EALPR Vechicles dataset\Vehicles\0275.jpg
dataset_B,0276.jpg,0276,.jpg,74065,800,1000,3,0.8,800000,RGB,172.5603975,79.23457027801688,175.02587126790002,175.02587126790002,5.9572319984436035,d4a60936884f59784e99b5705c522386,e1d68c29d662e99c,data\raw\dataset_B\EALPR Vechicles dataset\Vehicles\0276.jpg
dataset_B,0277.jpg,0277,.jpg,95564,900,1125,3,0.8,1012500,RGB,148.19260543209876,58.8983022282455,370.71266178085926,370.71266178085926,7.121269226074219,e6b72f40babdd1662b954f4164416462,fa9296de6ac32170,data\raw\dataset_B\EALPR Vechicles dataset\Vehicles\0277.jpg
dataset_B,0278.jpg,0278,.jpg,101053,800,1000,3,0.8,800000,RGB,69.5774625,56.2054757079868,240.54529823698596,240.54529823698596,7.292003631591797,568564f32c9e0f57c9ce4fd62b740e4d,abde7c29a298d885,data\raw\dataset_B\EALPR Vechicles dataset\Vehicles\0278.jpg
dataset_B,0279.jpg,0279,.jpg,121091,935,1169,3,0.799829,1093015,RGB,69.71238546589022,56.26942317305839,183.27183885010737,183.27183885010737,7.246023178100586,40f95a1df45a5f215f1e9c387136dcf0,ffe2c2eaa312068b,data\raw\dataset_B\EALPR Vechicles dataset\Vehicles\0279.jpg
dataset_B,0280.jpg,0280,.jpg,92202,640,640,3,1.0,409600,RGB,89.493427734375,72.70387952118047,1281.2003557317496,1281.2003557317496,7.639800548553467,bd6941f24297bfb9ddfee340a70a0916,8e842c2ab7cfb689,data\raw\dataset_B\EALPR Vechicles dataset\Vehicles\0280.jpg
dataset_B,0281.jpg,0281,.jpg,135968,720,960,3,0.75,691200,RGB,119.46133391203703,67.67325643339016,1410.8160978939522,1410.8160978939522,7.8377556800842285,7ff1ea4c75f067c1099079c39d9105fc,aa17fb2a837a1545,data\raw\dataset_B\EALPR Vechicles dataset\Vehicles\0281.jpg
dataset_B,0282.jpg,0282,.jpg,90278,750,750,3,1.0,562500,RGB,81.16783111111111,65.39631115527958,675.6554966865888,675.6554966865888,7.294313430786133,57c2eb1b6a0d2b0032f2135b3c19b642,ae60d26ac2bf4bd0,data\raw\dataset_B\EALPR Vechicles dataset\Vehicles\0282.jpg
dataset_B,0283.jpg,0283,.jpg,104223,800,1000,3,0.8,800000,RGB,110.0824875,77.33054049541063,309.73015947799377,309.73015947799377,7.559983730316162,a37b3ec692fab1b62a020c36c77cdc6d,f8af80e1d09782d7,data\raw\dataset_B\EALPR Vechicles dataset\Vehicles\0283.jpg
dataset_B,0284.jpg,0284,.jpg,117451,937,1171,3,0.800171,1097227,RGB,144.011070635338,85.40004056000403,230.46335072968148,230.46335072968148,7.219823837280273,2e1e928624500aaa736bf770645e374c,e897de6820bfda08,data\raw\dataset_B\EALPR Vechicles dataset\Vehicles\0284.jpg
dataset_B,0285.jpg,0285,.jpg,106690,1080,1350,3,0.8,1458000,RGB,105.46938340192044,70.23537933130176,389.72840114390823,389.72840114390823,7.527396202087402,78a0f78775ee35f37d7bad194814b4dd,d6f26989c7df2820,data\raw\dataset_B\EALPR Vechicles dataset\Vehicles\0285.jpg
dataset_B,0286.jpg,0286,.jpg,95770,900,1125,3,0.8,1012500,RGB,105.6707437037037,65.14006302979693,373.2194389598425,373.2194389598425,7.031503200531006,8df9c90d7af87f6c6c61728326c01c7e,af9d948cdc4e7848,data\raw\dataset_B\EALPR Vechicles dataset\Vehicles\0286.jpg
dataset_B,0287.jpg,0287,.jpg,102851,799,999,3,0.7998,798201,RGB,129.92177910075281,81.78679145943808,477.07079042101043,477.07079042101043,7.487903594970703,6d9bbb070b031717b62425df7eec3529,f89bfd61074e9c10,data\raw\dataset_B\EALPR Vechicles dataset\Vehicles\0287.jpg
dataset_B,0288.jpg,0288,.jpg,77008,800,1000,3,0.8,800000,RGB,106.70281875,61.75783579477707,152.0608012021484,152.0608012021484,6.570840835571289,967b4d074211f58246a5cae47a57493d,ece0939e04297b73,data\raw\dataset_B\EALPR Vechicles dataset\Vehicles\0288.jpg
dataset_B,0289.jpg,0289,.jpg,235137,1080,1350,3,0.8,1458000,RGB,88.38435185185185,49.60070451999967,393.8259773971146,393.8259773971146,7.55156135559082,ef7befa844a6cee682d8d6e9869b7967,adadd795028a1ed8,data\raw\dataset_B\EALPR Vechicles dataset\Vehicles\0289.jpg
dataset_B,0290.jpg,0290,.jpg,73814,750,684,3,1.096491,513000,RGB,135.25259064327486,70.40687608406049,1170.4313722027139,1170.4313722027139,7.642753601074219,871c38cf495931907009fb248e0fc5ef,d097a18b3e14d7a9,data\raw\dataset_B\EALPR Vechicles dataset\Vehicles\0290.jpg
dataset_B,0291.jpg,0291,.jpg,103739,800,1000,3,0.8,800000,RGB,88.71040375,71.24183790275195,542.9690074319938,542.9690074319938,7.646234512329102,5c008f47b3d4bd6542973cdafe5649f0,8cac2c6eb4bccec4,data\raw\dataset_B\EALPR Vechicles dataset\Vehicles\0291.jpg
dataset_B,0292.jpg,0292,.jpg,95669,931,1164,3,0.799828,1083684,RGB,108.15988516947745,60.21078071061983,110.15423309258777,110.15423309258777,7.465197563171387,b8dd326a86944c9f3700f42caa745145,ab9910189cded769,data\raw\dataset_B\EALPR Vechicles dataset\Vehicles\0292.jpg
dataset_B,0293.jpg,0293,.jpg,50622,695,364,3,1.909341,252980,RGB,68.58176930982687,56.677342021173615,1543.187665368971,1543.187665368971,6.963727951049805,4640f547984add3c48a9a95a43729e30,8a22345ddd278b9b,data\raw\dataset_B\EALPR Vechicles dataset\Vehicles\0293.jpg
dataset_B,0294.jpg,0294,.jpg,47468,695,364,3,1.909341,252980,RGB,66.05562495058898,45.40280891638106,945.1646579029216,945.1646579029216,6.762892723083496,47b453db0f7b543943f0dbad56cca9af,cc681b27b4e86bcc,data\raw\dataset_B\EALPR Vechicles dataset\Vehicles\0294.jpg
dataset_B,0295.jpg,0295,.jpg,168467,1074,1125,3,0.954667,1208250,RGB,102.6243310573143,81.80592487721165,2020.8626080158228,2020.8626080158228,7.570867538452148,48d546b1d275324b5bc46c6d5e844eea,8f979f706848334d,data\raw\dataset_B\EALPR Vechicles dataset\Vehicles\0295.jpg
dataset_B,0296.jpg,0296,.jpg,70557,750,562,3,1.33452,421500,RGB,71.28203795966785,61.95114036615951,1305.249190632788,1305.249190632788,7.3515400886535645,e3ec98301eea9f371ef0a854711a337c,a8b4b7a58c4a73c9,data\raw\dataset_B\EALPR Vechicles dataset\Vehicles\0296.jpg
dataset_B,0297.jpg,0297,.jpg,84611,750,562,3,1.33452,421500,RGB,64.1116109134045,61.14240289273464,1957.0689636671552,1957.0689636671552,7.332035064697266,7465a9939a7ce142320761ecbbc49d10,ea80f580fc37e2c3,data\raw\dataset_B\EALPR Vechicles dataset\Vehicles\0297.jpg
dataset_B,0298.jpg,0298,.jpg,59230,459,459,3,1.0,210681,RGB,90.27798425107153,61.245527440603304,1127.4696398839621,1127.4696398839621,7.501381874084473,987ccf1a48aaa506553d2e8278a98edf,ae3690fc5e82625d,data\raw\dataset_B\EALPR Vechicles dataset\Vehicles\0298.jpg
dataset_B,0299.jpg,0299,.jpg,91536,960,432,3,2.222222,414720,RGB,115.66961082175926,55.50308879731468,1853.043943758364,1853.043943758364,7.6796793937683105,8a5cabcc5846779bb49b8bf9a63d6682,93523a8fcc6630cf,data\raw\dataset_B\EALPR Vechicles dataset\Vehicles\0299.jpg
dataset_B,0300.jpg,0300,.jpg,110285,800,1000,3,0.8,800000,RGB,103.23773875,56.220158964883304,229.26768258799373,229.26768258799373,7.359140396118164,9ee4ecdf8141e974210dfa5563cb4fec,fe97d782492b7180,data\raw\dataset_B\EALPR Vechicles dataset\Vehicles\0300.jpg
dataset_B,0301.jpg,0301,.jpg,72637,640,640,3,1.0,409600,RGB,65.2809423828125,45.214760018449475,412.8516889339447,412.8516889339447,6.869663238525391,2f5a1a9f567d8c7f35f894fc18e6a0b4,a8579728a89747ea,data\raw\dataset_B\EALPR Vechicles dataset\Vehicles\0301.jpg
dataset_B,0302.jpg,0302,.jpg,61689,612,459,3,1.333333,280908,RGB,108.89766400387316,69.70318879249557,885.1936292541772,885.1936292541772,7.849903583526611,e95b7920ccfb75832d7a432baefd4292,ef43e83a94699691,data\raw\dataset_B\EALPR Vechicles dataset\Vehicles\0302.jpg
dataset_B,0303.jpg,0303,.jpg,148717,937,1171,3,0.800171,1097227,RGB,135.42415197584455,72.36896866131241,391.5948900726726,391.5948900726726,7.804202079772949,9ba47308eb65ee394061858e7cb22061,fcc1853cf2725e12,data\raw\dataset_B\EALPR Vechicles dataset\Vehicles\0303.jpg
dataset_B,0304.jpg,0304,.jpg,132055,750,750,3,1.0,562500,RGB,118.03575466666666,65.42143177076717,2076.297949525647,2076.297949525647,7.914107799530029,2b2b5922731198571b0ef8853b0e2683,b9d3d22c01333f87,data\raw\dataset_B\EALPR Vechicles dataset\Vehicles\0304.jpg
dataset_B,0305.jpg,0305,.jpg,77791,765,956,3,0.800209,731340,RGB,67.2637364290207,43.605839317649306,100.84044218010298,100.84044218010298,6.670286178588867,bc57d6644eb049879ad924335b097589,f8f0d07efe30504c,data\raw\dataset_B\EALPR Vechicles dataset\Vehicles\0305.jpg
dataset_B,0306.jpg,0306,.jpg,46216,375,375,3,1.0,140625,RGB,107.142272,60.22908082027978,1955.4990802835787,1955.4990802835787,7.77332878112793,7ba5ebdc9b255d43adf81270428831ee,c365e9c3a474d169,data\raw\dataset_B\EALPR Vechicles dataset\Vehicles\0306.jpg
dataset_B,0307.jpg,0307,.jpg,146733,937,1170,3,0.800855,1096290,RGB,115.62056663838948,60.6172794967966,630.4168690507146,630.4168690507146,7.639523983001709,c272ba231b22b3666a6766121fd4e243,dc9793a46042bb75,data\raw\dataset_B\EALPR Vechicles dataset\Vehicles\0307.jpg
dataset_B,0308.jpg,0308,.jpg,52931,640,431,3,1.484919,275840,RGB,114.12481511020881,52.07848886853184,311.1572305457848,311.1572305457848,7.539268493652344,a9ca8da464a4c258effbd99c8741a4c0,9290696ca19e3e9f,data\raw\dataset_B\EALPR Vechicles dataset\Vehicles\0308.jpg
dataset_B,0309.jpg,0309,.jpg,115233,765,956,3,0.800209,731340,RGB,110.45582629146499,54.33976565998996,283.4010656297103,283.4010656297103,7.490317344665527,ff6c2c8776b70786003cd852a66615d6,9e1e27b1d1c2aa2d,data\raw\dataset_B\EALPR Vechicles dataset\Vehicles\0309.jpg
dataset_B,0310.jpg,0310,.jpg,63260,750,562,3,1.33452,421500,RGB,82.58837722419929,73.8562494773226,929.0949655979479,929.0949655979479,7.216540813446045,69986c06f2f31a26df22eb4de6b26a0d,95f26af863d2d0c1,data\raw\dataset_B\EALPR Vechicles dataset\Vehicles\0310.jpg
dataset_B,0311.jpg,0311,.jpg,132570,800,1000,3,0.8,800000,RGB,125.5160425,66.65170886885193,466.42140221549846,466.42140221549846,7.70051383972168,ae54dc327ed6cbc11d897f2cafc26a33,efc0c0ef86d22c35,data\raw\dataset_B\EALPR Vechicles dataset\Vehicles\0311.jpg
dataset_B,0312.jpg,0312,.jpg,107384,773,796,3,0.971106,615308,RGB,119.34069441645485,83.83605251761627,1386.5848192263177,1386.5848192263177,7.715532302856445,8dca530234da6755d5957529a8edd692,ce466ee59750a07a,data\raw\dataset_B\EALPR Vechicles dataset\Vehicles\0312.jpg
dataset_B,0313.jpg,0313,.jpg,90184,697,796,3,0.875628,554812,RGB,91.01005926331803,68.87324086131271,656.8585650601043,656.8585650601043,7.715306758880615,f65ad47ec984da9d68f6dc5d043755b1,fa7ed508c1e42995,data\raw\dataset_B\EALPR Vechicles dataset\Vehicles\0313.jpg
dataset_B,0314.jpg,0314,.jpg,113958,944,1181,3,0.799323,1114864,RGB,68.17748711950516,49.21245654839485,184.6499586872143,184.6499586872143,7.138266563415527,864dc1533eb4d41d0b2d9f2e0e5643b1,9a916b0d9796627a,data\raw\dataset_B\EALPR Vechicles dataset\Vehicles\0314.jpg
dataset_B,0315.jpg,0315,.jpg,157860,937,1171,3,0.800171,1097227,RGB,117.76921001761714,80.49499325099185,597.5436635593142,597.5436635593142,7.8707122802734375,c0288b43509c3c1ae2f919f5eaf6eb4c,81c36ae7dde17a80,data\raw\dataset_B\EALPR Vechicles dataset\Vehicles\0315.jpg
dataset_B,0316.jpg,0316,.jpg,111720,752,754,3,0.997347,567008,RGB,142.7036391020938,74.90002937126503,1592.0444197058953,1592.0444197058953,7.374546051025391,2d2597d835f19241465a4a617b44db15,b4988f3ec82076f9,data\raw\dataset_B\EALPR Vechicles dataset\Vehicles\0316.jpg
dataset_B,0317.jpg,0317,.jpg,134899,937,1171,3,0.800171,1097227,RGB,62.92800851601355,47.71955226289732,243.75334442327758,243.75334442327758,7.01621675491333,e9de973893cc1cebefb5b4e2c7a84679,95d37b9b90923a2a,data\raw\dataset_B\EALPR Vechicles dataset\Vehicles\0317.jpg
dataset_B,0318.jpg,0318,.jpg,56558,745,558,3,1.335125,415710,RGB,76.59457073440619,45.672059062566596,252.3701159390719,252.3701159390719,6.782451629638672,b01f784f1e3944b5384e672fa0c301ea,c60969c73e3938d6,data\raw\dataset_B\EALPR Vechicles dataset\Vehicles\0318.jpg
dataset_B,0319.jpg,0319,.jpg,147104,937,1171,3,0.800171,1097227,RGB,98.46914448878856,55.815732395916356,229.7431542983579,229.7431542983579,7.64740514755249,c4f9a208514acbc2a0fdfe990b764e22,8f85a568ec30b397,data\raw\dataset_B\EALPR Vechicles dataset\Vehicles\0319.jpg
dataset_B,0320.jpg,0320,.jpg,145657,800,1000,3,0.8,800000,RGB,95.4565875,53.99897464632865,426.89024368174836,426.89024368174836,7.508833408355713,5059397b34c65f9fe8850625bb748fe0,b434d6930e9ed670,data\raw\dataset_B\EALPR Vechicles dataset\Vehicles\0320.jpg
dataset_B,0321.jpg,0321,.jpg,97046,800,1000,3,0.8,800000,RGB,72.48401,65.0065938141655,227.381775004775,227.381775004775,7.127895355224609,132e2620b5bcccdf847cfb2e380730bb,d6003ded812fcef0,data\raw\dataset_B\EALPR Vechicles dataset\Vehicles\0321.jpg
dataset_B,0322.jpg,0322,.jpg,46562,640,480,3,1.333333,307200,RGB,78.893544921875,69.96246188432266,1445.0793777464125,1445.0793777464125,7.396376609802246,36e6201bed103b237b872183f8f08771,d7878ba9a391866a,data\raw\dataset_B\EALPR Vechicles dataset\Vehicles\0322.jpg
dataset_B,0323.jpg,0323,.jpg,165720,1080,810,3,1.333333,874800,RGB,108.39649634202104,68.17428452660708,3111.5686315429484,3111.5686315429484,7.8109612464904785,6a0d6ef3c0d8c4931815d2e83816993b,ee87df0a5170d0e2,data\raw\dataset_B\EALPR Vechicles dataset\Vehicles\0323.jpg
dataset_B,0324.jpg,0324,.jpg,129952,900,1125,3,0.8,1012500,RGB,123.49043654320988,71.44038168090324,1107.7362873974566,1107.7362873974566,7.630765914916992,efb74a4668649384bea6b8c6a700badd,eecdc4789e601c87,data\raw\dataset_B\EALPR Vechicles dataset\Vehicles\0324.jpg
dataset_B,0325.jpg,0325,.jpg,219874,1080,1351,3,0.799408,1459080,RGB,55.288533185294845,59.96514443974812,175.8117968148666,175.8117968148666,7.008620262145996,3b56c2bff644b10f7f037f17e1962978,a8b8d7532321f5d4,data\raw\dataset_B\EALPR Vechicles dataset\Vehicles\0325.jpg
dataset_B,0326.jpg,0326,.jpg,138180,800,1000,3,0.8,800000,RGB,104.55920625,64.33789462377489,425.5229501839,425.5229501839,7.789159774780273,20afe13b94dfa1bb0d74bced2202e25f,9f92a0398757a5e2,data\raw\dataset_B\EALPR Vechicles dataset\Vehicles\0326.jpg
dataset_B,0327.jpg,0327,.jpg,97502,800,1000,3,0.8,800000,RGB,43.78059625,42.427010214537695,112.48560748244375,112.48560748244375,6.430132865905762,17c4850c5e380e31828a5cd0c0162d65,beb2ea09ab0ed434,data\raw\dataset_B\EALPR Vechicles dataset\Vehicles\0327.jpg
dataset_B,0328.jpg,0328,.jpg,72012,764,956,3,0.799163,730384,RGB,65.7893245197047,45.32402960811679,172.487725102195,172.487725102195,6.8361663818359375,3b42c89c717d0271ed99a8777e74c945,9fea7105ceb83143,data\raw\dataset_B\EALPR Vechicles dataset\Vehicles\0328.jpg
dataset_B,0329.jpg,0329,.jpg,85744,765,956,3,0.800209,731340,RGB,69.56377881696612,34.474499489878205,93.96147954012206,93.96147954012206,6.949305534362793,734654344b76f07b69738d292ba16a95,c2dd7f784d42c231,data\raw\dataset_B\EALPR Vechicles dataset\Vehicles\0329.jpg
dataset_B,0330.jpg,0330,.jpg,162019,1080,1293,3,0.835267,1396440,RGB,104.76478617054796,64.92343467298016,387.82185318082605,387.82185318082605,7.803037643432617,bdc3940b0bcd04a595e775c0b5dc4a16,f420b83f855067ed,data\raw\dataset_B\EALPR Vechicles dataset\Vehicles\0330.jpg
dataset_B,0331.jpg,0331,.jpg,97383,800,1000,3,0.8,800000,RGB,114.05767,53.75537363065296,142.94812784519374,142.94812784519374,7.461922645568848,4e91c1a3364efa2cd3e1869588fb162c,bb2aaa2feb459444,data\raw\dataset_B\EALPR Vechicles dataset\Vehicles\0331.jpg
dataset_B,0332.jpg,0332,.jpg,99503,855,640,3,1.335938,547200,RGB,126.08747807017544,69.57384298922256,877.7453602570021,877.7453602570021,7.772687911987305,0404a4c51892f64ad718fbb0fa4ef65d,d6c6612acec89c9e,data\raw\dataset_B\EALPR Vechicles dataset\Vehicles\0332.jpg
dataset_B,0333.jpg,0333,.jpg,49199,640,479,3,1.336117,306560,RGB,81.82537839248434,58.695431453614184,722.1143681135278,722.1143681135278,7.57576847076416,d5bc6adcdfb3de0d6e99c59d11ab5782,c1a535df7a8ac0d2,data\raw\dataset_B\EALPR Vechicles dataset\Vehicles\0333.jpg
dataset_B,0334.jpg,0334,.jpg,50777,750,421,3,1.781473,315750,RGB,82.89267141726049,50.40135125379029,900.6814340535554,900.6814340535554,7.419820785522461,965a1a6ebd65fcb71c98eb7ec05e4aef,b9d95c8b91240fab,data\raw\dataset_B\EALPR Vechicles dataset\Vehicles\0334.jpg
dataset_B,0335.jpg,0335,.jpg,111255,1080,1080,3,1.0,1166400,RGB,71.63399005486968,35.53907164227407,185.87448636349026,185.87448636349026,6.782564640045166,c9a9eef2e9bc82075c6b2eddd10fd8c9,fc06e2385847b7b8,data\raw\dataset_B\EALPR Vechicles dataset\Vehicles\0335.jpg
dataset_B,0336.jpg,0336,.jpg,97240,800,1000,3,0.8,800000,RGB,98.86137,62.86552886298739,189.46480457424371,189.46480457424371,7.674105167388916,46cf37f841cf31154f991dd238dece57,b6426ab003bdd976,data\raw\dataset_B\EALPR Vechicles dataset\Vehicles\0336.jpg
dataset_B,0337.jpg,0337,.jpg,47976,478,360,3,1.327778,172080,RGB,101.05043584379358,62.985577927732535,1456.330744737968,1456.330744737968,7.804703712463379,10ca800210ba6dc6b308f7d3d3fb442f,b6569f6414f18a8e,data\raw\dataset_B\EALPR Vechicles dataset\Vehicles\0337.jpg
dataset_B,0338.jpg,0338,.jpg,66038,750,561,3,1.336898,420750,RGB,40.93146761734997,46.03430586404474,1474.17833563965,1474.17833563965,6.4354424476623535,b17ad2b74d9c7a216430cabda343f599,ffb1a4259393a464,data\raw\dataset_B\EALPR Vechicles dataset\Vehicles\0338.jpg
dataset_B,0339.jpg,0339,.jpg,107241,937,1171,3,0.800171,1097227,RGB,93.78349603135905,74.29622952463008,305.1532508391616,305.1532508391616,7.363921165466309,240fbfb4527721d2b4fcac9f52e61d54,efeae9c0800b5a7a,data\raw\dataset_B\EALPR Vechicles dataset\Vehicles\0339.jpg
dataset_B,0340.jpg,0340,.jpg,114749,800,1000,3,0.8,800000,RGB,119.36412125,66.76522112571259,213.31993470297502,213.31993470297502,7.666599273681641,893df6505b5c3b1d4c3458c82477fc41,a87acb8d2dead068,data\raw\dataset_B\EALPR Vechicles dataset\Vehicles\0340.jpg
dataset_B,0341.jpg,0341,.jpg,149471,814,883,3,0.921857,718762,RGB,126.77474741291276,84.16223657588218,1972.9577651404984,1972.9577651404984,7.391562461853027,7ca547c05d096f42b9801e20af195d7a,abd580dafe989164,data\raw\dataset_B\EALPR Vechicles dataset\Vehicles\0341.jpg
dataset_B,0342.jpg,0342,.jpg,105994,800,1000,3,0.8,800000,RGB,139.04485375,65.26305750109407,259.86518766579843,259.86518766579843,7.563672065734863,8e46853f2be27d96ddd4ccaeaeae8c47,ea959de17a0d4670,data\raw\dataset_B\EALPR Vechicles dataset\Vehicles\0342.jpg
dataset_B,0343.jpg,0343,.jpg,88615,639,639,3,1.0,408321,RGB,84.28319875784003,58.63175338300661,760.7232554872028,760.7232554872028,7.622802257537842,3ab1493d0eee87c324257d582fd90a1e,b79f4aea45952232,data\raw\dataset_B\EALPR Vechicles dataset\Vehicles\0343.jpg
dataset_B,0344.jpg,0344,.jpg,86636,762,762,3,1.0,580644,RGB,89.61002610894111,45.361578846624894,95.40800382066273,95.40800382066273,7.197052001953125,bf94a9533e03c5f1964b8f778facbd4c,b0d592939f902eba,data\raw\dataset_B\EALPR Vechicles dataset\Vehicles\0344.jpg
dataset_B,0345.jpg,0345,.jpg,120518,765,956,3,0.800209,731340,RGB,124.26751989498729,70.97162605126988,346.72938898343585,346.72938898343585,7.724160194396973,3bb1091d9c57963f4a89e3a3c85ba612,ded6aac1d12a3c34,data\raw\dataset_B\EALPR Vechicles dataset\Vehicles\0345.jpg
dataset_B,0346.jpg,0346,.jpg,69312,640,590,3,1.084746,377600,RGB,88.39516154661017,52.95990087849209,533.3406396719398,533.3406396719398,7.226581573486328,aef63795d30c3816ba1239844aa7ddb9,913d5a922797616e,data\raw\dataset_B\EALPR Vechicles dataset\Vehicles\0346.jpg
dataset_B,0347.jpg,0347,.jpg,124264,900,1125,3,0.8,1012500,RGB,133.54412049382717,70.72037559288913,833.9428766247057,833.9428766247057,7.606178283691406,612d2577b2433ba2f789306b69e229b0,bec8c00dcb9697d1,data\raw\dataset_B\EALPR Vechicles dataset\Vehicles\0347.jpg
dataset_B,0348.jpg,0348,.jpg,70749,799,999,3,0.7998,798201,RGB,75.32798505639558,65.01170927092723,74.18867925337686,74.18867925337686,6.937819004058838,9839f5d36184bab3114ed126e9483dc2,ad859293d2fe2271,data\raw\dataset_B\EALPR Vechicles dataset\Vehicles\0348.jpg
dataset_B,0349.jpg,0349,.jpg,107022,800,1000,3,0.8,800000,RGB,131.4756825,62.981108129019084,198.46613581274843,198.46613581274843,7.625881195068359,82faa4164c353f1d1c055a9ed6474e36,8a82d4adc9d074fe,data\raw\dataset_B\EALPR Vechicles dataset\Vehicles\0349.jpg
dataset_B,0350.jpg,0350,.jpg,108571,747,871,3,0.857635,650637,RGB,124.70962764183408,69.21610033419883,565.117157947625,565.117157947625,7.669130325317383,e105d7145a99451c6c9572219114e92a,d5f4e4cd83f28065,data\raw\dataset_B\EALPR Vechicles dataset\Vehicles\0350.jpg
dataset_B,0351.jpg,0351,.jpg,81180,750,552,3,1.358696,414000,RGB,92.58538405797101,62.932141618516994,2123.730189474428,2123.730189474428,7.7612504959106445,7d8f290bbd4bafe1a1ca195f48ca8cb3,edf5da43e4c8c20a,data\raw\dataset_B\EALPR Vechicles dataset\Vehicles\0351.jpg
dataset_B,0352.jpg,0352,.jpg,127391,937,1171,3,0.800171,1097227,RGB,70.98563925240629,45.22132130579537,76.10579111242198,76.10579111242198,6.827103137969971,e4ecdc10c5b37093ff3cf945ccd1d18e,b9f2134619a2f2dc,data\raw\dataset_B\EALPR Vechicles dataset\Vehicles\0352.jpg
dataset_B,0353.jpg,0353,.jpg,52767,640,360,3,1.777778,230400,RGB,99.38366319444444,54.765160322892484,1342.381368892792,1342.381368892792,7.634253978729248,58af4d0704e0c7fc3f1e61e7693f1775,bd5ddb3309588c83,data\raw\dataset_B\EALPR Vechicles dataset\Vehicles\0353.jpg
dataset_B,0354.jpg,0354,.jpg,141192,1080,1080,3,1.0,1166400,RGB,97.99759859396434,50.58714440353429,312.4931557552477,312.4931557552477,7.5724992752075195,3b4680fc95ca8bff4b6e28dd4e006f3c,ad4028fdd622da7c,data\raw\dataset_B\EALPR Vechicles dataset\Vehicles\0354.jpg
dataset_B,0355.jpg,0355,.jpg,78283,789,972,3,0.811728,766908,RGB,103.39541379148477,75.2960674319893,37.96907579686651,37.96907579686651,7.468401908874512,b5beabafdc28cbd2d938b0ea66f9d939,89d1808ce766de7a,data\raw\dataset_B\EALPR Vechicles dataset\Vehicles\0355.jpg
dataset_B,0356.jpg,0356,.jpg,119136,937,1171,3,0.800171,1097227,RGB,61.768819031977884,47.51828091383993,220.1454729504737,220.1454729504737,6.954008102416992,e7eb588092d95f12deb4d15a4b3727e0,a0e3d2c2c9c97d65,data\raw\dataset_B\EALPR Vechicles dataset\Vehicles\0356.jpg
dataset_B,0357.jpg,0357,.jpg,103196,937,1171,3,0.800171,1097227,RGB,150.99191233901462,60.64856291817969,56.3432106571427,56.3432106571427,7.334167957305908,a90f1cc61909a58c596aac09f31cb21a,f8a12d7886967ce1,data\raw\dataset_B\EALPR Vechicles dataset\Vehicles\0357.jpg
dataset_B,0358.jpg,0358,.jpg,76147,640,640,3,1.0,409600,RGB,54.9427978515625,57.22515289973972,1033.870577171749,1033.870577171749,6.977227687835693,3bb80984dfb92fb1034e69ebc712315d,ff00f0cbe059c0bd,data\raw\dataset_B\EALPR Vechicles dataset\Vehicles\0358.jpg
dataset_B,0359.jpg,0359,.jpg,135135,720,900,3,0.8,648000,RGB,90.54549845679013,76.85197834117322,1594.8990859562546,1594.8990859562546,7.520670413970947,9116636c2a55708702bf82d4e631fad2,ef84864f98be3069,data\raw\dataset_B\EALPR Vechicles dataset\Vehicles\0359.jpg
dataset_B,0360.jpg,0360,.jpg,132527,750,750,3,1.0,562500,RGB,130.39692622222222,77.03360969095604,1943.3588978014027,1943.3588978014027,7.910499572753906,9b08a712ae81ec3a2a8589eda4def756,f35d392c96c2689c,data\raw\dataset_B\EALPR Vechicles dataset\Vehicles\0360.jpg
dataset_B,0361.jpg,0361,.jpg,108936,800,1000,3,0.8,800000,RGB,71.21225875,54.54361552897872,151.22521437984375,151.22521437984375,7.3859148025512695,68a7cc12476f304204afd10854bf6383,fc006a5e94b07afa,data\raw\dataset_B\EALPR Vechicles dataset\Vehicles\0361.jpg
dataset_B,0362.jpg,0362,.jpg,54673,640,479,3,1.336117,306560,RGB,121.91212813152401,60.32696286204824,414.58826471116214,414.58826471116214,7.717041015625,6bf82ea9935b370a97a8d23239be1830,db8222de98b4e372,data\raw\dataset_B\EALPR Vechicles dataset\Vehicles\0362.jpg
dataset_B,0363.jpg,0363,.jpg,103597,744,744,3,1.0,553536,RGB,64.24862520233553,50.72886863256696,645.5296199115553,645.5296199115553,7.187565803527832,f7e036e96b019b932925eca5b4cbc6c3,b537ba10961e5e32,data\raw\dataset_B\EALPR Vechicles dataset\Vehicles\0363.jpg
dataset_B,0364.jpg,0364,.jpg,149312,937,1171,3,0.800171,1097227,RGB,142.92428184869675,63.955962647032116,506.81045341773483,506.81045341773483,7.669000625610352,37d3462bcd0643b8b1fe1647ba83a98c,c0c4e939d32d3ed2,data\raw\dataset_B\EALPR Vechicles dataset\Vehicles\0364.jpg
dataset_B,0365.jpg,0365,.jpg,72401,750,562,3,1.33452,421500,RGB,62.06649584816133,55.43657242015259,1180.5562277009267,1180.5562277009267,7.174059867858887,2446a3d8decc18b51369430ed1b124de,e3055dc21af56d86,data\raw\dataset_B\EALPR Vechicles dataset\Vehicles\0365.jpg
dataset_B,0366.jpg,0366,.jpg,133063,937,1171,3,0.800171,1097227,RGB,85.25184123248881,46.100547934915944,231.10763858499553,231.10763858499553,7.306683540344238,9dcba1b3a668225965e871e471f9cec2,edd477198202d17b,data\raw\dataset_B\EALPR Vechicles dataset\Vehicles\0366.jpg
dataset_B,0367.jpg,0367,.jpg,52740,640,480,3,1.333333,307200,RGB,82.36813802083333,60.82995987725498,1461.745541166136,1461.745541166136,7.49945068359375,fc43569d62d616aa0249411338ec76f8,a48d7e2c8dd79207,data\raw\dataset_B\EALPR Vechicles dataset\Vehicles\0367.jpg
dataset_B,0368.jpg,0368,.jpg,61203,900,1125,3,0.8,1012500,RGB,107.52095901234568,104.50462827829205,361.63866369632046,361.63866369632046,5.677845478057861,94e9ba71b99cc5e8210fb2851710c7a9,afc27a6991331c9c,data\raw\dataset_B\EALPR Vechicles dataset\Vehicles\0368.jpg
dataset_B,0369.jpg,0369,.jpg,85864,640,640,3,1.0,409600,RGB,110.9328125,65.55978334978765,1752.9748845098914,1752.9748845098914,7.6907548904418945,2b8c20639673b13cd59a193d0203d53e,87eb2c8796ca23a5,data\raw\dataset_B\EALPR Vechicles dataset\Vehicles\0369.jpg
dataset_B,0370.jpg,0370,.jpg,67604,612,459,3,1.333333,280908,RGB,129.13355618209522,63.02157040375392,1313.4915386771618,1313.4915386771618,7.746407508850098,ad32baecd42b519be7c3d07b3edd45c0,f07e8e20ceee44d4,data\raw\dataset_B\EALPR Vechicles dataset\Vehicles\0370.jpg
dataset_B,0371.jpg,0371,.jpg,112325,800,1000,3,0.8,800000,RGB,78.1590625,57.71196987299163,153.52201857464843,153.52201857464843,7.471047401428223,b0f84fa6bc18de6f0953742d967b74b0,b5df4b78ea0a8123,data\raw\dataset_B\EALPR Vechicles dataset\Vehicles\0371.jpg
dataset_B,0372.jpg,0372,.jpg,231762,1080,1350,3,0.8,1458000,RGB,102.20323593964335,60.05263402135813,1955.73777117128,1955.73777117128,7.79730224609375,e11006d2744819ce5084e12b241d1ccc,dff0a0dfd7580221,data\raw\dataset_B\EALPR Vechicles dataset\Vehicles\0372.jpg
dataset_B,0373.jpg,0373,.jpg,225228,1080,1351,3,0.799408,1459080,RGB,100.04481454066946,67.03470625003447,739.5337278081571,739.5337278081571,7.785687446594238,6c4662031fcd4a439d34d318149b68e2,b9f1d30d2f2e4426,data\raw\dataset_B\EALPR Vechicles dataset\Vehicles\0373.jpg
dataset_B,0374.jpg,0374,.jpg,81422,750,581,3,1.290878,435750,RGB,95.13584394721744,67.20201351471793,1475.4613545901123,1475.4613545901123,7.641270160675049,66bf32fbc08e5094a8367430f673cf76,ff858185dd32706a,data\raw\dataset_B\EALPR Vechicles dataset\Vehicles\0374.jpg
dataset_B,0375.jpg,0375,.jpg,140010,937,1171,3,0.800171,1097227,RGB,111.82264107609456,65.20182876430212,353.9880738128441,353.9880738128441,7.259497165679932,b80d16e96de7ceb48326502b1b46eedc,ccc5c5f909ba3991,data\raw\dataset_B\EALPR Vechicles dataset\Vehicles\0375.jpg
dataset_B,0376.jpg,0376,.jpg,68770,612,612,3,1.0,374544,RGB,146.01045538040924,57.9520843354041,734.4086594668205,734.4086594668205,6.6009321212768555,b2aa2ae4dd53e883371f791913b6d377,e1869e3967c60cd9,data\raw\dataset_B\EALPR Vechicles dataset\Vehicles\0376.jpg
dataset_B,0377.jpg,0377,.jpg,203111,1080,1350,3,0.8,1458000,RGB,131.74260768175583,55.76244359288475,786.7100940833978,786.7100940833978,7.615972518920898,b21d02873be08edad0a3491701faf021,a027daba3fe9d081,data\raw\dataset_B\EALPR Vechicles dataset\Vehicles\0377.jpg
dataset_B,0378.jpg,0378,.jpg,91116,799,999,3,0.7998,798201,RGB,66.25468647621338,54.27433096353346,99.51842574813881,99.51842574813881,7.198770523071289,6f21c019b44e8aa726e27283105ce67c,efc5ed50b0783512,data\raw\dataset_B\EALPR Vechicles dataset\Vehicles\0378.jpg
dataset_B,0379.jpg,0379,.jpg,76593,900,1125,3,0.8,1012500,RGB,119.5882686419753,83.30491272549536,157.70699159613474,157.70699159613474,7.57728385925293,7eb2e98a41520c361203fa6350cb3d70,bb52d42b64661b0f,data\raw\dataset_B\EALPR Vechicles dataset\Vehicles\0379.jpg
dataset_B,0380.jpg,0380,.jpg,70689,800,1000,3,0.8,800000,RGB,105.4937475,66.23157212316679,55.948366205373446,55.948366205373446,7.100353240966797,1a164f046d69c7a62cc730d126f180aa,ffe88097829256f8,data\raw\dataset_B\EALPR Vechicles dataset\Vehicles\0380.jpg
dataset_B,0381.jpg,0381,.jpg,78926,715,835,3,0.856287,597025,RGB,112.52984213391399,64.74023005177969,397.8274551828002,397.8274551828002,7.328700542449951,75de7f0f35758195bcc8d1a9ea967c27,f5f14b81159f9a30,data\raw\dataset_B\EALPR Vechicles dataset\Vehicles\0381.jpg
dataset_B,0382.jpg,0382,.jpg,92827,800,1000,3,0.8,800000,RGB,78.04419875,51.93866690838819,126.5459575,126.5459575,7.315631866455078,e0b1e3ffd49749c9aff1e07c3ee6d951,bb32d2871acd7464,data\raw\dataset_B\EALPR Vechicles dataset\Vehicles\0382.jpg
dataset_B,0383.jpg,0383,.jpg,131335,1080,1350,3,0.8,1458000,RGB,60.26448285322359,53.71092142544586,412.5271220580644,412.5271220580644,6.944697856903076,d411542ad59277329ac56ca664c33cc4,f5ffcfd9e00a8020,data\raw\dataset_B\EALPR Vechicles dataset\Vehicles\0383.jpg
dataset_B,0384.jpg,0384,.jpg,134655,931,931,3,1.0,866761,RGB,102.20103004173008,57.765515996343396,324.35875846255027,324.35875846255027,7.62354040145874,dc000a7e8c8120c4dfd0b3d5e4931777,ff606a2e9ad86342,data\raw\dataset_B\EALPR Vechicles dataset\Vehicles\0384.jpg
dataset_B,0385.jpg,0385,.jpg,92190,765,956,3,0.800209,731340,RGB,128.19936144611262,60.164534841005874,152.54232163770735,152.54232163770735,7.436308860778809,9fae296e78ab704c6c6cdae4e716084a,dad2b8b8d4862e2d,data\raw\dataset_B\EALPR Vechicles dataset\Vehicles\0385.jpg
dataset_B,0386.jpg,0386,.jpg,111049,750,750,3,1.0,562500,RGB,100.53311822222223,63.237006184538465,824.9703376257579,824.9703376257579,7.7964959144592285,e04b741c0f48e5857ac798cdc3919d99,8675cb3af0c56a89,data\raw\dataset_B\EALPR Vechicles dataset\Vehicles\0386.jpg
dataset_B,0387.jpg,0387,.jpg,136514,800,1000,3,0.8,800000,RGB,111.06230875,72.78298497155549,348.45627393637346,348.45627393637346,7.898758888244629,d0429f31440d9c8173a7c2dadf78c6f5,ffe5c08a808d6fe0,data\raw\dataset_B\EALPR Vechicles dataset\Vehicles\0387.jpg
dataset_B,0388.jpg,0388,.jpg,67044,750,731,3,1.025992,548250,RGB,102.66100501595987,71.18282395829799,204.31436914882636,204.31436914882636,7.196791648864746,f0803d3c9ad2a715a718d2211c1dafb1,eaa0d59ec2d66239,data\raw\dataset_B\EALPR Vechicles dataset\Vehicles\0388.jpg
dataset_B,0389.jpg,0389,.jpg,68929,640,640,3,1.0,409600,RGB,158.10796630859375,61.65426861849613,742.2011033008338,742.2011033008338,7.658345699310303,22c51858abed5b77897a0957af75528c,c8d9a5bb32d92469,data\raw\dataset_B\EALPR Vechicles dataset\Vehicles\0389.jpg
dataset_B,0390.jpg,0390,.jpg,124977,797,846,3,0.94208,674262,RGB,114.29548751078957,66.87320057438873,602.8666024401344,602.8666024401344,7.902663230895996,8441c69d93a3a992544ec9430d4ab421,e9c0e42da4b6da74,data\raw\dataset_B\EALPR Vechicles dataset\Vehicles\0390.jpg
dataset_B,0391.jpg,0391,.jpg,95121,900,1125,3,0.8,1012500,RGB,98.07176395061728,59.26144709390572,259.3996947761856,259.3996947761856,7.065474510192871,0b58ec72fedc91976ab234eb29c61183,eac3c6c1630f0f27,data\raw\dataset_B\EALPR Vechicles dataset\Vehicles\0391.jpg
dataset_B,0392.jpg,0392,.jpg,94748,800,1000,3,0.8,800000,RGB,66.6829875,52.7229010542368,123.26399240077501,123.26399240077501,7.213334560394287,1e2edf9363986914f1145cc25cf5043d,fdd5862bd1686870,data\raw\dataset_B\EALPR Vechicles dataset\Vehicles\0392.jpg
dataset_B,0393.jpg,0393,.jpg,120210,800,1000,3,0.8,800000,RGB,87.5395,62.71873198853752,326.57600563560004,326.57600563560004,7.493399620056152,20689f7a41a39d4f83d8b2fab5fd7aa3,e8a168209fde3a6d,data\raw\dataset_B\EALPR Vechicles dataset\Vehicles\0393.jpg
dataset_B,0394.jpg,0394,.jpg,48671,750,562,3,1.33452,421500,RGB,71.98053380782918,52.755943625838526,468.91890627004335,468.91890627004335,7.262467384338379,9b681966115ff4b2dafd40db83fbad1e,84d67b2b69968c56,data\raw\dataset_B\EALPR Vechicles dataset\Vehicles\0394.jpg
dataset_B,0395.jpg,0395,.jpg,241111,1080,1350,3,0.8,1458000,RGB,67.6817208504801,55.58328163226096,592.1664135340989,592.1664135340989,7.342082500457764,39c8c529a50f5e0d7642ccab54509089,a968eabdd0c2aae8,data\raw\dataset_B\EALPR Vechicles dataset\Vehicles\0395.jpg
dataset_B,0396.jpg,0396,.jpg,89693,800,1000,3,0.8,800000,RGB,64.18221,42.93854625526929,72.51984857043593,72.51984857043593,6.946760177612305,38a0548f878c2c00932924f40d603248,8eaba92a0c7257ce,data\raw\dataset_B\EALPR Vechicles dataset\Vehicles\0396.jpg
dataset_B,0397.jpg,0397,.jpg,60184,640,480,3,1.333333,307200,RGB,72.24275716145833,50.40445760997089,489.80800480075413,489.80800480075413,7.361536979675293,56e6a703cf986c102abae4a5d3aa8f48,c980a1f3fdccc0b3,data\raw\dataset_B\EALPR Vechicles dataset\Vehicles\0397.jpg
dataset_B,0398.jpg,0398,.jpg,130576,764,956,3,0.799163,730384,RGB,122.03958328769524,68.29852717181976,709.0880628725179,709.0880628725179,7.892261505126953,4f27b45c358db64b7486f130d90a5298,fb09a527c1907bc6,data\raw\dataset_B\EALPR Vechicles dataset\Vehicles\0398.jpg
dataset_B,0399.jpg,0399,.jpg,55278,640,640,3,1.0,409600,RGB,75.007392578125,69.36574645520142,210.66335372886658,210.66335372886658,7.238151550292969,f4ed0a34f5e1068ecf7807538f8527c7,853a7b853e688d2d,data\raw\dataset_B\EALPR Vechicles dataset\Vehicles\0399.jpg
dataset_B,0400.jpg,0400,.jpg,119043,937,1171,3,0.800171,1097227,RGB,77.06874420698725,63.65330854795898,184.1929789152657,184.1929789152657,7.322288513183594,5afce59a7e37b13618bede2026378fc6,911b3a8785b07f5c,data\raw\dataset_B\EALPR Vechicles dataset\Vehicles\0400.jpg
dataset_B,0401.jpg,0401,.jpg,43146,611,611,3,1.0,373321,RGB,108.65721724735549,49.39128282857398,73.30649996047842,73.30649996047842,7.319478511810303,85258edd0b158e59addcf84aa535c64d,9c94b21bda672372,data\raw\dataset_B\EALPR Vechicles dataset\Vehicles\0401.jpg
dataset_B,0402.jpg,0402,.jpg,67619,640,640,3,1.0,409600,RGB,135.08378173828126,53.39827333693875,786.2206722426413,786.2206722426413,7.577581882476807,d93cc10dbfa5ed92ef13b36807731722,d657c7a5f460c2a2,data\raw\dataset_B\EALPR Vechicles dataset\Vehicles\0402.jpg
dataset_B,0403.jpg,0403,.jpg,121373,900,1125,3,0.8,1012500,RGB,123.23687802469136,72.65440095197474,393.3428503653136,393.3428503653136,7.159255027770996,de8d32c328a33651f81a55b7f68e7f67,aee4d494a32b8f34,data\raw\dataset_B\EALPR Vechicles dataset\Vehicles\0403.jpg
dataset_B,0404.jpg,0404,.jpg,155207,800,1000,3,0.8,800000,RGB,88.911465,61.171524209012276,560.2871472092438,560.2871472092438,7.615935325622559,bb716ef89b9455f9c9172d3c1202c65e,bb3cd424d0936b66,data\raw\dataset_B\EALPR Vechicles dataset\Vehicles\0404.jpg
dataset_B,0405.jpg,0405,.jpg,56278,603,364,3,1.656593,219492,RGB,129.6144005248483,62.65847433366561,2425.5553048194433,2425.5553048194433,7.804177284240723,c9371ad03e2451428337b4eb36a97d88,86963ee491caca5b,data\raw\dataset_B\EALPR Vechicles dataset\Vehicles\0405.jpg
dataset_B,0406.jpg,0406,.jpg,82237,759,759,3,1.0,576081,RGB,112.5911998486324,35.27203638689863,78.07472794298532,78.07472794298532,6.9480881690979,8f976bb8d3a215a830b07ca4b5b3a6a8,b834369baf2dc06a,data\raw\dataset_B\EALPR Vechicles dataset\Vehicles\0406.jpg
dataset_B,0407.jpg,0407,.jpg,118069,800,1000,3,0.8,800000,RGB,51.45308,39.59431245158324,100.53286111768594,100.53286111768594,6.690609931945801,8abc1a8384d61919d5719a3d62ba10fd,b99b9216d4ccec26,data\raw\dataset_B\EALPR Vechicles dataset\Vehicles\0407.jpg
dataset_B,0408.jpg,0408,.jpg,140357,937,1171,3,0.800171,1097227,RGB,117.7980226516482,70.47210323472319,254.71750223490412,254.71750223490412,7.87571907043457,2e01597bc3df7db7bb1cd5a9cdb2178d,fd01a07e90a8f7b2,data\raw\dataset_B\EALPR Vechicles dataset\Vehicles\0408.jpg
dataset_B,0409.jpg,0409,.jpg,107518,750,561,3,1.336898,420750,RGB,116.49557932263815,60.25562846080252,2060.2742912090334,2060.2742912090334,7.710569381713867,03505ba8f42150f72c1b5aa3d1705738,9d9589b860336cd7,data\raw\dataset_B\EALPR Vechicles dataset\Vehicles\0409.jpg
dataset_B,0410.jpg,0410,.jpg,113475,800,1000,3,0.8,800000,RGB,126.52049875,67.11393562294829,176.76661368774376,176.76661368774376,7.651930809020996,d2c623e3c7a00de2a6a679b858b09363,bf94902eee4442d7,data\raw\dataset_B\EALPR Vechicles dataset\Vehicles\0410.jpg
dataset_B,0411.jpg,0411,.jpg,112785,799,999,3,0.7998,798201,RGB,103.47847346720938,83.51372575907996,552.5031218214169,552.5031218214169,7.599675178527832,27cc2dbed310731b82f3fdc7e8aa77e0,c0c16feedc1c8e1a,data\raw\dataset_B\EALPR Vechicles dataset\Vehicles\0411.jpg
dataset_B,0412.jpg,0412,.jpg,127905,937,1171,3,0.800171,1097227,RGB,129.0449824876712,68.67691382397146,130.64474322259676,130.64474322259676,7.769586086273193,a416c3afb53429f504b493d43654fe49,d5c1fc7f928229a8,data\raw\dataset_B\EALPR Vechicles dataset\Vehicles\0412.jpg
dataset_B,0413.jpg,0413,.jpg,75497,937,1171,3,0.800171,1097227,RGB,25.25275170953686,40.43143972584454,101.07523146106601,101.07523146106601,5.557068824768066,9804a354a362f511c805ddea9706a7b3,cf6430cbcf3030cf,data\raw\dataset_B\EALPR Vechicles dataset\Vehicles\0413.jpg
dataset_B,0414.jpg,0414,.jpg,70343,768,768,3,1.0,589824,RGB,123.40878295898438,47.5580483395595,752.074446839565,752.074446839565,7.270824909210205,babcf7cfd7a00eca0ee541788cabfcc7,e5c38ea978900b77,data\raw\dataset_B\EALPR Vechicles dataset\Vehicles\0414.jpg
dataset_B,0415.jpg,0415,.jpg,44538,750,420,3,1.785714,315000,RGB,96.27933015873016,60.8001352081481,482.50940391518265,482.50940391518265,7.649309158325195,bc5f3b648ec099f87e63f3796d62a690,c08a8eee69789e87,data\raw\dataset_B\EALPR Vechicles dataset\Vehicles\0415.jpg
dataset_B,0416.jpg,0416,.jpg,76466,750,561,3,1.336898,420750,RGB,116.9568247177659,66.7101496993691,741.8675230703456,741.8675230703456,7.816817283630371,7f19a6884bd1da88bae8b1aa823158e1,add9f06cc1750d31,data\raw\dataset_B\EALPR Vechicles dataset\Vehicles\0416.jpg
dataset_B,0417.jpg,0417,.jpg,95266,749,749,3,1.0,561001,RGB,88.93084682558498,65.15374209573477,585.2525103858532,585.2525103858532,7.656409740447998,e2fcf0f775eefd72dc65cd44bdc988a3,f7a0a09797d2d2b0,data\raw\dataset_B\EALPR Vechicles dataset\Vehicles\0417.jpg
dataset_B,0418.jpg,0418,.jpg,82362,800,1000,3,0.8,800000,RGB,86.34948,77.16935056244546,43.06411955444375,43.06411955444375,7.39993143081665,aa4e75cd1e1d03f6a41f4f86a9288cd9,cc2d2b95fc4cc2b2,data\raw\dataset_B\EALPR Vechicles dataset\Vehicles\0418.jpg
dataset_B,0419.jpg,0419,.jpg,116097,750,691,3,1.085384,518250,RGB,127.434664737096,65.17922202354663,2136.2577327161907,2136.2577327161907,7.911945819854736,575f23762f0ccc19a0cde00c4a85708c,80d29acd0dc77fa8,data\raw\dataset_B\EALPR Vechicles dataset\Vehicles\0419.jpg
dataset_B,0420.jpg,0420,.jpg,109016,800,1000,3,0.8,800000,RGB,72.81998125,55.24433773699933,157.85771505917342,157.85771505917342,7.242320537567139,3c0be38c1f7655a97f29624c69c2b811,9594783e379e9584,data\raw\dataset_B\EALPR Vechicles dataset\Vehicles\0420.jpg
dataset_B,0421.jpg,0421,.jpg,135909,765,956,3,0.800209,731340,RGB,127.28091175103235,62.938249317313755,311.365107242126,311.365107242126,7.870353698730469,7c40bade275befc30df311016c1fbb8b,ba3b81fa91977224,data\raw\dataset_B\EALPR Vechicles dataset\Vehicles\0421.jpg
dataset_B,0422.jpg,0422,.jpg,54508,1080,810,3,1.333333,874800,RGB,80.31901005944216,36.26524474649864,99.46459837380819,99.46459837380819,6.819941520690918,2caf274e18e2b4ea48240cfd6278fa12,de44769c982274db,data\raw\dataset_B\EALPR Vechicles dataset\Vehicles\0422.jpg
dataset_B,0423.jpg,0423,.jpg,163311,1080,1351,3,0.799408,1459080,RGB,145.88068714532446,72.83761200267166,306.90612714819144,306.90612714819144,7.537917613983154,3574d76be21261d24cd7a0caa5c56326,acd6a949f420ccbd,data\raw\dataset_B\EALPR Vechicles dataset\Vehicles\0423.jpg
dataset_B,0424.jpg,0424,.jpg,103274,800,1000,3,0.8,800000,RGB,118.6445925,66.9256284281959,163.26459247824374,163.26459247824374,7.683606147766113,1f4299f21e05f6eec643dfae4f154adf,b9d1d393eaa8a90c,data\raw\dataset_B\EALPR Vechicles dataset\Vehicles\0424.jpg
dataset_B,0425.jpg,0425,.jpg,140986,800,1000,3,0.8,800000,RGB,113.655975,64.94438639558753,464.3573493316936,464.3573493316936,7.836612224578857,8ccb104e65875d95b190da8eac1209c8,d60cbdad807af1c1,data\raw\dataset_B\EALPR Vechicles dataset\Vehicles\0425.jpg
dataset_B,0426.jpg,0426,.jpg,161704,800,1000,3,0.8,800000,RGB,120.04927125,63.05458721293736,759.977568695361,759.977568695361,7.861772537231445,75531406bc0ec279bef12ece1e3b774b,e504c67fadc4465c,data\raw\dataset_B\EALPR Vechicles dataset\Vehicles\0426.jpg
dataset_B,0427.jpg,0427,.jpg,165177,937,1171,3,0.800171,1097227,RGB,134.89706141026423,59.67419446611368,427.6755237183105,427.6755237183105,7.661458492279053,ffb751213cbd39db22e47f93b21575e0,f09296de5bc321d8,data\raw\dataset_B\EALPR Vechicles dataset\Vehicles\0427.jpg
dataset_B,0428.jpg,0428,.jpg,66549,640,480,3,1.333333,307200,RGB,114.13683919270834,67.42237730816304,1235.149741747019,1235.149741747019,7.8113112449646,c2b2053d5b160cf19200118ff2cba526,bc95e605caf19568,data\raw\dataset_B\EALPR Vechicles dataset\Vehicles\0428.jpg
dataset_B,0429.jpg,0429,.jpg,149582,937,1171,3,0.800171,1097227,RGB,103.78136702797143,53.992504627519594,500.10911265470617,500.10911265470617,7.597795486450195,80ffd87bb52b8f5d8cfe1ab7e718cab0,ad3f9ed8393b8280,data\raw\dataset_B\EALPR Vechicles dataset\Vehicles\0429.jpg
dataset_B,0430.jpg,0430,.jpg,130897,937,1171,3,0.800171,1097227,RGB,105.00900360636405,48.74721221082414,206.950785197321,206.950785197321,7.515081405639648,396cdb6113db507be0ccf3608188378e,f49085d5dfc268ac,data\raw\dataset_B\EALPR Vechicles dataset\Vehicles\0430.jpg
dataset_B,0431.jpg,0431,.jpg,67259,640,640,3,1.0,409600,RGB,121.39318603515625,64.42158115955574,656.3959375903846,656.3959375903846,7.403435230255127,be6155a3304349c890cc787e122dcc13,fdfde0c7c6488062,data\raw\dataset_B\EALPR Vechicles dataset\Vehicles\0431.jpg
dataset_B,0432.jpg,0432,.jpg,97954,800,1000,3,0.8,800000,RGB,138.55340125,66.91307232750935,116.46707719474375,116.46707719474375,7.249374866485596,f4cf5a3ce3bb6c7ede8e2630bcdaed48,ab03c1cf4c94bc6e,data\raw\dataset_B\EALPR Vechicles dataset\Vehicles\0432.jpg
dataset_B,0433.jpg,0433,.jpg,117112,815,886,3,0.919865,722090,RGB,109.508432466867,62.85244182935461,298.472622415811,298.472622415811,7.675271034240723,2dedc230bf412d99dde865a38d3a1b54,e406963bdec36e81,data\raw\dataset_B\EALPR Vechicles dataset\Vehicles\0433.jpg
dataset_B,0434.jpg,0434,.jpg,96882,750,750,3,1.0,562500,RGB,72.93196266666666,46.43162085654255,459.84902180116546,459.84902180116546,6.877195358276367,f04268462e184cd101d8f8dbb2f21d29,cdc4c8e9c073d999,data\raw\dataset_B\EALPR Vechicles dataset\Vehicles\0434.jpg
dataset_B,0435.jpg,0435,.jpg,105893,937,1171,3,0.800171,1097227,RGB,52.33889067622288,50.76719567531757,51.50803069558988,51.50803069558988,7.052583694458008,a83a24e006ce3373312d10d9b3d1787b,babb519b1a20e14f,data\raw\dataset_B\EALPR Vechicles dataset\Vehicles\0435.jpg
dataset_B,0436.jpg,0436,.jpg,115827,800,1000,3,0.8,800000,RGB,117.4597375,65.42673306020326,168.71000535499374,168.71000535499374,7.703653812408447,1addbcbd5ba0f57b2bc2e8a0399d6b3e,ba19d5624a856dea,data\raw\dataset_B\EALPR Vechicles dataset\Vehicles\0436.jpg
dataset_B,0437.jpg,0437,.jpg,66152,640,567,3,1.128748,362880,RGB,107.1985725308642,77.34618218318901,1107.7591947182375,1107.7591947182375,7.729589939117432,fa3b12f4796bc2aea38873e2825caa76,818e6b67cb81e279,data\raw\dataset_B\EALPR Vechicles dataset\Vehicles\0437.jpg
dataset_B,0438.jpg,0438,.jpg,148720,937,1171,3,0.800171,1097227,RGB,120.04557671293178,64.30054667177473,157.8219101347531,157.8219101347531,7.362229824066162,2987adc94a4807a8eb9c1f4576da1600,ba859578c84f8c7c,data\raw\dataset_B\EALPR Vechicles dataset\Vehicles\0438.jpg
dataset_B,0439.jpg,0439,.jpg,68974,640,640,3,1.0,409600,RGB,102.958330078125,62.69279359772031,643.5837249146402,643.5837249146402,7.70136833190918,bdec2cab02a90701ced1e08f3e3af54b,dc9280bc1fc99b8d,data\raw\dataset_B\EALPR Vechicles dataset\Vehicles\0439.jpg
dataset_B,0440.jpg,0440,.jpg,116604,750,750,3,1.0,562500,RGB,105.658512,64.33696674498928,1898.9927855645583,1898.9927855645583,7.8308634757995605,ecf89bd070ea8998cb58058e5285c58d,aac3811a9bc1f8dd,data\raw\dataset_B\EALPR Vechicles dataset\Vehicles\0440.jpg
dataset_B,0441.jpg,0441,.jpg,114919,937,1171,3,0.800171,1097227,RGB,86.75175784044687,66.2273522230882,134.77012042971083,134.77012042971083,7.516276836395264,fafad709a3f6e0ff8499b6ac2716ebc3,8dc5b436be69a870,data\raw\dataset_B\EALPR Vechicles dataset\Vehicles\0441.jpg
dataset_B,0442.jpg,0442,.jpg,45264,450,450,3,1.0,202500,RGB,112.74673086419753,66.11993343882558,1252.1294358243194,1252.1294358243194,7.676870346069336,c3cd49270e9f2c9ebcffefcb26d945ff,afc2d46d84b09a9b,data\raw\dataset_B\EALPR Vechicles dataset\Vehicles\0442.jpg
dataset_B,0443.jpg,0443,.jpg,69917,765,956,3,0.800209,731340,RGB,60.00002597970848,69.27956686215929,88.0472144346366,88.0472144346366,6.967569351196289,583854a834c0be2806f945b679f8bb11,c1753aca1b2dc317,data\raw\dataset_B\EALPR Vechicles dataset\Vehicles\0443.jpg
dataset_B,0444.jpg,0444,.jpg,64333,1080,565,3,1.911504,610200,RGB,81.16363487381186,68.8828879343538,919.6740904033162,919.6740904033162,7.454995632171631,c75b5378421d75b18b28d48f9f56561a,c5985ae4790fc6d1,data\raw\dataset_B\EALPR Vechicles dataset\Vehicles\0444.jpg
dataset_B,0445.jpg,0445,.jpg,80885,1080,810,3,1.333333,874800,RGB,117.34338591678097,64.04697133321812,1194.5330940833978,1194.5330940833978,7.634350776672363,079efd0f9c8d072e5575fe6b7b38843e,ec69993cc8903ccf,data\raw\dataset_B\EALPR Vechicles dataset\Vehicles\0445.jpg
dataset_B,0446.jpg,0446,.jpg,76613,800,1000,3,0.8,800000,RGB,53.00047375,45.946179993831485,47.29345291962344,47.29345291962344,6.57955265045166,2899a3afa2980fe50748069f48b58006,f87872c8f826878d,data\raw\dataset_B\EALPR Vechicles dataset\Vehicles\0446.jpg
dataset_B,0447.jpg,0447,.jpg,124036,800,1000,3,0.8,800000,RGB,99.05818125,64.71033803568135,333.619798424975,333.619798424975,7.72374153137207,55f466508bb9332f8b9fd31d9cca0023,ba94942e0e81bcf7,data\raw\dataset_B\EALPR Vechicles dataset\Vehicles\0447.jpg
dataset_B,0448.jpg,0448,.jpg,167393,800,1000,3,0.8,800000,RGB,117.554325,52.905467569943795,685.0781718916,685.0781718916,7.699566841125488,fdbd6780698a21418c2aee6d997262d8,e060af7d85aa3695,data\raw\dataset_B\EALPR Vechicles dataset\Vehicles\0448.jpg
dataset_B,0449.jpg,0449,.jpg,155763,800,1000,3,0.8,800000,RGB,123.01595375,63.66670277097646,656.5584401066735,656.5584401066735,7.804777145385742,e431b639ff82b03af7cbf6c330894ed6,b7d3e18c9ce8285a,data\raw\dataset_B\EALPR Vechicles dataset\Vehicles\0449.jpg
dataset_B,0450.jpg,0450,.jpg,64086,750,562,3,1.33452,421500,RGB,79.97283274021352,67.22392766383183,650.4022067885328,650.4022067885328,7.490843772888184,35fb6e817694f4fc35364d612d2998cf,9f90f28e222d2d37,data\raw\dataset_B\EALPR Vechicles dataset\Vehicles\0450.jpg
dataset_B,0451.jpg,0451,.jpg,83011,800,1000,3,0.8,800000,RGB,123.09308625,55.98598229646472,124.58138011311094,124.58138011311094,7.603296756744385,97b215e6fec361a18ecdca773da265f2,fa05d59f919b824a,data\raw\dataset_B\EALPR Vechicles dataset\Vehicles\0451.jpg
dataset_B,0452.jpg,0452,.jpg,47082,1000,750,3,1.333333,750000,RGB,30.428948,45.80200554138756,275.85944533230935,275.85944533230935,5.62966251373291,3cdf6bb29f0317ee9fbc04dc082be58e,cff5200e8b30a5cf,data\raw\dataset_B\EALPR Vechicles dataset\Vehicles\0452.jpg
dataset_B,0453.jpg,0453,.jpg,104002,745,906,3,0.822296,674970,RGB,97.9910040446242,78.73985129010684,521.3196655094462,521.3196655094462,7.6283159255981445,28710c1159f12cc09df025162151a4c7,fdbd536a040593e1,data\raw\dataset_B\EALPR Vechicles dataset\Vehicles\0453.jpg
dataset_B,0454.jpg,0454,.jpg,94464,596,745,3,0.8,444020,RGB,123.80806269987838,87.11690872919613,659.2085353396029,659.2085353396029,7.673339366912842,23a88a70dfc97ad4e4071bb1fd4b201d,ad94860bfa767834,data\raw\dataset_B\EALPR Vechicles dataset\Vehicles\0454.jpg
dataset_B,0455.jpg,0455,.jpg,45921,750,562,3,1.33452,421500,RGB,22.35040569395018,36.74640168407602,1245.3643923171016,1245.3643923171016,5.648519039154053,36dbb729250d31634257490cc47ac741,9b99494eeed41463,data\raw\dataset_B\EALPR Vechicles dataset\Vehicles\0455.jpg
dataset_B,0456.jpg,0456,.jpg,81700,799,999,3,0.7998,798201,RGB,67.51581744447827,37.81579621186858,65.3552560166318,65.3552560166318,6.946568489074707,3ff9439be9e66f9f76af629eaebfa7a2,cb53912dd473d264,data\raw\dataset_B\EALPR Vechicles dataset\Vehicles\0456.jpg
dataset_B,0457.jpg,0457,.jpg,95447,764,956,3,0.799163,730384,RGB,138.29482162807508,62.85089027563921,213.49035979710987,213.49035979710987,7.688068866729736,a97acaecc44176c1e3f7e5f830f59fcf,8ae157be6f1228c5,data\raw\dataset_B\EALPR Vechicles dataset\Vehicles\0457.jpg
dataset_B,0458.jpg,0458,.jpg,69336,748,566,3,1.321555,423368,RGB,70.48161882806447,51.6605783854073,613.3318902404937,613.3318902404937,7.0498151779174805,d6cb4a1cd4c9de76a47662a702a4759c,f0f6b4998b0d099d,data\raw\dataset_B\EALPR Vechicles dataset\Vehicles\0458.jpg
dataset_B,0459.jpg,0459,.jpg,64121,750,562,3,1.33452,421500,RGB,143.99627758007117,72.36278634321341,977.3495444242712,977.3495444242712,7.55450439453125,21151f5bdb3d6361f8eb43b43121dc6f,d697ad60032e7cd2,data\raw\dataset_B\EALPR Vechicles dataset\Vehicles\0459.jpg
dataset_B,0460.jpg,0460,.jpg,102405,800,1000,3,0.8,800000,RGB,97.46377625,59.605208248440306,172.9558789736,172.9558789736,7.663887023925781,4c22027d27eeff24d7891faffaa612ac,b5d2d02d8b4e7c2c,data\raw\dataset_B\EALPR Vechicles dataset\Vehicles\0460.jpg
dataset_B,0461.jpg,0461,.jpg,205981,1000,1000,3,1.0,1000000,RGB,126.827565,46.44773336957117,1041.972042265975,1041.972042265975,7.384100914001465,7bf0b7fac0b931b7bf389606e34df4ac,a584c0f21bc06f7f,data\raw\dataset_B\EALPR Vechicles dataset\Vehicles\0461.jpg
dataset_B,0462.jpg,0462,.jpg,90473,799,999,3,0.7998,798201,RGB,79.65987764986514,38.25580108636306,115.35590783046837,115.35590783046837,7.0597405433654785,9102d6ae50eb75500f24acf9396b016e,ee97a32294586967,data\raw\dataset_B\EALPR Vechicles dataset\Vehicles\0462.jpg
dataset_B,0463.jpg,0463,.jpg,117187,800,1000,3,0.8,800000,RGB,140.44806125,81.62922965988498,227.92508445992343,227.92508445992343,7.50026798248291,73afe07fc3e5bb36fbeb18fd176c526c,fe64a02a94afccc5,data\raw\dataset_B\EALPR Vechicles dataset\Vehicles\0463.jpg
dataset_B,0464.jpg,0464,.jpg,111366,937,1171,3,0.800171,1097227,RGB,95.6871422230769,53.50630337611872,190.70684188357004,190.70684188357004,7.498998165130615,34244940935bdc6768d12e52f4356884,a9c3c70b5b6e0a5a,data\raw\dataset_B\EALPR Vechicles dataset\Vehicles\0464.jpg
dataset_B,0465.jpg,0465,.jpg,128267,937,1171,3,0.800171,1097227,RGB,175.4990881558693,72.46611126538883,431.4124286842029,431.4124286842029,7.394264221191406,a218595039dd93a87c384fe9530b36ef,a09c6e04c7db1f99,data\raw\dataset_B\EALPR Vechicles dataset\Vehicles\0465.jpg
dataset_B,0466.jpg,0466,.jpg,60412,900,1125,3,0.8,1012500,RGB,168.7581698765432,72.07598395362179,299.4606106422303,299.4606106422303,5.815424919128418,33ec397b2f8eead9d005d38935cc28a9,afc092c73c9c7968,data\raw\dataset_B\EALPR Vechicles dataset\Vehicles\0466.jpg
dataset_B,0467.jpg,0467,.jpg,129314,937,1171,3,0.800171,1097227,RGB,90.43043599911412,63.219879422394214,214.96075407672078,214.96075407672078,7.6884050369262695,ffadb96ea7a3f2e222bef5cb4cda32d1,f1906a859ddd9568,data\raw\dataset_B\EALPR Vechicles dataset\Vehicles\0467.jpg
dataset_B,0468.jpg,0468,.jpg,40681,640,479,3,1.336117,306560,RGB,59.558083246346555,36.58704773742002,402.04388213121604,402.04388213121604,6.415635108947754,6641827897bd1ac4b3d92684be724f62,c9ede5c5d8d82262,data\raw\dataset_B\EALPR Vechicles dataset\Vehicles\0468.jpg
dataset_B,0469.jpg,0469,.jpg,53926,750,561,3,1.336898,420750,RGB,61.699130124777184,64.1109131689744,650.8565000267905,650.8565000267905,6.814355850219727,91fdee9c9c0003f0b1eef3796542c6b0,82c22d3d973f98d4,data\raw\dataset_B\EALPR Vechicles dataset\Vehicles\0469.jpg
dataset_B,0470.jpg,0470,.jpg,120823,1080,1350,3,0.8,1458000,RGB,54.75114540466392,47.11996559644471,40.1225998502369,40.1225998502369,6.896069526672363,837938f6012c17f7daa68607198f7a7f,eae0f15dd45c8872,data\raw\dataset_B\EALPR Vechicles dataset\Vehicles\0470.jpg
dataset_B,0471.jpg,0471,.jpg,151327,800,1000,3,0.8,800000,RGB,128.7743625,63.80102089871755,439.4712795071,439.4712795071,7.838765621185303,364b9e412ae48dde3260a1d2c93d7886,ab12d22aded270da,data\raw\dataset_B\EALPR Vechicles dataset\Vehicles\0471.jpg
dataset_B,0472.jpg,0472,.jpg,93884,937,1171,3,0.800171,1097227,RGB,111.78356073993804,62.839722338198875,127.73058536849476,127.73058536849476,7.302073001861572,7cbdaf205a98d335700c4eecae13cbaa,aab497d0c8cbc5c9,data\raw\dataset_B\EALPR Vechicles dataset\Vehicles\0472.jpg
dataset_B,0473.jpg,0473,.jpg,102381,937,1171,3,0.800171,1097227,RGB,146.64791150782838,61.64685088635794,141.62968929482057,141.62968929482057,7.627694606781006,5ebdfe24cb4fbb76d6c7c8ab7dd3827f,e3acb0b1149e6b63,data\raw\dataset_B\EALPR Vechicles dataset\Vehicles\0473.jpg
dataset_B,0474.jpg,0474,.jpg,75414,799,999,3,0.7998,798201,RGB,80.62272660645627,71.67059904344094,116.4744418801055,116.4744418801055,6.759945869445801,4655603211e1ca4eb7b4bd2627e18d78,fecdc4c0c4477b30,data\raw\dataset_B\EALPR Vechicles dataset\Vehicles\0474.jpg
dataset_B,0475.jpg,0475,.jpg,53563,1080,810,3,1.333333,874800,RGB,105.47795953360769,41.303222292450265,129.0426116487884,129.0426116487884,7.138612747192383,4a15a93676be5a9becad1aea17ebbb0b,eac5c57e9418cd32,data\raw\dataset_B\EALPR Vechicles dataset\Vehicles\0475.jpg
dataset_B,0476.jpg,0476,.jpg,80281,800,1000,3,0.8,800000,RGB,100.90762375,54.268908413367186,87.23959240544374,87.23959240544374,7.12612247467041,78f5bc13b109e5b4ba7dd6c90d09554d,d02b2daf5a5aa88d,data\raw\dataset_B\EALPR Vechicles dataset\Vehicles\0476.jpg
dataset_B,0477.jpg,0477,.jpg,119894,937,1171,3,0.800171,1097227,RGB,104.4934402817284,71.4033431001335,270.2455175157442,270.2455175157442,7.5448384284973145,393bbd088ac2c617a395d5adc8606c0c,e5e523a5e5e1c0c6,data\raw\dataset_B\EALPR Vechicles dataset\Vehicles\0477.jpg
dataset_B,0478.jpg,0478,.jpg,130047,974,1218,3,0.799672,1186332,RGB,97.36125469092968,62.371574273829964,162.31499933060996,162.31499933060996,7.280430316925049,90e95f950ce00bfca58ceb3ac9df2dda,d5752b2b8555d928,data\raw\dataset_B\EALPR Vechicles dataset\Vehicles\0478.jpg
dataset_B,0479.jpg,0479,.jpg,133027,937,1171,3,0.800171,1097227,RGB,139.58708088663514,68.54103250540463,333.6562394625718,333.6562394625718,7.650586128234863,4439452c758215a216dcf989c9538443,80f17b903c63be5c,data\raw\dataset_B\EALPR Vechicles dataset\Vehicles\0479.jpg
dataset_B,0480.jpg,0480,.jpg,129142,937,1171,3,0.800171,1097227,RGB,138.86707855348072,66.2137012741818,159.2319065756164,159.2319065756164,7.697776794433594,99b7511baebe22656392131e00907393,e0a423bfbe38e0e1,data\raw\dataset_B\EALPR Vechicles dataset\Vehicles\0480.jpg
dataset_B,0481.jpg,0481,.jpg,68076,900,1125,3,0.8,1012500,RGB,75.34500839506173,70.73389536078896,263.87214809102124,263.87214809102124,6.344374179840088,b0fb215e51455c7929d305c1c508764e,fa6ee0f06c8cf064,data\raw\dataset_B\EALPR Vechicles dataset\Vehicles\0481.jpg
dataset_B,0482.jpg,0482,.jpg,182862,800,1000,3,0.8,800000,RGB,120.56624625,67.87954138718352,1022.1216199365234,1022.1216199365234,7.921545028686523,58cd4ed87108c7165eba8b15f9f74d41,8cd0f77ca0a08f57,data\raw\dataset_B\EALPR Vechicles dataset\Vehicles\0482.jpg
dataset_B,0483.jpg,0483,.jpg,46221,640,518,3,1.235521,331520,RGB,79.82258687258687,54.53841809432018,377.19980048476253,377.19980048476253,7.113799571990967,2514eb15022cbbd7eab2a7f8e846e271,efc4eac4cc687423,data\raw\dataset_B\EALPR Vechicles dataset\Vehicles\0483.jpg
dataset_B,0484.jpg,0484,.jpg,103915,937,1171,3,0.800171,1097227,RGB,74.50538858413073,42.860898379304736,68.13891695526888,68.13891695526888,7.2136616706848145,3e631da57e98623129bacc6895a81b28,a1951fcf2ef0e105,data\raw\dataset_B\EALPR Vechicles dataset\Vehicles\0484.jpg
dataset_B,0485.jpg,0485,.jpg,87213,1080,1080,3,1.0,1166400,RGB,60.17988940329218,48.12634340727095,33.697875498303205,33.697875498303205,6.983883857727051,0ac9def6ac97bb5d75482b55e9b76dca,9ebc2092cd316b4f,data\raw\dataset_B\EALPR Vechicles dataset\Vehicles\0485.jpg
dataset_B,0486.jpg,0486,.jpg,86997,640,640,3,1.0,409600,RGB,125.06100830078125,81.94056464257655,834.0926219397545,834.0926219397545,7.60914945602417,0de48941258ad2c001ff62997eb0617e,94560e2fb53ddac0,data\raw\dataset_B\EALPR Vechicles dataset\Vehicles\0486.jpg
dataset_B,0487.jpg,0487,.jpg,166358,1024,768,3,1.333333,786432,RGB,105.84727350870769,66.6515274454127,3870.358089414729,3870.358089414729,7.845075607299805,f0f73435c47c84450a1c90d31b49c4b9,ecc4a4ce8d379199,data\raw\dataset_B\EALPR Vechicles dataset\Vehicles\0487.jpg
dataset_B,0488.jpg,0488,.jpg,65836,640,583,3,1.09777,373120,RGB,119.6602647941681,49.8906139040091,834.7565068622358,834.7565068622358,7.567608833312988,a324d867d4e79ab4efa8367700381bd2,eacf839ff053820a,data\raw\dataset_B\EALPR Vechicles dataset\Vehicles\0488.jpg
dataset_B,0489.jpg,0489,.jpg,76502,640,480,3,1.333333,307200,RGB,105.82980794270833,64.63150663490687,2311.2317730504246,2311.2317730504246,7.855564117431641,00cd711c835b2a167443077a7c168d8d,abd5e54a882b633a,data\raw\dataset_B\EALPR Vechicles dataset\Vehicles\0489.jpg
dataset_B,0490.jpg,0490,.jpg,107366,799,999,3,0.7998,798201,RGB,123.20280606012771,57.79311703816018,123.98401356408338,123.98401356408338,7.5967607498168945,7bbf58a8182013326da4607dd63d7148,9fc7e5a1939c2870,data\raw\dataset_B\EALPR Vechicles dataset\Vehicles\0490.jpg
dataset_B,0491.jpg,0491,.jpg,117183,937,1171,3,0.800171,1097227,RGB,152.5627951189681,69.25264816743874,177.4287869356106,177.4287869356106,7.612976551055908,3b126a5a79fe20b3b85b5ae26e6d8ffd,94e47993e0469f2b,data\raw\dataset_B\EALPR Vechicles dataset\Vehicles\0491.jpg
dataset_B,0492.jpg,0492,.jpg,64640,900,1125,3,0.8,1012500,RGB,95.76458469135802,66.9925776237151,282.8638102846263,282.8638102846263,7.2823028564453125,618d0fb9f13704b61344fd24504235cd,fac42d2d988b0b79,data\raw\dataset_B\EALPR Vechicles dataset\Vehicles\0492.jpg
dataset_B,0493.jpg,0493,.jpg,97531,937,1171,3,0.800171,1097227,RGB,142.79242308109443,61.183494157330614,110.46767278188243,110.46767278188243,6.982585906982422,60b430f5596f4fb33976fc1231d51e97,a5c5fa1a95616b86,data\raw\dataset_B\EALPR Vechicles dataset\Vehicles\0493.jpg
dataset_B,0494.jpg,0494,.jpg,125508,750,750,3,1.0,562500,RGB,86.95998222222222,48.26388826625412,593.2822501074457,593.2822501074457,7.378810882568359,1597ca03c80685558614f210e0936c5c,be048d0ee65976d2,data\raw\dataset_B\EALPR Vechicles dataset\Vehicles\0494.jpg
dataset_B,0495.jpg,0495,.jpg,39356,640,479,3,1.336117,306560,RGB,71.79235712421712,53.86981746275537,115.64946701537481,115.64946701537481,7.244223117828369,2bf72838612685ed13c1b0720fd1612a,c38f383fc0870d8f,data\raw\dataset_B\EALPR Vechicles dataset\Vehicles\0495.jpg
dataset_B,0496.jpg,0496,.jpg,82366,800,1000,3,0.8,800000,RGB,80.99057375,52.2012328627956,168.41368422999375,168.41368422999375,7.3762407302856445,74d33a04e913edf66f1007e281ce77c4,fda4951b065a7925,data\raw\dataset_B\EALPR Vechicles dataset\Vehicles\0496.jpg
dataset_B,0497.jpg,0497,.jpg,117058,750,750,3,1.0,562500,RGB,123.93924977777777,57.10415662696689,1548.7084799674185,1548.7084799674185,7.538247108459473,5f8fb4e88b860fce7e62d80e69ee2fbb,a505c3d37dcda832,data\raw\dataset_B\EALPR Vechicles dataset\Vehicles\0497.jpg
dataset_B,0498.jpg,0498,.jpg,192419,937,1171,3,0.800171,1097227,RGB,139.9332954803336,64.03403974956788,1107.3670776414265,1107.3670776414265,7.752236366271973,38d936d829c35fd873841af1143463ce,c6c66fe34ac02cdc,data\raw\dataset_B\EALPR Vechicles dataset\Vehicles\0498.jpg
dataset_B,0499.jpg,0499,.jpg,150956,937,1171,3,0.800171,1097227,RGB,125.81818803219389,56.008616478259064,201.72943556988486,201.72943556988486,7.587920188903809,19a3ec3fab4357de878f05f554041720,fee48090c28fdf34,data\raw\dataset_B\EALPR Vechicles dataset\Vehicles\0499.jpg
dataset_B,0500.jpg,0500,.jpg,110233,924,1138,3,0.811951,1051512,RGB,105.53763723095885,72.05260916458698,242.07047625109448,242.07047625109448,7.756315231323242,96604416a59adf1141e795b136d5040c,84553a28d535cafe,data\raw\dataset_B\EALPR Vechicles dataset\Vehicles\0500.jpg
dataset_B,0501.jpg,0501,.jpg,118118,937,1171,3,0.800171,1097227,RGB,107.668400431269,54.12935813995761,305.61539532418976,305.61539532418976,7.496255397796631,c1abbd5bf99f1493265a42978c416c30,fdebe3c10c8ca2a8,data\raw\dataset_B\EALPR Vechicles dataset\Vehicles\0501.jpg
dataset_B,0502.jpg,0502,.jpg,64056,900,1125,3,0.8,1012500,RGB,95.89956049382717,67.11246964632622,276.77121372975483,276.77121372975483,7.2779998779296875,caa446efdb1ca55b57d5dcec73a0d3bf,eac42f2d888b4b79,data\raw\dataset_B\EALPR Vechicles dataset\Vehicles\0502.jpg
dataset_B,0503.jpg,0503,.jpg,100116,937,1171,3,0.800171,1097227,RGB,29.803911132336335,37.65433259286621,102.12845198111302,102.12845198111302,5.831482887268066,f94e1112262c2f625153d70f0e377442,aa2b068bb9c675c9,data\raw\dataset_B\EALPR Vechicles dataset\Vehicles\0503.jpg
dataset_B,0504.jpg,0504,.jpg,77905,795,993,3,0.800604,789435,RGB,111.54747129276001,58.78377804773726,85.28751439031478,85.28751439031478,7.558444499969482,cd9f5bdbd66486f176f3097e7be2666c,a9a175d894867ab9,data\raw\dataset_B\EALPR Vechicles dataset\Vehicles\0504.jpg
dataset_B,0505.jpg,0505,.jpg,64865,750,562,3,1.33452,421500,RGB,86.27437722419928,63.715457215612865,1016.6729352934516,1016.6729352934516,7.391963481903076,5f854c49c711a000b2d4a93e52b831ce,bf978e9a50707921,data\raw\dataset_B\EALPR Vechicles dataset\Vehicles\0505.jpg
dataset_B,0506.jpg,0506,.jpg,101386,750,562,3,1.33452,421500,RGB,137.31083748517202,64.33917687818733,2251.579916093509,2251.579916093509,7.790134906768799,6e23248cc00dcb909dc5430bd18928ba,bfdbc03839c80e8b,data\raw\dataset_B\EALPR Vechicles dataset\Vehicles\0506.jpg
dataset_B,0507.jpg,0507,.jpg,54509,640,480,3,1.333333,307200,RGB,96.27715494791667,54.63169874762739,587.0250695256551,587.0250695256551,7.402046203613281,07aa4bedc483fcd4df2424fded9cef9e,e0c6c2b2b9f2d2d2,data\raw\dataset_B\EALPR Vechicles dataset\Vehicles\0507.jpg
dataset_B,0508.jpg,0508,.jpg,59155,1080,1080,3,1.0,1166400,RGB,162.8076311728395,50.23389447587914,28.71591337955436,28.71591337955436,7.287623405456543,720b687ba8508a5873f92b72234e5925,afd544cf852a9534,data\raw\dataset_B\EALPR Vechicles dataset\Vehicles\0508.jpg
dataset_B,0509.jpg,0509,.jpg,192195,1080,1351,3,0.799408,1459080,RGB,63.96946431998246,53.88487680857595,659.6911611567333,659.6911611567333,7.030719757080078,20eeabcc15e9d9de3af9489833193e72,ea94d55b69298587,data\raw\dataset_B\EALPR Vechicles dataset\Vehicles\0509.jpg
dataset_B,0510.jpg,0510,.jpg,65087,640,449,3,1.42539,287360,RGB,113.29781806792873,63.983241261107075,916.6058750200253,916.6058750200253,7.87183952331543,e229ce266955f557b0aeb7f99810b798,e10183aa1ae7d9db,data\raw\dataset_B\EALPR Vechicles dataset\Vehicles\0510.jpg
dataset_B,0511.jpg,0511,.jpg,59602,764,956,3,0.799163,730384,RGB,71.276179379614,50.649479367378845,22.506979738836584,22.506979738836584,7.121061325073242,5bbff7e0fd53b17a519e1afae30a25e3,f81606f8f10e1ef1,data\raw\dataset_B\EALPR Vechicles dataset\Vehicles\0511.jpg
dataset_B,0512.jpg,0512,.jpg,254571,937,1171,3,0.800171,1097227,RGB,123.8000158581588,61.02069496414451,1812.8292555973806,1812.8292555973806,7.817656517028809,38e064cf59face7ca7433a562a269dd6,bf11c00b5e8c69eb,data\raw\dataset_B\EALPR Vechicles dataset\Vehicles\0512.jpg
dataset_B,0513.jpg,0513,.jpg,128837,937,1171,3,0.800171,1097227,RGB,102.02608667121753,48.724655262754666,196.29861637555658,196.29861637555658,6.881047248840332,cf0d574144108de6aabaf308cd2eaa07,aaa2a1d5f2ccd5d0,data\raw\dataset_B\EALPR Vechicles dataset\Vehicles\0513.jpg
dataset_B,0514.jpg,0514,.jpg,124361,764,956,3,0.799163,730384,RGB,86.88380769567789,60.3966433182629,352.4615229787013,352.4615229787013,7.564157962799072,941f8110e860a3646b28e224b1327f61,c8946f6e9c686d91,data\raw\dataset_B\EALPR Vechicles dataset\Vehicles\0514.jpg
dataset_B,0515.jpg,0515,.jpg,123967,937,1171,3,0.800171,1097227,RGB,81.00824168563113,50.6275477969613,118.54561714977439,118.54561714977439,7.333524703979492,9457a4d6da353e730e1359d4f47d1edc,ea3a95974e12d866,data\raw\dataset_B\EALPR Vechicles dataset\Vehicles\0515.jpg
dataset_B,0516.jpg,0516,.jpg,103101,640,570,3,1.122807,364800,RGB,105.12345942982456,79.76946449677672,3274.3709319763952,3274.3709319763952,7.710504055023193,1c1adc8e443471751efcc5024aa29bb8,e6863fd7a432db00,data\raw\dataset_B\EALPR Vechicles dataset\Vehicles\0516.jpg
dataset_B,0517.jpg,0517,.jpg,56042,640,479,3,1.336117,306560,RGB,103.0064881263048,72.75864655693302,623.4170004144839,623.4170004144839,7.610663414001465,91f5ab95fd6a06958c1359640971af38,bfd092aacb352326,data\raw\dataset_B\EALPR Vechicles dataset\Vehicles\0517.jpg
dataset_B,0518.jpg,0518,.jpg,114523,937,1171,3,0.800171,1097227,RGB,75.27375647883255,64.618060535501,110.8025166825905,110.8025166825905,7.010638236999512,7ad66b711e91291e6a59bd0d6e8f1d29,cfdcf0f18b0a2474,data\raw\dataset_B\EALPR Vechicles dataset\Vehicles\0518.jpg
dataset_B,0519.jpg,0519,.jpg,224158,1080,1350,3,0.8,1458000,RGB,121.5324074074074,66.23290539992979,320.05413544931423,320.05413544931423,7.801196098327637,0c82eb164094c6ada1e6426986f69735,ae04c46ea6a64fd3,data\raw\dataset_B\EALPR Vechicles dataset\Vehicles\0519.jpg
dataset_B,0520.jpg,0520,.jpg,91232,900,1125,3,0.8,1012500,RGB,76.67110814814815,66.4820810613548,295.8754103165005,295.8754103165005,7.16712760925293,184a66a95acc6f4c30efbf330101ea6a,ebe12d85d79f0460,data\raw\dataset_B\EALPR Vechicles dataset\Vehicles\0520.jpg
dataset_B,0521.jpg,0521,.jpg,115006,800,1000,3,0.8,800000,RGB,73.0884725,48.75372842272418,177.63892945240002,177.63892945240002,7.300130844116211,fbcf5c9ce5356830162d1efa7dcbca20,e303c27f0f282f65,data\raw\dataset_B\EALPR Vechicles dataset\Vehicles\0521.jpg
dataset_B,0522.jpg,0522,.jpg,63178,750,561,3,1.336898,420750,RGB,84.59366369578134,52.49979512298904,665.6056090195387,665.6056090195387,7.390390872955322,e2b912510cac01bd7b00c2d986cf40bd,a8b454b28a88ef77,data\raw\dataset_B\EALPR Vechicles dataset\Vehicles\0522.jpg
dataset_B,0523.jpg,0523,.jpg,54865,640,480,3,1.333333,307200,RGB,106.39923502604167,54.397725160800825,2078.7104289537115,2078.7104289537115,7.433623313903809,baffdef038d9b148dbc79baa3c84b441,bfaf2ebad8686080,data\raw\dataset_B\EALPR Vechicles dataset\Vehicles\0523.jpg
dataset_B,0524.jpg,0524,.jpg,49885,640,480,3,1.333333,307200,RGB,103.51292317708334,65.50921339798505,550.2605097854508,550.2605097854508,7.771079063415527,19df33fc3a07691bb180092521b0ddb9,8456fa288527dade,data\raw\dataset_B\EALPR Vechicles dataset\Vehicles\0524.jpg
dataset_B,0525.jpg,0525,.jpg,65441,695,363,3,1.914601,252285,RGB,98.03675208593455,66.7964863578043,2263.865718057622,2263.865718057622,7.78929328918457,b8490f7e85e70e122a5c0403c47010e6,866e798f7c10e724,data\raw\dataset_B\EALPR Vechicles dataset\Vehicles\0525.jpg
dataset_B,0526.jpg,0526,.jpg,85812,937,1171,3,0.800171,1097227,RGB,131.3947396482223,57.192483930090894,54.5460246371829,54.5460246371829,7.0599164962768555,fcab08ba1fec01a3a2a1146c718f8af8,ebc1943a9466cb69,data\raw\dataset_B\EALPR Vechicles dataset\Vehicles\0526.jpg
dataset_B,0527.jpg,0527,.jpg,58940,750,750,3,1.0,562500,RGB,60.02799288888889,43.13717211612219,221.31312645175623,221.31312645175623,6.331757545471191,7ce4098b993e341796b91efda20cb061,ada7d3544e392929,data\raw\dataset_B\EALPR Vechicles dataset\Vehicles\0527.jpg
dataset_B,0528.jpg,0528,.jpg,153321,1080,1144,3,0.944056,1235520,RGB,144.4051371082621,52.99281759798433,385.67693209961794,385.67693209961794,7.375655174255371,e551ab6297d431fbc44ea4179f8041f9,d5d585eacaa22596,data\raw\dataset_B\EALPR Vechicles dataset\Vehicles\0528.jpg
dataset_B,0529.jpg,0529,.jpg,54404,640,479,3,1.336117,306560,RGB,76.55220185281837,64.70748287242152,414.30133812568806,414.30133812568806,7.504141807556152,61396d49e0529f849db04c8f8d356a5b,97286b9770ee2193,data\raw\dataset_B\EALPR Vechicles dataset\Vehicles\0529.jpg
dataset_B,0530.jpg,0530,.jpg,89035,900,1125,3,0.8,1012500,RGB,75.20755259259259,67.14775632661963,305.43319094713604,305.43319094713604,7.127693176269531,630c24065a59b0e9cef69be6fa281f0d,eae129a5859f9d84,data\raw\dataset_B\EALPR Vechicles dataset\Vehicles\0530.jpg
dataset_B,0531.jpg,0531,.jpg,178191,937,1171,3,0.800171,1097227,RGB,119.09613507505739,63.5247231700059,406.75335954685244,406.75335954685244,7.758327484130859,2a3cfc4bb58174a7aad2cbb6b1c9bbd0,be9de504d4d912d2,data\raw\dataset_B\EALPR Vechicles dataset\Vehicles\0531.jpg
dataset_B,0532.jpg,0532,.jpg,89042,640,640,3,1.0,409600,RGB,147.9096533203125,61.98494943627924,1024.567146219611,1024.567146219611,7.5925374031066895,de01716a1a546c0524a20df5c3c6c9dd,ea6b85157c9e9550,data\raw\dataset_B\EALPR Vechicles dataset\Vehicles\0532.jpg
dataset_B,0533.jpg,0533,.jpg,151034,937,1171,3,0.800171,1097227,RGB,117.18452061423935,55.235496385278076,310.5755463432125,310.5755463432125,7.72987699508667,aa0cbb2465b81b7ec09a6087d322307f,cf43c209a5e38e8f,data\raw\dataset_B\EALPR Vechicles dataset\Vehicles\0533.jpg
dataset_B,0534.jpg,0534,.jpg,108726,750,750,3,1.0,562500,RGB,102.15583111111111,67.13994302614277,1057.449775869759,1057.449775869759,7.647219181060791,e187f5a4e1bdcd070f52c1444ee0defc,e081834f3f27237e,data\raw\dataset_B\EALPR Vechicles dataset\Vehicles\0534.jpg
dataset_B,0535.jpg,0535,.jpg,56443,640,480,3,1.333333,307200,RGB,96.10067708333334,60.29506155116043,1733.8792023083897,1733.8792023083897,7.576323509216309,585282436c0908b659d50170d13df661,93907c30f6dc8b93,data\raw\dataset_B\EALPR Vechicles dataset\Vehicles\0535.jpg
dataset_B,0536.jpg,0536,.jpg,48893,640,480,3,1.333333,307200,RGB,104.41382486979167,57.753397004103576,791.9188037019412,791.9188037019412,7.711409568786621,15ada869b420f531bd3c222024203225,eaa8bd8496c7865a,data\raw\dataset_B\EALPR Vechicles dataset\Vehicles\0536.jpg
dataset_B,0537.jpg,0537,.jpg,98661,800,1000,3,0.8,800000,RGB,142.820625,65.0459368032268,150.97551952734378,150.97551952734378,7.359013080596924,321fe50540d3f2a26eb7e8d8865e15e9,fed1c02abb2114fa,data\raw\dataset_B\EALPR Vechicles dataset\Vehicles\0537.jpg
dataset_B,0538.jpg,0538,.jpg,42746,640,640,3,1.0,409600,RGB,141.85436767578125,74.80328972072384,317.42589836835265,317.42589836835265,7.678845405578613,41ac5b9f39cb5a4cc43760be393bd772,872129fb2f47d0a9,data\raw\dataset_B\EALPR Vechicles dataset\Vehicles\0538.jpg
dataset_B,0539.jpg,0539,.jpg,257934,1080,1350,3,0.8,1458000,RGB,138.49776680384088,64.54006480345761,519.9961123881479,519.9961123881479,7.726658344268799,097fb0dcf55b09c758fe7352a9e3dacc,ab0b8d2572d21be9,data\raw\dataset_B\EALPR Vechicles dataset\Vehicles\0539.jpg
dataset_B,0540.jpg,0540,.jpg,68291,900,1125,3,0.8,1012500,RGB,43.452375308641976,70.08973258519454,518.455958514523,518.455958514523,6.013090133666992,9fcba788ad3a9d47389e216c8880ac5b,ee33c3cc32ccb0d8,data\raw\dataset_B\EALPR Vechicles dataset\Vehicles\0540.jpg
dataset_B,0541.jpg,0541,.jpg,65800,900,1125,3,0.8,1012500,RGB,94.29726814814815,71.76442164724904,303.69114960912054,303.69114960912054,7.051856994628906,06b10b2df26c7b7a770d0d80d4b4e5c3,ef693a35c14a92b4,data\raw\dataset_B\EALPR Vechicles dataset\Vehicles\0541.jpg
dataset_B,0542.jpg,0542,.jpg,75323,720,720,3,1.0,518400,RGB,135.73019097222223,64.55415677691124,176.1707918714754,176.1707918714754,7.633284091949463,3f0266ade56080859db1651dfb7b326c,adc0da688e74c73c,data\raw\dataset_B\EALPR Vechicles dataset\Vehicles\0542.jpg
dataset_B,0543.jpg,0543,.jpg,139749,750,562,3,1.33452,421500,RGB,107.21851245551602,62.898036211837315,6956.027331104588,6956.027331104588,7.848694801330566,49b4a043526723ee977c9e94733f699b,f078d95c74a45c66,data\raw\dataset_B\EALPR Vechicles dataset\Vehicles\0543.jpg
dataset_B,0544.jpg,0544,.jpg,152091,1080,1350,3,0.8,1458000,RGB,57.26264951989026,42.43497090000853,306.58629012332085,306.58629012332085,6.822220802307129,93a70ed7b4447b9cdc1b7302fa438d55,cc8c4ece8c233a5f,data\raw\dataset_B\EALPR Vechicles dataset\Vehicles\0544.jpg
dataset_B,0545.jpg,0545,.jpg,116984,750,750,3,1.0,562500,RGB,129.43146133333335,65.7094002763181,1301.8811256424267,1301.8811256424267,7.710997581481934,e73566f8d34687a20a6d0de65f96e59a,9819bde1c36e70c3,data\raw\dataset_B\EALPR Vechicles dataset\Vehicles\0545.jpg
dataset_B,0546.jpg,0546,.jpg,124606,1080,1350,3,0.8,1458000,RGB,74.64508299039781,51.488853751712774,142.59151674514382,142.59151674514382,7.201998710632324,99d89b8b619a5ce72246f83d85546187,fd7993801de54646,data\raw\dataset_B\EALPR Vechicles dataset\Vehicles\0546.jpg
dataset_B,0547.jpg,0547,.jpg,162306,1080,1350,3,0.8,1458000,RGB,127.27152606310014,67.73517451719985,199.2924602874148,199.2924602874148,7.718895435333252,7a357678ef548569bd64edc0b8503027,a1949e1e861f357a,data\raw\dataset_B\EALPR Vechicles dataset\Vehicles\0547.jpg
dataset_B,0548.jpg,0548,.jpg,191547,937,1171,3,0.800171,1097227,RGB,107.88795572839531,70.675412782959,449.75883779932093,449.75883779932093,7.672894477844238,dbf49cb3d4867581fa4df0990743e656,bb56d42a69c5d42a,data\raw\dataset_B\EALPR Vechicles dataset\Vehicles\0548.jpg
dataset_B,0549.jpg,0549,.jpg,119966,800,1000,3,0.8,800000,RGB,107.165615,70.87505773663803,226.00751384169374,226.00751384169374,7.856656074523926,4ab52682f38be80329fae5bc89f55167,ffe5a08a808d7f60,data\raw\dataset_B\EALPR Vechicles dataset\Vehicles\0549.jpg
dataset_B,0550.jpg,0550,.jpg,68651,814,885,3,0.919774,720390,RGB,135.86660142422855,64.55490265294233,136.6754675797311,136.6754675797311,7.562768936157227,daac9a6fe12a2454ad72dfdf7d24ef11,eac483c38b6e7435,data\raw\dataset_B\EALPR Vechicles dataset\Vehicles\0550.jpg
dataset_B,0551.jpg,0551,.jpg,133397,937,1171,3,0.800171,1097227,RGB,78.5196035095746,50.89718805818473,295.71526917370994,295.71526917370994,7.201066493988037,61335a741cddd23056adf026d7a8b669,af7f8160f1d501c3,data\raw\dataset_B\EALPR Vechicles dataset\Vehicles\0551.jpg
dataset_B,0552.jpg,0552,.jpg,38909,900,1125,3,0.8,1012500,RGB,44.25212641975309,61.76505013312524,349.43133910240414,349.43133910240414,5.992142200469971,bac59cad32fa7329bfdf064831190122,fb36261999662699,data\raw\dataset_B\EALPR Vechicles dataset\Vehicles\0552.jpg
dataset_B,0553.jpg,0553,.jpg,58951,750,664,3,1.129518,498000,RGB,60.10613253012048,54.20724092607718,298.5947670246609,298.5947670246609,7.079370021820068,b03bd30d574dfd359ff47796a89295c5,efe014c5e1f0d625,data\raw\dataset_B\EALPR Vechicles dataset\Vehicles\0553.jpg
dataset_B,0554.jpg,0554,.jpg,150551,937,1171,3,0.800171,1097227,RGB,82.15006466300957,58.5305822632805,251.0945483291003,251.0945483291003,7.362809658050537,854121d85adbb6bc91786d2f51c8c221,bf63c05dc5a262e4,data\raw\dataset_B\EALPR Vechicles dataset\Vehicles\0554.jpg
dataset_B,0555.jpg,0555,.jpg,107224,750,562,3,1.33452,421500,RGB,128.56550652431793,69.10544655304834,3641.906995977654,3641.906995977654,7.8553056716918945,466593c6467b8f2c7614af4da2e88b56,ffcfd01314162725,data\raw\dataset_B\EALPR Vechicles dataset\Vehicles\0555.jpg
dataset_B,0556.jpg,0556,.jpg,85729,937,1171,3,0.800171,1097227,RGB,69.57034506077594,34.39006035637403,41.10924618598471,41.10924618598471,6.179625988006592,4929749ee4e89b0544932e28ff56d347,bca90b56d4764b89,data\raw\dataset_B\EALPR Vechicles dataset\Vehicles\0556.jpg
dataset_B,0557.jpg,0557,.jpg,126046,937,1171,3,0.800171,1097227,RGB,124.14656037447128,75.41309816314072,300.75267678814026,300.75267678814026,7.9218854904174805,fdc89638dd8e5c035a9dec26f0ff4bcd,842f7ef0d059a17a,data\raw\dataset_B\EALPR Vechicles dataset\Vehicles\0557.jpg
dataset_B,0558.jpg,0558,.jpg,101522,1080,1080,3,1.0,1166400,RGB,58.73738511659808,38.66100583589772,110.38978480539748,110.38978480539748,6.842404842376709,c0322f5edd66ab3e9d77380d9631c1e9,fcb20286ed7416ce,data\raw\dataset_B\EALPR Vechicles dataset\Vehicles\0558.jpg
dataset_B,0559.jpg,0559,.jpg,104289,800,1000,3,0.8,800000,RGB,108.4413975,64.93450897440431,194.31536036674373,194.31536036674373,7.299371719360352,4060bc49809b110ffe01e7bbaea3fe9e,f7d1e9d6d6288806,data\raw\dataset_B\EALPR Vechicles dataset\Vehicles\0559.jpg
dataset_B,0560.jpg,0560,.jpg,167199,852,1065,3,0.8,907380,RGB,109.01388392955542,61.065657757829,625.5808749988615,625.5808749988615,7.640127182006836,bf4e511280c79fe3189aa53673d0fbbb,8e8580abb5c7ca6b,data\raw\dataset_B\EALPR Vechicles dataset\Vehicles\0560.jpg
dataset_B,0561.jpg,0561,.jpg,66390,900,1125,3,0.8,1012500,RGB,59.46820148148148,68.0274301190873,312.3101557805212,312.3101557805212,6.633856296539307,a0c3aeb2e464d6ef754c80cd7245d4ea,ebc2862dbc3c9d81,data\raw\dataset_B\EALPR Vechicles dataset\Vehicles\0561.jpg
dataset_B,0562.jpg,0562,.jpg,323125,1280,1512,3,0.846561,1935360,RGB,89.92909071180556,67.27030109086884,898.3734335745746,898.3734335745746,7.686819553375244,7d681a40a6d61198b68acc7621940d66,ab55dc4ba534b464,data\raw\dataset_B\EALPR Vechicles dataset\Vehicles\0562.jpg
dataset_B,0563.JPG,0563,.jpg,151322,960,720,3,1.333333,691200,RGB,120.67810619212963,61.32383243565557,513.0500534952612,513.0500534952612,7.634881973266602,dfc11309158203cdd48f3c13223352b7,db116d66160d659b,data\raw\dataset_B\EALPR Vechicles dataset\Vehicles\0563.JPG
dataset_B,0564.JPG,0564,.jpg,107979,540,960,3,0.5625,518400,RGB,63.31117283950617,72.0210977599217,297.943605106822,297.943605106822,6.532467842102051,04e23ce72734bdf60605fefe35487cb6,df882577023e18f9,data\raw\dataset_B\EALPR Vechicles dataset\Vehicles\0564.JPG
dataset_B,0565.jpg,0565,.jpg,189081,1080,1350,3,0.8,1458000,RGB,134.92868930041152,70.03459349378966,175.58836691634585,175.58836691634585,7.474337100982666,3e6667795b2925c2749553b7d859cce0,ab6bd692c2c31327,data\raw\dataset_B\EALPR Vechicles dataset\Vehicles\0565.jpg
dataset_B,0566.JPG,0566,.jpg,1119395,4032,3024,3,1.333333,12192768,RGB,133.2294269028985,56.50245666757919,3.6033045968619333,3.6033045968619333,7.404717445373535,8cc9d314c2a055f756f91bd7f757aa3e,a4649925ef13e639,data\raw\dataset_B\EALPR Vechicles dataset\Vehicles\0566.JPG
dataset_B,0567.JPG,0567,.jpg,143378,1040,780,3,1.333333,811200,RGB,105.98580004930966,58.29055052799269,355.80015344204196,355.80015344204196,7.609772205352783,a3b0714a869388c85afe6e0c1c7869b8,d91b861ed67cc921,data\raw\dataset_B\EALPR Vechicles dataset\Vehicles\0567.JPG
dataset_B,0568.JPG,0568,.jpg,135150,1040,780,3,1.333333,811200,RGB,117.84857001972387,54.597131365843936,244.6318403187461,244.6318403187461,7.597957611083984,4cebe57223d6e381fc07e7851cb95e0a,8c4e5b798935d6c8,data\raw\dataset_B\EALPR Vechicles dataset\Vehicles\0568.JPG
dataset_B,0569.JPG,0569,.jpg,129236,780,1040,3,0.75,811200,RGB,99.00508875739645,63.14729750505031,201.0480830862364,201.0480830862364,7.679606914520264,82abce5e4da7276a52ff24ea857a4df6,aa42c68dd4771c3b,data\raw\dataset_B\EALPR Vechicles dataset\Vehicles\0569.JPG
dataset_B,0570.jpg,0570,.jpg,118884,900,1125,3,0.8,1012500,RGB,154.0003911111111,75.04672160428287,1317.1606646913492,1317.1606646913492,7.330573081970215,2e881dc445f50d5cdd45ed2ba9014081,bf6e96c21d36c424,data\raw\dataset_B\EALPR Vechicles dataset\Vehicles\0570.jpg
dataset_B,0571.JPG,0571,.jpg,96959,960,720,3,1.333333,691200,RGB,80.89599537037037,43.54036287447223,130.3158998687786,130.3158998687786,6.789641380310059,663e9e5d291b9fdcca2cb11fa5371b89,9e65619e84619ade,data\raw\dataset_B\EALPR Vechicles dataset\Vehicles\0571.JPG
dataset_B,0572.JPG,0572,.jpg,118435,720,960,3,0.75,691200,RGB,88.55106770833333,55.32844849343796,301.1621869808998,301.1621869808998,7.3483967781066895,d2eeceaba95f60f92311cc7ec7a7ab57,9999ae2ea089bb99,data\raw\dataset_B\EALPR Vechicles dataset\Vehicles\0572.JPG
dataset_B,0573.JPG,0573,.jpg,176873,1396,1047,3,1.333333,1461612,RGB,122.24489673045925,61.73574485532967,46.87363922530398,46.87363922530398,7.4252095222473145,8aaa8ac3e44fc7a1a04c07cee701a18c,fce5eb9085651c2c,data\raw\dataset_B\EALPR Vechicles dataset\Vehicles\0573.JPG
dataset_B,0574.jpg,0574,.jpg,80315,589,589,3,1.0,346921,RGB,106.77224209546266,47.67565859035232,429.8551885313572,429.8551885313572,7.404453277587891,a5c2ed7b7b9dfa1db08f866d9cf5f145,af95812b9cb59195,data\raw\dataset_B\EALPR Vechicles dataset\Vehicles\0574.jpg
dataset_B,0575.JPG,0575,.jpg,165633,720,960,3,0.75,691200,RGB,114.10544126157407,71.41304373767291,1612.2589366781522,1612.2589366781522,7.751695156097412,842dfcfda796fa1cafad42dfc7ca6f82,afc5c567c5e12a42,data\raw\dataset_B\EALPR Vechicles dataset\Vehicles\0575.JPG
dataset_B,0576.JPG,0576,.jpg,156856,720,960,3,0.75,691200,RGB,124.32558304398148,64.42709878081905,1053.0020713975507,1053.0020713975507,7.650050640106201,578a9a8d5d3fb05d3f4ed6f9559b7f0e,e8858d6d847ecb43,data\raw\dataset_B\EALPR Vechicles dataset\Vehicles\0576.JPG
dataset_B,0577.JPG,0577,.jpg,49228,720,960,3,0.75,691200,RGB,29.349231770833335,38.26942518223963,100.07378905787631,100.07378905787631,5.898176670074463,f76b4f3dfa943e194658e325c5ab3c20,d37f38826719c067,data\raw\dataset_B\EALPR Vechicles dataset\Vehicles\0577.JPG
dataset_B,0578.JPG,0578,.jpg,140683,960,720,3,1.333333,691200,RGB,93.79559895833333,61.05661636487178,531.6659201153706,531.6659201153706,7.383120536804199,005626e81af80bd3f4533e7b3aefede6,8eb51432b3cf338c,data\raw\dataset_B\EALPR Vechicles dataset\Vehicles\0578.JPG
dataset_B,0579.JPG,0579,.jpg,125403,960,540,3,1.777778,518400,RGB,111.50692901234568,59.96850474028083,830.5318435102874,830.5318435102874,7.737728118896484,4137654ec73910a5cbed55a8e87dc4fa,fad803c7d5504de2,data\raw\dataset_B\EALPR Vechicles dataset\Vehicles\0579.JPG
dataset_B,0580.jpg,0580,.jpg,82098,960,1125,3,0.853333,1080000,RGB,45.250812037037036,38.79485236695623,93.1073854304861,93.1073854304861,6.842549800872803,41b784f9402b7cadcddb5b1cbea658b2,aace4d0eae7dd220,data\raw\dataset_B\EALPR Vechicles dataset\Vehicles\0580.jpg
dataset_B,0581.JPG,0581,.jpg,61431,414,489,3,0.846626,202446,RGB,82.13288481866769,71.62781432635235,715.0034028916158,715.0034028916158,7.537725925445557,cb08d8909bb29dcfe0a9ecd7ac035dc8,91933bc9c1a1687f,data\raw\dataset_B\EALPR Vechicles dataset\Vehicles\0581.JPG
dataset_B,0582.jpg,0582,.jpg,189704,929,1162,3,0.799484,1079498,RGB,96.87146525514638,56.38045632507817,448.4687721027564,448.4687721027564,7.587645053863525,c7c1249ed21d46b98df5dceb9f314f78,fd856a5e207cc2ca,data\raw\dataset_B\EALPR Vechicles dataset\Vehicles\0582.jpg
dataset_B,0583.JPG,0583,.jpg,151533,960,720,3,1.333333,691200,RGB,122.62809751157407,58.89057047829482,597.2921571117239,597.2921571117239,7.452671051025391,4d0a637caadb798e9944b045505a5a1d,e2cb5e1485f3e268,data\raw\dataset_B\EALPR Vechicles dataset\Vehicles\0583.JPG
dataset_B,0584.JPG,0584,.jpg,152358,960,1280,3,0.75,1228800,RGB,135.38810872395834,54.04460788830537,24.346931945162346,24.346931945162346,7.464956760406494,de63252d40abfba8b1dec4cf5839b9f8,8aac73d3456d4bc1,data\raw\dataset_B\EALPR Vechicles dataset\Vehicles\0584.JPG
dataset_B,0585.JPG,0585,.jpg,113795,960,720,3,1.333333,691200,RGB,122.44380063657407,44.34434156966694,329.4054191249518,329.4054191249518,7.162980079650879,4cc42a98bc2117fee5e1da48835e0fd5,c1c047e583a9a7e7,data\raw\dataset_B\EALPR Vechicles dataset\Vehicles\0585.JPG
dataset_B,0586.jpg,0586,.jpg,114380,937,1170,3,0.800855,1096290,RGB,125.51462569210702,82.19513095917073,289.94408191739495,289.94408191739495,7.408565998077393,34129d7725d4ab0e7b672f3da8b480f3,cad3df289297b422,data\raw\dataset_B\EALPR Vechicles dataset\Vehicles\0586.jpg
dataset_B,0587.JPG,0587,.jpg,113773,960,720,3,1.333333,691200,RGB,149.3956611689815,44.634507772864865,360.73895106939625,360.73895106939625,7.379081726074219,27621df0630927521c56e5824ade89f2,ad464e4c9d35f690,data\raw\dataset_B\EALPR Vechicles dataset\Vehicles\0587.JPG
dataset_B,0588.jpg,0588,.jpg,157061,1080,1080,3,1.0,1166400,RGB,70.73757030178326,51.364568626105964,418.494692959654,418.494692959654,7.31984281539917,58776ce2c41cb35b76032dd8c2f52184,c30e3c62cb4f7174,data\raw\dataset_B\EALPR Vechicles dataset\Vehicles\0588.jpg
dataset_B,0589.JPG,0589,.jpg,57348,887,666,3,1.331832,590742,RGB,112.65416036103747,66.95105251312626,23.43765234050309,23.43765234050309,7.1208672523498535,97785008cd5ce8a5ede6edd1259f7218,bdf5d0cb828a0f68,data\raw\dataset_B\EALPR Vechicles dataset\Vehicles\0589.JPG
dataset_B,0590.JPG,0590,.jpg,101735,720,960,3,0.75,691200,RGB,57.0292505787037,24.77200056274215,144.8220948663824,144.8220948663824,6.340353488922119,af87f310deb9bcab42e41dcaf6a94a69,cc3873669ccc32b3,data\raw\dataset_B\EALPR Vechicles dataset\Vehicles\0590.JPG
dataset_B,0591.JPG,0591,.jpg,43226,307,409,3,0.750611,125563,RGB,84.3398134800857,54.24762554747459,413.9446683120327,413.9446683120327,7.384585380554199,014d82b789dbe3e47c1f1b88ef66c015,cc8c2ed7c06ddd82,data\raw\dataset_B\EALPR Vechicles dataset\Vehicles\0591.JPG
dataset_B,0592.JPG,0592,.jpg,105992,720,960,3,0.75,691200,RGB,55.6166478587963,48.154753864822816,175.67687152295525,175.67687152295525,6.859608173370361,9c009878ee1a28249c24c16cde535f58,b35b5be1871ab025,data\raw\dataset_B\EALPR Vechicles dataset\Vehicles\0592.JPG
dataset_B,0593.jpg,0593,.jpg,170734,1080,1080,3,1.0,1166400,RGB,128.85380658436213,74.10128779675021,424.2707798157914,424.2707798157914,7.760769844055176,6b90704ba483c26acb8bd94502fa2f95,fe86d67e70618189,data\raw\dataset_B\EALPR Vechicles dataset\Vehicles\0593.jpg
dataset_B,0594.JPG,0594,.jpg,119633,960,720,3,1.333333,691200,RGB,131.42158854166667,64.29766478302777,237.2062256076305,237.2062256076305,7.79681921005249,af90836ebac8a3c8e184f277f69332e1,b45a7c69982d3374,data\raw\dataset_B\EALPR Vechicles dataset\Vehicles\0594.JPG
dataset_B,0595.JPG,0595,.jpg,152007,960,720,3,1.333333,691200,RGB,144.45489583333332,66.7624857174968,606.2242418144236,606.2242418144236,7.490941047668457,465f67cc594de6827057299abfd39148,be3273d1d92820f3,data\raw\dataset_B\EALPR Vechicles dataset\Vehicles\0595.JPG
dataset_B,0596.JPG,0596,.jpg,108398,960,720,3,1.333333,691200,RGB,173.28594328703704,53.93178619558955,238.81907993118645,238.81907993118645,7.2928853034973145,346638a3378097e6dba08e6b4d9ac591,f4a39e397326a4d0,data\raw\dataset_B\EALPR Vechicles dataset\Vehicles\0596.JPG
dataset_B,0597.JPG,0597,.jpg,140667,720,960,3,0.75,691200,RGB,141.16979456018518,59.487922839756415,368.0283340916679,368.0283340916679,7.642958641052246,e913d0e05d927c33a94a01778ec717e9,8387975c89a1a3eb,data\raw\dataset_B\EALPR Vechicles dataset\Vehicles\0597.JPG
dataset_B,0598.JPG,0598,.jpg,91815,540,960,3,0.5625,518400,RGB,95.43138503086419,67.54982313840074,552.4032623611253,552.4032623611253,7.617146015167236,e0a44aab4c2e75e0be2302d3e6e808d8,d087a3080ff1f59d,data\raw\dataset_B\EALPR Vechicles dataset\Vehicles\0598.JPG
dataset_B,0599.JPG,0599,.jpg,74965,640,425,3,1.505882,272000,RGB,99.15286029411764,56.21755993900116,802.6230404002893,802.6230404002893,7.661625385284424,a3f7fffe24336e7754e091cc12711129,9d914c47d0db23cd,data\raw\dataset_B\EALPR Vechicles dataset\Vehicles\0599.JPG
dataset_B,0600.JPG,0600,.jpg,62014,480,480,3,1.0,230400,RGB,52.6231640625,67.89755479347657,3750.5836846467005,3750.5836846467005,6.380581378936768,ca41120c07a88c801def41a54e0861cf,cc071fe9e71ad106,data\raw\dataset_B\EALPR Vechicles dataset\Vehicles\0600.JPG
dataset_B,0601.JPG,0601,.jpg,61484,480,456,3,1.052632,218880,RGB,68.62015716374269,51.24219166851515,733.9495267727735,733.9495267727735,7.227470397949219,6358b6f56008fc29087b5fc99a24c841,a982dac9e7d99560,data\raw\dataset_B\EALPR Vechicles dataset\Vehicles\0601.JPG
dataset_B,0602.JPG,0602,.jpg,61867,296,528,3,0.560606,156288,RGB,72.90442004504504,68.93250718717108,1778.0294291573252,1778.0294291573252,7.371792316436768,6166e2c8cb4f3b95b5847dd125ae56cc,cb7042472f9cbc35,data\raw\dataset_B\EALPR Vechicles dataset\Vehicles\0602.JPG
dataset_B,0603.jpg,0603,.jpg,221205,1080,1350,3,0.8,1458000,RGB,81.41065226337449,50.6475667023277,392.1034711593756,392.1034711593756,7.416826248168945,d7dffa2b0f62656bf41efc9682f6dfbc,aa86d656d268a9ad,data\raw\dataset_B\EALPR Vechicles dataset\Vehicles\0603.jpg
dataset_B,0604.jpg,0604,.jpg,32228,1080,617,3,1.750405,666360,RGB,127.48206975208596,46.91806972880441,81.9935977055028,81.9935977055028,7.332188606262207,b3a68519dc8506f3cea3420165258151,a1e32f9c6624b1b9,data\raw\dataset_B\EALPR Vechicles dataset\Vehicles\0604.jpg
dataset_B,0605.JPG,0605,.jpg,147742,959,963,3,0.995846,923517,RGB,63.8989363487624,76.12335461494288,566.38559008223,566.38559008223,6.934478759765625,5019c256e3ecdfd8caeda1b110bd0b05,cec4c424e1d1f9f8,data\raw\dataset_B\EALPR Vechicles dataset\Vehicles\0605.JPG
dataset_B,0606.JPG,0606,.jpg,55199,502,496,3,1.012097,248992,RGB,95.80994971726,50.81357065766016,702.6546141887395,702.6546141887395,6.946420669555664,c09129d8d572cedbc52532b1f35f2d03,a9d6db40a15ba699,data\raw\dataset_B\EALPR Vechicles dataset\Vehicles\0606.JPG
dataset_B,0607.JPG,0607,.jpg,47163,485,473,3,1.02537,229405,RGB,163.77113837972146,58.625962098315696,546.6987144315224,546.6987144315224,6.744640350341797,940cbf4424eca30f4085bbeaf3e0477c,f197701d6a988e6a,data\raw\dataset_B\EALPR Vechicles dataset\Vehicles\0607.JPG
dataset_B,0608.JPG,0608,.jpg,86046,749,759,3,0.986825,568491,RGB,81.68116821550385,57.543516829381176,110.6346379013118,110.6346379013118,7.251762866973877,d2e0d1728042b9e6691b15f25374239e,899327233797d2c6,data\raw\dataset_B\EALPR Vechicles dataset\Vehicles\0608.JPG
dataset_B,0609.JPG,0609,.jpg,280975,960,960,3,1.0,921600,RGB,122.64846354166667,53.64508250510548,3538.275060691834,3538.275060691834,7.550638198852539,2f2a741e9cfb46fc92f3beb103f644dc,fde2c08d869f98b0,data\raw\dataset_B\EALPR Vechicles dataset\Vehicles\0609.JPG
dataset_B,0610.jpg,0610,.jpg,195821,1080,1346,3,0.802377,1453680,RGB,107.09874181387926,64.92179603168644,124.79848866192538,124.79848866192538,7.75004243850708,f4060e41bf992a39e85da27f8b10e6f8,ae06d67bf1a10a8b,data\raw\dataset_B\EALPR Vechicles dataset\Vehicles\0610.jpg
dataset_B,0611.JPG,0611,.jpg,85113,374,371,3,1.008086,138754,RGB,134.3498421667123,76.69773379750238,7191.389385882026,7191.389385882026,7.881417274475098,dc33e68fa5153a7574879589855894ab,b19b1fc268c5ae68,data\raw\dataset_B\EALPR Vechicles dataset\Vehicles\0611.JPG
dataset_B,0612.jpg,0612,.jpg,43690,1080,1080,3,1.0,1166400,RGB,117.27891203703703,58.71669066021979,15.93595250272299,15.93595250272299,6.859257698059082,2924edc4159731e7dde3e7e4d44a39f3,bb3be4640e83b331,data\raw\dataset_B\EALPR Vechicles dataset\Vehicles\0612.jpg
dataset_B,0613.JPG,0613,.jpg,149815,720,720,3,1.0,518400,RGB,94.53734567901235,71.20787753396988,991.219580919385,991.219580919385,7.787941932678223,8625a8620f0baeb504f0ef191d3140ba,f0f2e31998bae154,data\raw\dataset_B\EALPR Vechicles dataset\Vehicles\0613.JPG
dataset_B,0614.JPG,0614,.jpg,63985,479,479,3,1.0,229441,RGB,133.14766759210428,65.1715319468375,748.2970676640667,748.2970676640667,7.183427333831787,297937b1b6f8859b82abc68353deec68,d5c1913df474a598,data\raw\dataset_B\EALPR Vechicles dataset\Vehicles\0614.JPG
dataset_B,0615.JPG,0615,.jpg,166238,960,539,3,1.781076,517440,RGB,118.24668753865183,62.787533668129925,1652.9559497204427,1652.9559497204427,7.729996681213379,ff3b505f7cf7c420a5bbbc6f9ea58752,ea58b07ad267c32c,data\raw\dataset_B\EALPR Vechicles dataset\Vehicles\0615.JPG
dataset_B,0616.JPG,0616,.jpg,235246,2048,646,3,3.170279,1323008,RGB,120.50042554542377,76.75847803829203,299.5366224621779,299.5366224621779,7.658288478851318,f7729c79848280f3d0c282e9f93317de,a3952b4a2d7ed909,data\raw\dataset_B\EALPR Vechicles dataset\Vehicles\0616.JPG
dataset_B,0617.JPG,0617,.jpg,1176679,1536,2048,3,0.75,3145728,RGB,91.27804692586263,49.95985070759534,2717.4645864519875,2717.4645864519875,7.230888366699219,d1acd41b93ebd96bb96ec9a442ea5a3c,fce92b74d042c2f8,data\raw\dataset_B\EALPR Vechicles dataset\Vehicles\0617.JPG
dataset_B,0618.JPG,0618,.jpg,990573,1536,2048,3,0.75,3145728,RGB,101.27259635925293,51.32264931499056,2634.040327510925,2634.040327510925,7.5725226402282715,a5725cdbc6d214083fcad3b85d2ec07a,819a76758dcd7069,data\raw\dataset_B\EALPR Vechicles dataset\Vehicles\0618.JPG
dataset_B,0619.jpg,0619,.jpg,195821,1080,1346,3,0.802377,1453680,RGB,107.09874181387926,64.92179603168644,124.79848866192538,124.79848866192538,7.75004243850708,f4060e41bf992a39e85da27f8b10e6f8,ae06d67bf1a10a8b,data\raw\dataset_B\EALPR Vechicles dataset\Vehicles\0619.jpg
dataset_B,0620.JPG,0620,.jpg,160204,960,523,3,1.835564,502080,RGB,128.12904318036965,60.60352379411802,622.2597986938389,622.2597986938389,7.613195419311523,ce4fb377cfc3abc23bc0c68cb231443d,9b93c46e8b63c42d,data\raw\dataset_B\EALPR Vechicles dataset\Vehicles\0620.JPG
dataset_B,0621.jpg,0621,.jpg,50344,1080,1080,3,1.0,1166400,RGB,93.25470078875172,44.67923574119945,13.76194614956964,13.76194614956964,7.128746509552002,3540686ffd91660a3f8ca2caf02deb3a,8ccccdc736b2525a,data\raw\dataset_B\EALPR Vechicles dataset\Vehicles\0621.jpg
dataset_B,0622.JPG,0622,.jpg,308833,1080,916,3,1.179039,989280,RGB,79.08112667798804,58.5316932760242,2945.468641725174,2945.468641725174,7.464370250701904,9e474b35cdf15fc3d0bb43c9a713c04d,8da656c9db6a4d30,data\raw\dataset_B\EALPR Vechicles dataset\Vehicles\0622.JPG
dataset_B,0623.JPG,0623,.jpg,176866,716,960,3,0.745833,687360,RGB,128.18146822625698,61.20276906146681,501.7794338658132,501.7794338658132,7.500863075256348,c8cad0e3dea5bad3e8e8c3b478f65184,a98d844f6ae03c3f,data\raw\dataset_B\EALPR Vechicles dataset\Vehicles\0623.JPG
dataset_B,0624.JPG,0624,.jpg,114514,960,640,3,1.5,614400,RGB,32.831746419270836,36.85176218247814,478.10592767944337,478.10592767944337,6.331009864807129,1ad5dacda4f77aa8b8316ac5ac4fcdbf,b4d65e81c61cd636,data\raw\dataset_B\EALPR Vechicles dataset\Vehicles\0624.JPG
dataset_B,0625.JPG,0625,.jpg,230448,960,960,3,1.0,921600,RGB,89.42336588541667,50.859107938356516,565.4552668076398,565.4552668076398,7.53975772857666,1c5b5ca9bf3df6fd723deaf69b90001b,8bcb81e99ab321d6,data\raw\dataset_B\EALPR Vechicles dataset\Vehicles\0625.JPG
dataset_B,0626.JPG,0626,.jpg,243711,960,960,3,1.0,921600,RGB,115.96314453125,57.05006759728668,744.8026323488859,744.8026323488859,7.574221134185791,bc9cd981a1bfdbc0903c8d0f4657deb8,825e1e1ce585f3c6,data\raw\dataset_B\EALPR Vechicles dataset\Vehicles\0626.JPG
dataset_B,0627.JPG,0627,.jpg,241096,960,960,3,1.0,921600,RGB,133.01736002604167,52.818970873063826,553.9834410369825,553.9834410369825,7.652403831481934,d1f41a4eb5cc2e25c5a6abfb19f31342,b89a8665cd83339b,data\raw\dataset_B\EALPR Vechicles dataset\Vehicles\0627.JPG
dataset_B,0628.JPG,0628,.jpg,202883,960,960,3,1.0,921600,RGB,93.04586805555556,69.64872078302484,592.0667936344277,592.0667936344277,7.620013236999512,304d31fdc45b736dff013929d1f520db,aa4291f70c743d6b,data\raw\dataset_B\EALPR Vechicles dataset\Vehicles\0628.JPG
dataset_B,0629.jpg,0629,.jpg,182444,1080,1080,3,1.0,1166400,RGB,97.10737054183814,56.80550514830276,404.09979071978285,404.09979071978285,7.343172550201416,c6823c0848e7a7c47b5efc462d4be8bf,fe54957a64a1d894,data\raw\dataset_B\EALPR Vechicles dataset\Vehicles\0629.jpg
dataset_B,0630.JPG,0630,.jpg,73398,720,960,3,0.75,691200,RGB,63.429279513888886,30.113508619731142,59.147754012477535,59.147754012477535,6.265215873718262,58f8aede923e90e5a11af6e23dda68c8,a9ab0b8fa4e83a3a,data\raw\dataset_B\EALPR Vechicles dataset\Vehicles\0630.JPG
dataset_B,0631.JPG,0631,.jpg,356872,750,563,3,1.332149,422250,RGB,110.06431734754293,67.99363532484436,229.30601359934462,229.30601359934462,7.484640121459961,ef2da4813563a06c1471dd6be12604fe,ac861ed6d24b72d8,data\raw\dataset_B\EALPR Vechicles dataset\Vehicles\0631.JPG
dataset_B,0632.jpg,0632,.jpg,355095,1280,720,3,1.777778,921600,RGB,127.809775390625,74.75859508873472,2857.1354999365335,2857.1354999365335,7.8310933113098145,af1d10492a13010ee39b6f2b514a2716,e181ea1d8379da69,data\raw\dataset_B\EALPR Vechicles dataset\Vehicles\0632.jpg
dataset_B,0633.jpg,0633,.jpg,62203,900,1125,3,0.8,1012500,RGB,45.48720790123457,69.13855307497026,458.9628483845111,458.9628483845111,6.195721626281738,ef1992fc4c9c3aa46bbb4b3e1ea3b7f9,ee3313cc724fc4b0,data\raw\dataset_B\EALPR Vechicles dataset\Vehicles\0633.jpg
dataset_B,0634.jpg,0634,.jpg,68581,900,1125,3,0.8,1012500,RGB,148.37665580246914,39.98741079712862,140.9626804394979,140.9626804394979,6.800980567932129,551d2a0f302df4bbcff388e2a627d8be,eac495e8ba966323,data\raw\dataset_B\EALPR Vechicles dataset\Vehicles\0634.jpg
dataset_B,0635.jpg,0635,.jpg,30847,334,249,3,1.341365,83166,RGB,96.35173027439097,56.64951401776159,539.8632251903935,539.8632251903935,7.6195902824401855,aec009c94b65a2dad1508b8ddf027118,b8d8d078c865769e,data\raw\dataset_B\EALPR Vechicles dataset\Vehicles\0635.jpg
dataset_B,0636.jpg,0636,.jpg,94283,720,960,3,0.75,691200,RGB,112.33399739583334,57.57417014214539,880.5608363222453,880.5608363222453,7.7193803787231445,503ec9d7f9974da8d7c10514469e73f2,87d4f83a878b95a4,data\raw\dataset_B\EALPR Vechicles dataset\Vehicles\0636.jpg
dataset_B,0637.jpg,0637,.jpg,172833,800,1000,3,0.8,800000,RGB,97.297105,59.17373989886878,703.3269939023438,703.3269939023438,7.600955963134766,ba07073199d07c4312f35d948915fe7a,d425eb14d06b9ae5,data\raw\dataset_B\EALPR Vechicles dataset\Vehicles\0637.jpg
dataset_B,0638.jpg,0638,.jpg,230720,762,953,3,0.79958,726186,RGB,127.92709443586078,77.79833543205959,2050.302495067201,2050.302495067201,7.899796485900879,3acde9f1fe7825da09ac22477cde6270,ade4ae2bd43ed024,data\raw\dataset_B\EALPR Vechicles dataset\Vehicles\0638.jpg
dataset_B,0639.jpg,0639,.jpg,13898,369,500,3,0.738,184500,RGB,36.01207046070461,30.943900644477683,293.9265156295562,293.9265156295562,6.144920349121094,cb64aadc0e4602840378097604aacc7a,be5b4eba0ad4982a,data\raw\dataset_B\EALPR Vechicles dataset\Vehicles\0639.jpg
dataset_B,0640.jpg,0640,.jpg,123114,750,750,3,1.0,562500,RGB,99.1396,69.78388137238825,499.81684465353953,499.81684465353953,7.500657081604004,aed84d277ddf212bd25b11a5f2d02b0f,f440d135c83fbd15,data\raw\dataset_B\EALPR Vechicles dataset\Vehicles\0640.jpg
dataset_B,0641.jpg,0641,.jpg,39937,720,960,3,0.75,691200,RGB,38.538870081018516,44.58874372800608,115.40284991975007,115.40284991975007,6.431907653808594,d0483de194b093084c47b474ebffff01,c2b6383ccfc3253c,data\raw\dataset_B\EALPR Vechicles dataset\Vehicles\0641.jpg
dataset_B,0642.jpg,0642,.jpg,41637,720,960,3,0.75,691200,RGB,39.59597222222222,39.3278473837791,72.28422572592277,72.28422572592277,6.6061553955078125,647e4a83246275324ba66e1fa4d67f14,8ef67729310b2b2c,data\raw\dataset_B\EALPR Vechicles dataset\Vehicles\0642.jpg
dataset_B,0643.jpg,0643,.jpg,53174,720,405,3,1.777778,291600,RGB,111.92723251028806,64.54381304952476,925.0203542818487,925.0203542818487,7.742380142211914,69c0f77e7757ede983491b041c30f162,d5a90296cd7e96c1,data\raw\dataset_B\EALPR Vechicles dataset\Vehicles\0643.jpg
dataset_B,0644.jpg,0644,.jpg,52348,960,605,3,1.586777,580800,RGB,129.0431008953168,61.279338732292906,398.60308484107367,398.60308484107367,7.5518574714660645,8516ed3328bbd5b103fd84193696e213,f8b4ddaae14343a2,data\raw\dataset_B\EALPR Vechicles dataset\Vehicles\0644.jpg
dataset_B,0645.jpg,0645,.jpg,87148,960,720,3,1.333333,691200,RGB,104.9672410300926,56.78841472458013,622.7339055014946,622.7339055014946,7.625443458557129,d27ec8d74d2f7275c5914b01412df0e4,b9d44ae1f19a9691,data\raw\dataset_B\EALPR Vechicles dataset\Vehicles\0645.jpg
dataset_B,0646.jpg,0646,.jpg,70864,720,960,3,0.75,691200,RGB,106.79010561342592,55.43271073267908,355.11053246245626,355.11053246245626,7.604276657104492,fab55498844ba6dee435e2c8e5b57ca2,9d91f951819d9d92,data\raw\dataset_B\EALPR Vechicles dataset\Vehicles\0646.jpg
dataset_B,0647.jpg,0647,.jpg,208596,1080,1351,3,0.799408,1459080,RGB,102.479940784604,64.98005512687568,501.2669311352516,501.2669311352516,7.7520599365234375,3176b38e795e78896c6f26e63a18fd6a,9bc94916963eb1f0,data\raw\dataset_B\EALPR Vechicles dataset\Vehicles\0647.jpg
dataset_B,0648.jpg,0648,.jpg,77204,540,960,3,0.5625,518400,RGB,148.06405864197532,86.95481231159498,269.8739619780801,269.8739619780801,7.496413707733154,bf9c8cfe36bc9602fb1029fadef6d3ba,8c9a7325ca5a1dea,data\raw\dataset_B\EALPR Vechicles dataset\Vehicles\0648.jpg
dataset_B,0649.jpg,0649,.jpg,84807,720,960,3,0.75,691200,RGB,105.81041811342592,51.9538132108297,531.2345414851435,531.2345414851435,7.517447471618652,f718da2af49162e66f585e9ee5326b7a,ca82e045c7efec70,data\raw\dataset_B\EALPR Vechicles dataset\Vehicles\0649.jpg
dataset_B,0650.jpg,0650,.jpg,52954,768,960,3,0.8,737280,RGB,53.316845703125,46.99728273984447,150.40496491676498,150.40496491676498,6.848766803741455,e61187f14622bd0d20d181dd5283df2d,aab53908e6f71e18,data\raw\dataset_B\EALPR Vechicles dataset\Vehicles\0650.jpg
dataset_B,0651.jpg,0651,.jpg,54963,900,1125,3,0.8,1012500,RGB,130.78244049382715,77.27485315791498,183.9730182714401,183.9730182714401,7.225948333740234,64b1d229b8e330e701987160d9169d14,fbd1dcc6862e0a31,data\raw\dataset_B\EALPR Vechicles dataset\Vehicles\0651.jpg
dataset_B,0652.jpg,0652,.jpg,125978,1117,837,3,1.334528,934929,RGB,95.34311054636234,66.86530771547146,458.43554838662556,458.43554838662556,7.6178436279296875,54b044a809a6dbf8fbcc3a83d8d0172b,bf95529fca8a2a88,data\raw\dataset_B\EALPR Vechicles dataset\Vehicles\0652.jpg
dataset_B,0653.jpg,0653,.jpg,70577,780,960,3,0.8125,748800,RGB,39.73382612179487,37.39209260303113,221.99176129897404,221.99176129897404,6.1624674797058105,e3ab8b465ec638e19f5e314d06980022,a191534b4cf43d6d,data\raw\dataset_B\EALPR Vechicles dataset\Vehicles\0653.jpg
dataset_B,0654.jpg,0654,.jpg,110519,825,825,3,1.0,680625,RGB,140.6998787878788,53.26965019196129,287.0120740471982,287.0120740471982,7.38449764251709,057dd38f3b60ce256ff66cd3820a35d9,e90596ea8fdd70a0,data\raw\dataset_B\EALPR Vechicles dataset\Vehicles\0654.jpg
dataset_B,0655.jpg,0655,.jpg,151299,944,1181,3,0.799323,1114864,RGB,96.99792530748145,52.4689710503656,183.46435077587938,183.46435077587938,7.407135009765625,b9fd315c37f44d69a16825df9bd1bd9b,eae981174e9c7233,data\raw\dataset_B\EALPR Vechicles dataset\Vehicles\0655.jpg
dataset_B,0656.jpg,0656,.jpg,93097,767,960,3,0.798958,736320,RGB,84.66171773142112,52.30568112187301,406.5773928984156,406.5773928984156,7.475626468658447,81d2ba63114445b1460dff16fb8bc392,e1638a50567e35b5,data\raw\dataset_B\EALPR Vechicles dataset\Vehicles\0656.jpg
dataset_B,0657.jpg,0657,.jpg,77064,768,960,3,0.8,737280,RGB,98.95827094184028,75.34771616568985,209.00205740283852,209.00205740283852,7.441951274871826,cf078209c3ad0989b9a06d2811ff029b,b21b7b1b81131bf8,data\raw\dataset_B\EALPR Vechicles dataset\Vehicles\0657.jpg
dataset_B,0658.jpg,0658,.jpg,117748,960,960,3,1.0,921600,RGB,118.4296408420139,54.982844247711064,227.69736616040927,227.69736616040927,7.532095909118652,f17dab4324dfb9598b9af62b3ed40a83,eb81b51796dac22a,data\raw\dataset_B\EALPR Vechicles dataset\Vehicles\0658.jpg
dataset_B,0659.jpg,0659,.jpg,86180,900,1125,3,0.8,1012500,RGB,61.47521975308642,51.714915213785204,192.75062620444444,192.75062620444444,7.11350154876709,2afbfe443df870d26a97639ee3728d2a,f06f807a54b68d35,data\raw\dataset_B\EALPR Vechicles dataset\Vehicles\0659.jpg
dataset_B,0660.jpg,0660,.jpg,161539,775,775,3,1.0,600625,RGB,122.54381852237253,71.60722422134738,1563.1650743571083,1563.1650743571083,7.925784111022949,caa261fba1b69b9de00d21a0364df969,e193c83a8ae1f9cc,data\raw\dataset_B\EALPR Vechicles dataset\Vehicles\0660.jpg
dataset_B,0661.jpg,0661,.jpg,69741,900,1125,3,0.8,1012500,RGB,89.42967901234567,75.31684060790273,238.85186920985362,238.85186920985362,6.9650421142578125,e2428770989fecfff9447f19bb7c3937,bf97958eb478a440,data\raw\dataset_B\EALPR Vechicles dataset\Vehicles\0661.jpg
dataset_B,0662.jpg,0662,.jpg,83639,768,960,3,0.8,737280,RGB,76.9400132921007,65.3662585065873,243.68929149684897,243.68929149684897,7.346200942993164,e9e9adb47a5daedc67e97d2b63f5dc59,ff3a801d93d39544,data\raw\dataset_B\EALPR Vechicles dataset\Vehicles\0662.jpg
dataset_B,0663.jpg,0663,.jpg,71721,900,1125,3,0.8,1012500,RGB,76.16690074074074,47.07135493326968,128.94988184608445,128.94988184608445,6.957945823669434,1a8e7148b678aa37d20bd0e104edaec0,90f0f0dcdad2ccd8,data\raw\dataset_B\EALPR Vechicles dataset\Vehicles\0663.jpg
dataset_B,0664.jpg,0664,.jpg,182678,1080,1350,3,0.8,1458000,RGB,116.23738957475994,64.22890867273033,224.08214531109002,224.08214531109002,7.773209571838379,5316d63a78b5ba31cc04fd6b6654c034,ead4d55cd8d2d109,data\raw\dataset_B\EALPR Vechicles dataset\Vehicles\0664.jpg
dataset_B,0665.jpg,0665,.jpg,113001,960,927,3,1.035599,889920,RGB,136.66339446242358,66.40740643873657,542.9099834536283,542.9099834536283,7.849583625793457,90cc0aec10e4889813860f5163c1e117,a9bfb7c2c6229039,data\raw\dataset_B\EALPR Vechicles dataset\Vehicles\0665.jpg
dataset_B,0666.jpg,0666,.jpg,88892,900,1125,3,0.8,1012500,RGB,95.49178469135802,75.62548202504927,277.3245343042477,277.3245343042477,7.629391670227051,563585a196a0796e9227dd899d43e6e5,d4f4376292921f0f,data\raw\dataset_B\EALPR Vechicles dataset\Vehicles\0666.jpg
dataset_B,0667.jpg,0667,.jpg,186609,960,960,3,1.0,921600,RGB,84.44072699652777,64.59247749573822,1235.659117177656,1235.659117177656,7.6642303466796875,b9c5b7737822a571ce06c625599a28b9,aff63191c216c81f,data\raw\dataset_B\EALPR Vechicles dataset\Vehicles\0667.jpg
dataset_B,0668.jpg,0668,.jpg,82387,900,1125,3,0.8,1012500,RGB,63.64594567901234,65.14676844344783,409.93085032816805,409.93085032816805,6.956235885620117,f47e790c0cf877224c3658a7feacde70,852d5ed23da1d07a,data\raw\dataset_B\EALPR Vechicles dataset\Vehicles\0668.jpg
dataset_B,0669.jpg,0669,.jpg,130424,768,960,3,0.8,737280,RGB,94.83528238932291,65.1364531942072,615.2972905061788,615.2972905061788,7.633523464202881,688599f44ec48cf8acd30993cf33197a,da6ccc5c7c2d848d,data\raw\dataset_B\EALPR Vechicles dataset\Vehicles\0669.jpg
dataset_B,0670.jpg,0670,.jpg,107051,767,960,3,0.798958,736320,RGB,87.37165634506736,66.92367714548962,371.1984204166907,371.1984204166907,7.584868907928467,63d182499cc7446b674ecb347057a21e,ae8784878c8b873f,data\raw\dataset_B\EALPR Vechicles dataset\Vehicles\0670.jpg
dataset_B,0671.jpg,0671,.jpg,156593,1080,1350,3,0.8,1458000,RGB,102.13145541838135,52.72601628747475,119.49977985286043,119.49977985286043,7.460668563842773,f9b579c43215445c301a31e39cb9e8a2,e4642e43c323ddb5,data\raw\dataset_B\EALPR Vechicles dataset\Vehicles\0671.jpg
dataset_B,0672.jpg,0672,.jpg,98566,887,960,3,0.923958,851520,RGB,121.30905204810222,70.96099062655685,135.4331284443996,135.4331284443996,7.818371772766113,5bed65f6e469acac8cbabbb974223d29,ffe1e05080b5f878,data\raw\dataset_B\EALPR Vechicles dataset\Vehicles\0672.jpg
dataset_B,0673.jpg,0673,.jpg,131394,771,960,3,0.803125,740160,RGB,96.57368406830956,62.48717967753016,1217.4669570947058,1217.4669570947058,7.633267402648926,c81df48e51fd9083989a054bdeaee6fd,faf8d23a2b2524e4,data\raw\dataset_B\EALPR Vechicles dataset\Vehicles\0673.jpg
dataset_B,0674.jpg,0674,.jpg,111845,768,960,3,0.8,737280,RGB,132.71741672092014,76.2648147994128,706.4546460151378,706.4546460151378,7.7096757888793945,46addc5c988b44af929ed9ed2db39ae6,d715ac4ed7834394,data\raw\dataset_B\EALPR Vechicles dataset\Vehicles\0674.jpg
dataset_B,0675.jpg,0675,.jpg,102133,767,960,3,0.798958,736320,RGB,52.576723435462846,49.13123608758953,403.63180953471954,403.63180953471954,7.056075096130371,85d714d909639872851105ff6e691bc7,ce3be839c45f310c,data\raw\dataset_B\EALPR Vechicles dataset\Vehicles\0675.jpg
dataset_B,0676.jpg,0676,.jpg,115965,960,960,3,1.0,921600,RGB,101.05745876736111,58.90671873273972,514.2047515971702,514.2047515971702,7.543902397155762,ca9b46382856c4f0976e6e10ae60c750,b177de0f2cb43091,data\raw\dataset_B\EALPR Vechicles dataset\Vehicles\0676.jpg
dataset_B,0677.jpg,0677,.jpg,83999,768,960,3,0.8,737280,RGB,65.05455864800348,52.210132608712,211.19755821444184,211.19755821444184,6.865504264831543,667f418c0a637fefe1aa311280613ef8,ae33e5a7cc853312,data\raw\dataset_B\EALPR Vechicles dataset\Vehicles\0677.jpg
dataset_B,0678.jpg,0678,.jpg,65337,900,1125,3,0.8,1012500,RGB,50.9344187654321,58.80179705274778,301.2826687250173,301.2826687250173,6.443977355957031,996332a11ddfcbff59b09f4efd4100fa,fa20e6979df07038,data\raw\dataset_B\EALPR Vechicles dataset\Vehicles\0678.jpg
dataset_B,0679.jpg,0679,.jpg,180192,1080,1080,3,1.0,1166400,RGB,119.34453875171468,67.99783483332216,513.1334567176525,513.1334567176525,7.635929107666016,ec0561264ab0fbf2546b07d0753977b8,ae8303d78575c395,data\raw\dataset_B\EALPR Vechicles dataset\Vehicles\0679.jpg
dataset_B,0680.jpg,0680,.jpg,115696,960,711,3,1.350211,682560,RGB,98.10233972105016,76.3719040086404,1284.6166722866399,1284.6166722866399,7.657921314239502,f238c5a79237db97c780c7b9024fc722,a5d47a62a792a7c8,data\raw\dataset_B\EALPR Vechicles dataset\Vehicles\0680.jpg
dataset_B,0681.jpg,0681,.jpg,111999,906,960,3,0.94375,869760,RGB,121.81502023546726,78.82602510251101,601.5299316475995,601.5299316475995,7.761129379272461,3b9340ede640ac9ba19921c4dabc8099,e2e2a78d9634708f,data\raw\dataset_B\EALPR Vechicles dataset\Vehicles\0681.jpg
dataset_B,0682.jpg,0682,.jpg,131590,1080,810,3,1.333333,874800,RGB,62.85290923639689,59.165345877720966,1017.5439048631456,1017.5439048631456,7.1589508056640625,154d0088e6b3c956a73406d7bd118c96,e31e1c355b61e0ba,data\raw\dataset_B\EALPR Vechicles dataset\Vehicles\0682.jpg
dataset_B,0683.jpg,0683,.jpg,80689,960,720,3,1.333333,691200,RGB,86.4285083912037,68.75691092413548,267.2200694396219,267.2200694396219,7.402717113494873,0a3e2c468ee8bcae8abab0bec9cbf460,fbb82d95919d049a,data\raw\dataset_B\EALPR Vechicles dataset\Vehicles\0683.jpg
dataset_B,0684.jpg,0684,.jpg,159566,750,750,3,1.0,562500,RGB,106.54244266666667,62.233692364238784,4781.781982166089,4781.781982166089,7.780614376068115,80b81385df461e46dbdba53e87687b96,a73d7c4fc32908ca,data\raw\dataset_B\EALPR Vechicles dataset\Vehicles\0684.jpg
dataset_B,0685.jpg,0685,.jpg,172135,960,960,3,1.0,921600,RGB,119.18739474826388,66.703052516527,914.0989554105864,914.0989554105864,7.891534805297852,7803bd395312199b3e571b06bc16f94e,f6838b6a0ba53571,data\raw\dataset_B\EALPR Vechicles dataset\Vehicles\0685.jpg
dataset_B,0686.jpg,0686,.jpg,56472,590,767,3,0.769231,452530,RGB,147.15785914745985,93.94477407400498,508.32973954052545,508.32973954052545,7.29265832901001,e29f3fb3723063965c39d9c3e15aac3a,b5352f94149e8e1d,data\raw\dataset_B\EALPR Vechicles dataset\Vehicles\0686.jpg
dataset_B,0687.jpg,0687,.jpg,133472,780,960,3,0.8125,748800,RGB,89.28771768162393,74.03684379484258,1295.4883837328828,1295.4883837328828,7.570932388305664,1a1fb82d031e80f5b15fc8b96d473029,bbad19f8e4918598,data\raw\dataset_B\EALPR Vechicles dataset\Vehicles\0687.jpg
dataset_B,0688.jpg,0688,.jpg,133545,1080,1351,3,0.799408,1459080,RGB,20.359529977794228,29.448236107917023,94.43858360231334,94.43858360231334,5.569934368133545,0f816a88392527787f60dbebe332ca2f,9b9666339bcc2493,data\raw\dataset_B\EALPR Vechicles dataset\Vehicles\0688.jpg
dataset_B,0689.jpg,0689,.jpg,44098,1080,808,3,1.336634,872640,RGB,48.404309910157686,70.9152707638497,103.06195452836074,103.06195452836074,5.82552433013916,50b067e3389cba189389b0f715d3fca7,91c16c3ed3653c93,data\raw\dataset_B\EALPR Vechicles dataset\Vehicles\0689.jpg
dataset_B,0690.jpg,0690,.jpg,101389,960,795,3,1.207547,763200,RGB,105.13248689727463,74.83237357489791,341.9938043708096,341.9938043708096,7.833081245422363,f5c86327784a4bcb186ec6e167153087,bdf47ad2c6c0852a,data\raw\dataset_B\EALPR Vechicles dataset\Vehicles\0690.jpg
dataset_B,0691.jpg,0691,.jpg,64455,960,431,3,2.227378,413760,RGB,137.62199342614076,73.92675729641773,2148.1382491309023,2148.1382491309023,7.644290447235107,d15750b069eabc9c1d0f38aed57d629d,837b3ca8372d4b68,data\raw\dataset_B\EALPR Vechicles dataset\Vehicles\0691.jpg
dataset_B,0692.jpg,0692,.jpg,87841,768,960,3,0.8,737280,RGB,85.4201416015625,41.667654482060456,190.62917115011152,190.62917115011152,7.221219539642334,180de3ad4b32829c5f705be56eb90fcd,bcb8292fcd613887,data\raw\dataset_B\EALPR Vechicles dataset\Vehicles\0692.jpg
dataset_B,0693.jpg,0693,.jpg,213875,927,960,3,0.965625,889920,RGB,127.53842817331895,95.9559858601563,3936.1125720139103,3936.1125720139103,7.464251518249512,aed3b0011d84f1176617f4a0c4ae4468,a649bb36c134ae93,data\raw\dataset_B\EALPR Vechicles dataset\Vehicles\0693.jpg
dataset_B,0694.jpg,0694,.jpg,142737,854,960,3,0.889583,819840,RGB,65.37035763075723,59.04515673449154,385.93467823271794,385.93467823271794,7.184762954711914,1363fc9941d9a7cef2ba9fde252dfffa,9f7262859c7a6781,data\raw\dataset_B\EALPR Vechicles dataset\Vehicles\0694.jpg
dataset_B,0695.jpg,0695,.jpg,157825,756,945,3,0.8,714420,RGB,115.64025923126452,65.22691591010928,708.984037371807,708.984037371807,7.786808490753174,d9a6a09243d399470eed46d4a42f34c2,de8ac62794d2279a,data\raw\dataset_B\EALPR Vechicles dataset\Vehicles\0695.jpg
dataset_B,0696.jpg,0696,.jpg,62156,688,585,3,1.176068,402480,RGB,106.5585768236931,47.00864065515286,190.63969632459208,190.63969632459208,7.069806098937988,842cb5907d70cd4b671df285493bbd05,fdfe72c48512c0c6,data\raw\dataset_B\EALPR Vechicles dataset\Vehicles\0696.jpg
dataset_B,0697.jpg,0697,.jpg,85692,960,720,3,1.333333,691200,RGB,132.3747410300926,49.70530695365561,556.328659196759,556.328659196759,7.381547927856445,4f86e7196f63ceb2b4e6b4833e07af46,aed5a8b7a898d560,data\raw\dataset_B\EALPR Vechicles dataset\Vehicles\0697.jpg
dataset_B,0698.jpg,0698,.jpg,247341,1080,1350,3,0.8,1458000,RGB,130.3185438957476,50.75321471048936,275.83962485939173,275.83962485939173,7.521684169769287,9ff648c2e80c8af4447b0281e6465b9d,eac2803d6bd3d349,data\raw\dataset_B\EALPR Vechicles dataset\Vehicles\0698.jpg
dataset_B,0699.jpg,0699,.jpg,76636,750,743,3,1.009421,557250,RGB,100.00377209510991,70.99272623469453,1254.5441157311923,1254.5441157311923,7.276268005371094,6c2f900c9e39982414610203100e2c5a,bdb4808bc3cacad3,data\raw\dataset_B\EALPR Vechicles dataset\Vehicles\0699.jpg
dataset_B,0700.jpg,0700,.jpg,35320,900,1125,3,0.8,1012500,RGB,31.172721975308644,65.99678083588239,381.8820562960465,381.8820562960465,4.6544928550720215,f4c2ea454020b322445b25b305be36b0,bb26669966669926,data\raw\dataset_B\EALPR Vechicles dataset\Vehicles\0700.jpg
dataset_B,0701.jpg,0701,.jpg,117244,1080,810,3,1.333333,874800,RGB,127.4286442615455,69.79922021718073,1649.8494815408471,1649.8494815408471,7.517550468444824,06dedc6b8a0a8d0e8dfa13695455f10f,c1b13edaea4f9260,data\raw\dataset_B\EALPR Vechicles dataset\Vehicles\0701.jpg
dataset_B,0702.jpg,0702,.jpg,129515,742,742,3,1.0,550564,RGB,108.74092385263113,84.98208561324067,2772.881160595336,2772.881160595336,7.470670223236084,41a0c702b947f97794307a03f85fffe3,ff8c801fc87b2362,data\raw\dataset_B\EALPR Vechicles dataset\Vehicles\0702.jpg
dataset_B,0703.jpg,0703,.jpg,78158,640,640,3,1.0,409600,RGB,95.15693359375,52.666003462150776,468.8330827533662,468.8330827533662,7.270092010498047,64f6380f433b1cc97187fa13fa1187bc,c3e33e3b888017cf,data\raw\dataset_B\EALPR Vechicles dataset\Vehicles\0703.jpg
dataset_B,0704.jpg,0704,.jpg,102212,726,726,3,1.0,527076,RGB,111.2788326541144,55.79047770589444,358.74903386969487,358.74903386969487,7.428858280181885,66ba78a347fb5fce1108babb1a86e48b,fed4a00a957ef520,data\raw\dataset_B\EALPR Vechicles dataset\Vehicles\0704.jpg
dataset_B,0705.jpg,0705,.jpg,99856,1080,606,3,1.782178,654480,RGB,106.75000305586114,70.8928127502747,2397.069173004712,2397.069173004712,7.871951103210449,24944facc5aaf629c42823e48ea8864e,c53f8328d227d527,data\raw\dataset_B\EALPR Vechicles dataset\Vehicles\0705.jpg
dataset_B,0706.jpg,0706,.jpg,52153,750,750,3,1.0,562500,RGB,78.40056177777778,60.18297278610699,226.0961239288889,226.0961239288889,6.310023307800293,f6b7fe2c12bdf3ad8b5ada02db4a3f43,ac3dd5e22a4ad0b5,data\raw\dataset_B\EALPR Vechicles dataset\Vehicles\0706.jpg
dataset_B,0707.jpg,0707,.jpg,50540,750,750,3,1.0,562500,RGB,68.65961955555555,74.10248921173473,169.50864633783627,169.50864633783627,7.081356048583984,f1177ba96c21925cd9a8b0d463be8df6,8fa1208f357bdb30,data\raw\dataset_B\EALPR Vechicles dataset\Vehicles\0707.jpg
dataset_B,0708.jpg,0708,.jpg,80471,750,750,3,1.0,562500,RGB,55.49440355555556,64.56891048770065,862.5120155156827,862.5120155156827,6.861546039581299,d4d8b481e65bae0a25e2e05b6baf9c0c,fec8f033f03c883c,data\raw\dataset_B\EALPR Vechicles dataset\Vehicles\0708.jpg
dataset_B,0709.jpg,0709,.jpg,182972,1080,1080,3,1.0,1166400,RGB,93.93569787379973,64.96223156982441,256.0269142334467,256.0269142334467,7.67722225189209,c0058a0a4ead0b7141b5c9e0370e9fcf,b6108f2fc03dde34,data\raw\dataset_B\EALPR Vechicles dataset\Vehicles\0709.jpg
dataset_B,0710.jpg,0710,.jpg,119970,750,750,3,1.0,562500,RGB,126.02011377777778,70.86494746654331,732.5575766205977,732.5575766205977,7.771160125732422,7ed5c49d599793c875eff0cee5ae18dd,9b8f37a4b0c049cf,data\raw\dataset_B\EALPR Vechicles dataset\Vehicles\0710.jpg
dataset_B,0711.jpg,0711,.jpg,61403,900,1125,3,0.8,1012500,RGB,54.80212543209876,70.02105909839065,255.46159506156357,255.46159506156357,6.465293884277344,4b73da6fa06f3f118dad356ab1212269,beb4b48d06179ce4,data\raw\dataset_B\EALPR Vechicles dataset\Vehicles\0711.jpg
dataset_B,0712.jpg,0712,.jpg,85134,750,750,3,1.0,562500,RGB,168.374864,56.47079879099122,169.47743317208176,169.47743317208176,7.4452009201049805,26ed85bea5e15852248527d7e964f7a9,a145dd9e13c6c876,data\raw\dataset_B\EALPR Vechicles dataset\Vehicles\0712.jpg
dataset_B,0713.jpg,0713,.jpg,80789,750,750,3,1.0,562500,RGB,106.18752711111111,84.79889050521788,1059.1112587757796,1059.1112587757796,6.705415725708008,50bbdae7c761095ce838d4a1189a0d32,a880853d377bda8d,data\raw\dataset_B\EALPR Vechicles dataset\Vehicles\0713.jpg
dataset_B,0714.jpg,0714,.jpg,96038,750,750,3,1.0,562500,RGB,133.08744355555555,67.44409453648862,291.14701091555554,291.14701091555554,7.6928019523620605,fe5110d76a86900564a4d7efe21f73aa,e8a185228bfbd0fc,data\raw\dataset_B\EALPR Vechicles dataset\Vehicles\0714.jpg
dataset_B,0715.jpg,0715,.jpg,147870,750,742,3,1.010782,556500,RGB,80.27821563342319,70.32448337981685,3499.9081982535886,3499.9081982535886,7.363134384155273,6d367805f0eb8f1d7f486c33d917ebc5,df77e015d060ac33,data\raw\dataset_B\EALPR Vechicles dataset\Vehicles\0715.jpg
dataset_B,0716.jpg,0716,.jpg,65842,750,750,3,1.0,562500,RGB,80.1385368888889,53.45747849955529,382.4320066399573,382.4320066399573,6.960849761962891,357a87c5be7520c310898215b58af764,ef4ffa30b00485c7,data\raw\dataset_B\EALPR Vechicles dataset\Vehicles\0716.jpg
dataset_B,0717.jpg,0717,.jpg,154587,1034,1293,3,0.799691,1336962,RGB,46.19366369425608,37.87963528255982,70.68411401901345,70.68411401901345,6.825493812561035,b4f524ca0805f0689c6d567afd8a114b,ffb400cbdc3a942c,data\raw\dataset_B\EALPR Vechicles dataset\Vehicles\0717.jpg
dataset_B,0718.jpg,0718,.jpg,88250,750,750,3,1.0,562500,RGB,74.59136177777778,55.712415657184486,790.2674996984889,790.2674996984889,7.12231969833374,5b155fb4dfba0a56d7bdff07a9fedac1,fa78a53ec405da92,data\raw\dataset_B\EALPR Vechicles dataset\Vehicles\0718.jpg
dataset_B,0719.jpg,0719,.jpg,150877,750,750,3,1.0,562500,RGB,94.79921955555555,67.58278248926206,2704.0869298716316,2704.0869298716316,7.726574897766113,c83fe19f232651fbbf123552e4a04617,b6698536d0b1f4e4,data\raw\dataset_B\EALPR Vechicles dataset\Vehicles\0719.jpg
dataset_B,0720.jpg,0720,.jpg,55750,727,727,3,1.0,528529,RGB,79.71081435455766,59.52880880052426,66.23324336721682,66.23324336721682,6.896005630493164,d6e089c14597ddacf21cf1af5a9b8bf7,8b948b8fb48f170e,data\raw\dataset_B\EALPR Vechicles dataset\Vehicles\0720.jpg
dataset_B,0721.jpg,0721,.jpg,44789,900,1125,3,0.8,1012500,RGB,32.59317925925926,65.6482150432621,339.51902715851855,339.51902715851855,5.249413967132568,fd6c19276039507ee758ce50f069a1d4,af27b1cc72c8c836,data\raw\dataset_B\EALPR Vechicles dataset\Vehicles\0721.jpg
dataset_B,0722.jpg,0722,.jpg,76104,750,750,3,1.0,562500,RGB,112.29292266666667,68.33032894110961,366.9007373102902,366.9007373102902,7.454622268676758,bfc931d999268cfcb51007120a0b649a,96d673f1da2e0605,data\raw\dataset_B\EALPR Vechicles dataset\Vehicles\0722.jpg
dataset_B,0723.jpg,0723,.jpg,95681,750,746,3,1.005362,559500,RGB,117.03279892761394,81.9802811041411,1249.4391461259406,1249.4391461259406,7.571715354919434,f51b85e6c131695feb2c73de33a4bd62,85257ec05279f87a,data\raw\dataset_B\EALPR Vechicles dataset\Vehicles\0723.jpg
dataset_B,0724.jpg,0724,.jpg,117101,720,720,3,1.0,518400,RGB,100.13739004629629,69.94571362348985,1357.1865656542773,1357.1865656542773,7.6522626876831055,7e42cdc3591334d23f1bf28deaec5bd9,aac8e12fddc484c7,data\raw\dataset_B\EALPR Vechicles dataset\Vehicles\0724.jpg
dataset_B,0725.jpg,0725,.jpg,101055,750,750,3,1.0,562500,RGB,91.85080711111111,52.04174861838985,1172.7283827477206,1172.7283827477206,7.27795934677124,98e2072e0298b359ccdf77755bcc8add,afc681ab8434b9f1,data\raw\dataset_B\EALPR Vechicles dataset\Vehicles\0725.jpg
dataset_B,0726.jpg,0726,.jpg,44325,702,436,3,1.610092,306072,RGB,61.662945320055414,56.35839488022787,1298.273106496172,1298.273106496172,7.016157150268555,ccc24267acd9c3cfbac07e8aaa9b3cd8,8f85c787cb4b232a,data\raw\dataset_B\EALPR Vechicles dataset\Vehicles\0726.jpg
dataset_B,0727.jpg,0727,.jpg,47933,612,612,3,1.0,374544,RGB,41.83083429450212,43.59230646274577,174.99318637948144,174.99318637948144,6.0592803955078125,7a2c195024494a89c7c14228a4e8bdf0,adb1514ac2b1adcd,data\raw\dataset_B\EALPR Vechicles dataset\Vehicles\0727.jpg
dataset_B,0728.jpg,0728,.jpg,142804,750,750,3,1.0,562500,RGB,84.41524622222222,49.87240655821878,2752.8406861671538,2752.8406861671538,7.5328474044799805,af547f28285cb28dbbafbc36e78dc188,ed2dadfd5982220c,data\raw\dataset_B\EALPR Vechicles dataset\Vehicles\0728.jpg
dataset_B,0729.jpg,0729,.jpg,63493,900,1125,3,0.8,1012500,RGB,50.93456098765432,68.19621921533867,469.7361481430913,469.7361481430913,6.287116050720215,32fa2d2c06857f8a4ec9f9aa6fd75b11,ee3b39c7340ec231,data\raw\dataset_B\EALPR Vechicles dataset\Vehicles\0729.jpg
dataset_B,0730.jpg,0730,.jpg,120720,900,1125,3,0.8,1012500,RGB,117.34499851851852,74.66813173974357,443.3482165557728,443.3482165557728,7.672524452209473,ea651105a38a781a7cad199c01429220,fa0ff4629cc66223,data\raw\dataset_B\EALPR Vechicles dataset\Vehicles\0730.jpg
dataset_B,0731.jpg,0731,.jpg,107141,750,750,3,1.0,562500,RGB,116.81329422222223,61.04608095217261,1832.484228339851,1832.484228339851,7.70582389831543,cb6525e790a46f4128c10a91137484bd,95d47a3e8d87a10e,data\raw\dataset_B\EALPR Vechicles dataset\Vehicles\0731.jpg
dataset_B,0732.jpg,0732,.jpg,47818,640,640,3,1.0,409600,RGB,88.67497314453125,69.38900263122757,196.5080564388275,196.5080564388275,7.419631481170654,fefe650b99a2e857d31abf7876d278c8,dbd0c26bb4b0968b,data\raw\dataset_B\EALPR Vechicles dataset\Vehicles\0732.jpg
dataset_B,0733.jpg,0733,.jpg,106501,750,750,3,1.0,562500,RGB,100.95746311111111,68.17420636014259,1366.8833725612058,1366.8833725612058,7.834085941314697,95a486b955394e69c64d8cac62e49aed,8387c7e967a039e1,data\raw\dataset_B\EALPR Vechicles dataset\Vehicles\0733.jpg
dataset_B,0734.jpg,0734,.jpg,122410,827,801,3,1.032459,662427,RGB,99.31523926410004,56.21375689818647,643.983111155046,643.983111155046,7.711294174194336,69a3234e954fd0c1016d27aa79b44f4a,da912d56f78aa02d,data\raw\dataset_B\EALPR Vechicles dataset\Vehicles\0734.jpg
dataset_B,0735.jpg,0735,.jpg,117933,750,750,3,1.0,562500,RGB,128.23501333333334,66.61845399870519,2334.958141091875,2334.958141091875,7.623846530914307,09cfc091ee55f192920f6b20cc078c64,e282e2f0da787dc1,data\raw\dataset_B\EALPR Vechicles dataset\Vehicles\0735.jpg
dataset_B,0736.jpg,0736,.jpg,104249,1080,606,3,1.782178,654480,RGB,101.72202664710916,70.69571597716023,3596.731212845791,3596.731212845791,7.845304489135742,ad8b242bf3aceda3f4ee4392d3a6aba7,c59fcb38c6324c17,data\raw\dataset_B\EALPR Vechicles dataset\Vehicles\0736.jpg
dataset_B,0737.jpg,0737,.jpg,89135,1080,1080,3,1.0,1166400,RGB,141.2750548696845,57.124429034229316,265.9822005876476,265.9822005876476,7.530343055725098,c68672aeffbe26be368e80bb29bb1f46,a9fad58309892bad,data\raw\dataset_B\EALPR Vechicles dataset\Vehicles\0737.jpg
dataset_B,0738.jpg,0738,.jpg,78643,1080,1080,3,1.0,1166400,RGB,37.83466392318244,40.86042289527368,325.40558413221964,325.40558413221964,6.21470308303833,c0736fd3aa9d9aa1ec91243b77ee9672,cd77884fa619864d,data\raw\dataset_B\EALPR Vechicles dataset\Vehicles\0738.jpg
dataset_B,0739.jpg,0739,.jpg,83649,1080,1080,3,1.0,1166400,RGB,66.26229423868313,50.400827475718636,440.38753577442037,440.38753577442037,6.7762451171875,cc21772d3f32f7a3d446a1be50bac503,c9e252dae29b0b27,data\raw\dataset_B\EALPR Vechicles dataset\Vehicles\0739.jpg
dataset_B,0740.jpg,0740,.jpg,94744,1080,1080,3,1.0,1166400,RGB,108.14492969821673,58.42695466469911,363.48573159976166,363.48573159976166,7.380047798156738,ce870ecd831f5b77f5523f5c623b075f,c9c9cd3fd221dc11,data\raw\dataset_B\EALPR Vechicles dataset\Vehicles\0740.jpg
dataset_B,0741.jpg,0741,.jpg,113499,1080,1080,3,1.0,1166400,RGB,107.94833762002743,73.22105604668023,756.933936397805,756.933936397805,7.602205276489258,78111283bb0d2ea35e818607448007f5,ab5b9f1b94a58924,data\raw\dataset_B\EALPR Vechicles dataset\Vehicles\0741.jpg
dataset_B,0742.jpg,0742,.jpg,68923,539,539,3,1.0,290521,RGB,114.71496724849494,57.35157713721291,1017.5142693948567,1017.5142693948567,7.703232765197754,8803f2157f5ed5e1a31a97ed0b389e02,c1cf21f03e47c21f,data\raw\dataset_B\EALPR Vechicles dataset\Vehicles\0742.jpg
dataset_B,0743.jpg,0743,.jpg,77189,1080,1080,3,1.0,1166400,RGB,58.92039866255144,61.05203147480405,290.180548758514,290.180548758514,6.894537925720215,9eb2dbc871cac9aa74471957be93bbf4,80493f6f84c1a76f,data\raw\dataset_B\EALPR Vechicles dataset\Vehicles\0743.jpg
dataset_B,0744.jpg,0744,.jpg,74205,1080,1080,3,1.0,1166400,RGB,39.71547925240055,42.97063423811912,320.4761043065457,320.4761043065457,6.283045768737793,f3c4193aa71ca6a5af5e46916005358b,ffff7e8191050501,data\raw\dataset_B\EALPR Vechicles dataset\Vehicles\0744.jpg
dataset_B,0745.jpg,0745,.jpg,33467,720,720,3,1.0,518400,RGB,31.21903935185185,57.343891282693335,477.3783217588871,477.3783217588871,4.993754863739014,bfe6790a65da8ba01dad7556f16056a5,c761e1c662f3c2e1,data\raw\dataset_B\EALPR Vechicles dataset\Vehicles\0745.jpg
dataset_B,0746.jpg,0746,.jpg,93621,1080,1080,3,1.0,1166400,RGB,128.24611282578874,84.22492656949886,477.9019481079442,477.9019481079442,6.927149772644043,5e04dde2687fc05f6895eb6e3fd454fc,fa837f86857e6005,data\raw\dataset_B\EALPR Vechicles dataset\Vehicles\0746.jpg
dataset_B,0747.jpg,0747,.jpg,108611,750,750,3,1.0,562500,RGB,57.865024,48.47551504891105,765.4039019282174,765.4039019282174,7.0806121826171875,f67e308f00388d65c174ad8766ba50d3,e11d16e30dd0672f,data\raw\dataset_B\EALPR Vechicles dataset\Vehicles\0747.jpg
dataset_B,0748.jpg,0748,.jpg,72074,640,640,3,1.0,409600,RGB,128.949306640625,65.48090503592586,575.7997864362657,575.7997864362657,7.535310745239258,5dde787ec96ea7c2d38ebbc6525c0ee6,9bfd69c0830a947d,data\raw\dataset_B\EALPR Vechicles dataset\Vehicles\0748.jpg
dataset_B,0749.jpg,0749,.jpg,72611,603,603,3,1.0,363609,RGB,130.1348343962883,68.67876462524721,1122.6576826462287,1122.6576826462287,7.6534624099731445,29e4a3924ba352601bb99148427e4661,88d59568a92bde95,data\raw\dataset_B\EALPR Vechicles dataset\Vehicles\0749.jpg
dataset_B,0750.jpg,0750,.jpg,64171,1080,1080,3,1.0,1166400,RGB,52.33094393004115,63.23102685781538,343.31386959637734,343.31386959637734,6.529502868652344,d8a741a3d96cc19c9aa66dbd69775680,9d666099e6f55c22,data\raw\dataset_B\EALPR Vechicles dataset\Vehicles\0750.jpg
dataset_B,0751.jpg,0751,.jpg,118676,1080,898,3,1.202673,969840,RGB,98.5014693145261,69.9787554956734,1080.172706348489,1080.172706348489,7.486587047576904,469665d35186da9f2c756f4ccb670426,88e0dffca8a8a72a,data\raw\dataset_B\EALPR Vechicles dataset\Vehicles\0751.jpg
dataset_B,0752.jpg,0752,.jpg,139034,1080,1080,3,1.0,1166400,RGB,142.5647333676269,67.64879886783301,735.4595370904524,735.4595370904524,7.154217720031738,925ea09a53a5c594d44cf37fe8e5c318,a391b86ec0cc3f8d,data\raw\dataset_B\EALPR Vechicles dataset\Vehicles\0752.jpg
dataset_B,0753.jpg,0753,.jpg,59483,960,960,3,1.0,921600,RGB,44.97735568576389,51.20900666634855,417.9664126820458,417.9664126820458,6.654634475708008,d6a4d9a93fc2bb3aefd9d562d3cd3a6c,9c6b639872359d61,data\raw\dataset_B\EALPR Vechicles dataset\Vehicles\0753.jpg
dataset_B,0754.jpg,0754,.jpg,77268,1080,1080,3,1.0,1166400,RGB,105.43906978737998,43.66885586655981,322.74878680876327,322.74878680876327,7.229212760925293,260aca7011e6612609bd6cdc5cf23f00,d8db87486943d17a,data\raw\dataset_B\EALPR Vechicles dataset\Vehicles\0754.jpg
dataset_B,0755.jpg,0755,.jpg,148070,1080,1080,3,1.0,1166400,RGB,77.76379029492455,80.6260647874899,800.5706897381835,800.5706897381835,7.185068607330322,56cc1778858e7ae32975f6b950d80411,efe07cdcc043194d,data\raw\dataset_B\EALPR Vechicles dataset\Vehicles\0755.jpg
dataset_B,0756.jpg,0756,.jpg,95780,960,960,3,1.0,921600,RGB,68.09299587673611,51.42563429264233,877.4953407112356,877.4953407112356,7.0686163902282715,c6a19f2dffbe546ad073593e249ace48,aea8a855879d394d,data\raw\dataset_B\EALPR Vechicles dataset\Vehicles\0756.jpg
dataset_B,0757.jpg,0757,.jpg,75244,900,1125,3,0.8,1012500,RGB,127.15614320987655,96.88433714863362,570.1075320789499,570.1075320789499,5.935012340545654,fa6b393191b0ba129865b543b8f045c8,eb3ad02fc93034c7,data\raw\dataset_B\EALPR Vechicles dataset\Vehicles\0757.jpg
dataset_B,0758.jpg,0758,.jpg,82096,819,819,3,1.0,670761,RGB,93.11578043446175,47.31914857879779,500.66348773496867,500.66348773496867,7.171947956085205,e272dd537a44334d64e3e403d64087af,bf1ed2946d6c6830,data\raw\dataset_B\EALPR Vechicles dataset\Vehicles\0758.jpg
dataset_B,0759.jpg,0759,.jpg,171152,1000,1000,3,1.0,1000000,RGB,114.941021,60.6773231156217,1345.836306506716,1345.836306506716,7.790007591247559,8cbc1625a2f3520fe826e9950c3693d4,e38bbfdd90306270,data\raw\dataset_B\EALPR Vechicles dataset\Vehicles\0759.jpg
dataset_B,0760.jpg,0760,.jpg,116269,1080,1080,3,1.0,1166400,RGB,101.36393089849108,57.01782557601044,90.37043846043042,90.37043846043042,7.665892124176025,114f3dadf76f56ec72a70a101c20f4e7,bf1e902dcb9ab284,data\raw\dataset_B\EALPR Vechicles dataset\Vehicles\0760.jpg
dataset_B,0761.jpg,0761,.jpg,70062,612,602,3,1.016611,368424,RGB,113.79023082101058,50.490726475580054,111.9978092970033,111.9978092970033,7.5495924949646,edc1571901c04b2ea3cdcbbb32c2704b,eee05047b58e95b4,data\raw\dataset_B\EALPR Vechicles dataset\Vehicles\0761.jpg
dataset_B,0762.jpg,0762,.jpg,60140,612,602,3,1.016611,368424,RGB,103.76642672572905,76.71674678592149,184.82193920630448,184.82193920630448,6.4744110107421875,13e9288f621dd3f97653b529a1ee86af,eac4bc92c121bbe3,data\raw\dataset_B\EALPR Vechicles dataset\Vehicles\0762.jpg
dataset_B,0763.jpg,0763,.jpg,99830,1079,565,3,1.909735,609635,RGB,114.94024785322365,64.4501901110717,2293.1428732665418,2293.1428732665418,7.721095085144043,e86e5113d789cdde28a9bfd6c94857bb,acad77134e8a24d3,data\raw\dataset_B\EALPR Vechicles dataset\Vehicles\0763.jpg
dataset_B,0764.jpg,0764,.jpg,31370,612,612,3,1.0,374544,RGB,24.478437780340894,36.3240414298129,127.93175701308192,127.93175701308192,5.543792724609375,68e0a3d7bdb5b1bf0426cb5975092610,cef131468731f8c6,data\raw\dataset_B\EALPR Vechicles dataset\Vehicles\0764.jpg
dataset_B,0765.jpg,0765,.jpg,26934,750,418,3,1.794258,313500,RGB,31.480819776714515,36.34105764881514,1328.1333603889918,1328.1333603889918,5.951655864715576,8d2be72853447fe0a0fb3cafb5cfd2d7,9e0d7312cc6d7299,data\raw\dataset_B\EALPR Vechicles dataset\Vehicles\0765.jpg
dataset_B,0766.jpg,0766,.jpg,86187,838,838,3,1.0,702244,RGB,103.04575190389666,66.83447873174487,201.5152256891033,201.5152256891033,7.720078945159912,301f75216e72d03d0db74ec6a2abf962,93922b61d4fe6465,data\raw\dataset_B\EALPR Vechicles dataset\Vehicles\0766.jpg
dataset_B,0767.jpg,0767,.jpg,103366,1080,1080,3,1.0,1166400,RGB,58.529122942386834,55.52935994079595,523.886834620106,523.886834620106,6.905351638793945,2db1f07b85a9febe97cdb2c50a4e862d,da72079274cd9674,data\raw\dataset_B\EALPR Vechicles dataset\Vehicles\0767.jpg
dataset_B,0768.jpg,0768,.jpg,92051,640,799,3,0.801001,511360,RGB,114.87455999687108,60.62840258974926,1842.9404488172495,1842.9404488172495,7.783997058868408,6fc9878771081106fb2730b9101ed991,c5429b2b176639dc,data\raw\dataset_B\EALPR Vechicles dataset\Vehicles\0768.jpg
dataset_B,0769.jpg,0769,.jpg,110060,960,720,3,1.333333,691200,RGB,98.35254195601851,61.875312483238524,5210.384718878065,5210.384718878065,7.696498870849609,5b3c30aa6e5d81d8bc0321489a942030,c0c27dd4d4cacb4d,data\raw\dataset_B\EALPR Vechicles dataset\Vehicles\0769.jpg
dataset_B,0770.jpg,0770,.jpg,141091,750,750,3,1.0,562500,RGB,124.26797333333333,67.46279467202119,5362.202907863748,5362.202907863748,7.873273849487305,f404e2df14e7e3f9c3e29922af876487,ec46d029c3c10fdf,data\raw\dataset_B\EALPR Vechicles dataset\Vehicles\0770.jpg
dataset_B,0771.jpg,0771,.jpg,96336,750,750,3,1.0,562500,RGB,95.60749688888889,69.61870345098835,2865.009333371209,2865.009333371209,7.816931247711182,e512c71e66771eeec50e94bbf871a3fc,8b87c76967e079c0,data\raw\dataset_B\EALPR Vechicles dataset\Vehicles\0771.jpg
dataset_B,0772.jpg,0772,.jpg,55139,640,640,3,1.0,409600,RGB,34.40140625,36.7236944274056,652.1440691156148,652.1440691156148,5.652501106262207,d6df4d673e3620857ed1b42a43847129,8877638cd533cc33,data\raw\dataset_B\EALPR Vechicles dataset\Vehicles\0772.jpg
dataset_B,0773.jpg,0773,.jpg,147118,750,742,3,1.010782,556500,RGB,80.08832165318958,73.517953383686,6831.303961734511,6831.303961734511,7.3570404052734375,beb9d3fcf8ce173fa2c1ef5c78c458b7,9f77e015d160ac33,data\raw\dataset_B\EALPR Vechicles dataset\Vehicles\0773.jpg
dataset_B,0774.jpg,0774,.jpg,73281,720,720,3,1.0,518400,RGB,99.01188078703704,73.56870332186844,982.1689603578994,982.1689603578994,7.377744674682617,0d9c68e2a55cbc250bff208ab736ffa7,d0583d6da05d8fc3,data\raw\dataset_B\EALPR Vechicles dataset\Vehicles\0774.jpg
dataset_B,0775.jpg,0775,.jpg,43781,584,584,3,1.0,341056,RGB,82.24244112403828,33.07411154091761,156.93945067745898,156.93945067745898,6.796716213226318,824e62d4bda8cf887ff739f59867c453,dda622c932d31da6,data\raw\dataset_B\EALPR Vechicles dataset\Vehicles\0775.jpg
dataset_B,0776.jpg,0776,.jpg,66990,900,1125,3,0.8,1012500,RGB,124.63168098765432,95.05623898121205,317.0130531791852,317.0130531791852,6.108141899108887,88fba9044bdcd5ab426fe8a4c7da04d9,eb3e6398682fa690,data\raw\dataset_B\EALPR Vechicles dataset\Vehicles\0776.jpg
dataset_B,0777.jpg,0777,.jpg,95666,750,750,3,1.0,562500,RGB,120.05433244444444,65.2873994647847,2832.623073677906,2832.623073677906,7.736292839050293,06444a2589d297e082b807edcfa163c1,95c47a6cb5cea10e,data\raw\dataset_B\EALPR Vechicles dataset\Vehicles\0777.jpg
dataset_B,0778.jpg,0778,.jpg,83149,640,799,3,0.801001,511360,RGB,105.20286686483104,72.80250760659705,1372.4365103034281,1372.4365103034281,7.670119762420654,d4fc67af391ba59b4d06ffd2e0e6fa29,e0c8afdf9430b84d,data\raw\dataset_B\EALPR Vechicles dataset\Vehicles\0778.jpg
dataset_B,0779.jpg,0779,.jpg,93966,736,736,3,1.0,541696,RGB,92.894590323724,70.9925331918691,1524.659627390557,1524.659627390557,7.354474067687988,6a8398aa8874ff76e4c3761b351f6781,a8c1f16a88ef31e5,data\raw\dataset_B\EALPR Vechicles dataset\Vehicles\0779.jpg
dataset_B,0780.jpg,0780,.jpg,128138,750,750,3,1.0,562500,RGB,92.09584711111111,58.763574938506885,4343.062509673763,4343.062509673763,7.631016254425049,bb272c4ad1d73b07722f1eba8cde2b92,cc91eb2f7030ca9b,data\raw\dataset_B\EALPR Vechicles dataset\Vehicles\0780.jpg
dataset_B,0781.jpg,0781,.jpg,48759,612,612,3,1.0,374544,RGB,41.23474678542441,45.676428892685216,636.6892967684921,636.6892967684921,6.197717189788818,2ff803c6b9547227da941af606e9fbeb,adb1514ac2b1adcd,data\raw\dataset_B\EALPR Vechicles dataset\Vehicles\0781.jpg
dataset_B,0782.jpg,0782,.jpg,98079,1080,1080,3,1.0,1166400,RGB,80.6972762345679,63.642225220827,51.84031237921328,51.84031237921328,7.523525238037109,509c8d956908160fb94c50f3f5767b97,d5d6c26834c29bc7,data\raw\dataset_B\EALPR Vechicles dataset\Vehicles\0782.jpg
dataset_B,0783.jpg,0783,.jpg,73453,720,720,3,1.0,518400,RGB,120.48605902777778,63.12444259698582,807.9001000666783,807.9001000666783,7.452203750610352,70ac533e331c87c8fc3073122fd2c062,f8988dedd4f480aa,data\raw\dataset_B\EALPR Vechicles dataset\Vehicles\0783.jpg
dataset_B,0784.jpg,0784,.jpg,93161,750,750,3,1.0,562500,RGB,89.59087111111111,54.89585530799863,1825.1581598018718,1825.1581598018718,7.337852954864502,58218fb3b5036a79804d40c142d0efe0,adc681a784e4b9f1,data\raw\dataset_B\EALPR Vechicles dataset\Vehicles\0784.jpg
dataset_B,0785.jpg,0785,.jpg,203310,1032,1290,3,0.8,1331280,RGB,129.5980004206478,58.36561141962169,261.1143020003623,261.1143020003623,7.701944351196289,1560b182a4bfed9f7078349d5c8c9a79,c9d9497d8cc61fc0,data\raw\dataset_B\EALPR Vechicles dataset\Vehicles\0785.jpg
dataset_B,0786.jpg,0786,.jpg,72340,720,720,3,1.0,518400,RGB,50.364199459876545,44.866266253892285,1033.4369001121536,1033.4369001121536,6.748301982879639,3ca79d20fe8e4ce9eb35dc6d43cd67d9,fadaddc908e20764,data\raw\dataset_B\EALPR Vechicles dataset\Vehicles\0786.jpg
dataset_B,0787.jpg,0787,.jpg,72594,900,1125,3,0.8,1012500,RGB,123.6648375308642,97.43691621722104,355.81214810179034,355.81214810179034,5.8627519607543945,10381945d5bc9f2e7ae92ea900cb53c9,bb99959692923333,data\raw\dataset_B\EALPR Vechicles dataset\Vehicles\0787.jpg
dataset_B,0788.jpg,0788,.jpg,52116,720,640,3,1.125,460800,RGB,99.54950737847223,62.49872624723181,2071.789714197752,2071.789714197752,7.581307411193848,148fa18d6ecfdfea7984af9380845b05,c1d81f4a61b89b37,data\raw\dataset_B\EALPR Vechicles dataset\Vehicles\0788.jpg
dataset_B,0789.jpg,0789,.jpg,79950,640,640,3,1.0,409600,RGB,104.9381005859375,86.93583617154292,675.4440277454316,675.4440277454316,7.58305025100708,36745ec3f6aa05fc1328a2eed9cc70e3,be65954ed26a084f,data\raw\dataset_B\EALPR Vechicles dataset\Vehicles\0789.jpg
dataset_B,0790.jpg,0790,.jpg,94669,640,640,3,1.0,409600,RGB,116.3802099609375,70.33742315891025,2076.341035813308,2076.341035813308,7.732563018798828,9ac37862d4480b02bb95ede3c68015d3,c090573f4aaa7d2b,data\raw\dataset_B\EALPR Vechicles dataset\Vehicles\0790.jpg
dataset_B,0791.jpg,0791,.jpg,115209,640,640,3,1.0,409600,RGB,133.69567138671874,86.38576607228717,1134.0019492456852,1134.0019492456852,7.177469730377197,54e6b088b377814e9da4b5254d3b5d44,c4d5bbca423a2e87,data\raw\dataset_B\EALPR Vechicles dataset\Vehicles\0791.jpg
dataset_B,0792.jpg,0792,.jpg,100938,640,640,3,1.0,409600,RGB,63.86199951171875,72.23542657077155,6150.596374312108,6150.596374312108,7.136045455932617,3e6e2f04759b430b1acc230be038328c,9961a659d4375a1e,data\raw\dataset_B\EALPR Vechicles dataset\Vehicles\0792.jpg
dataset_B,0793.jpg,0793,.jpg,110913,640,640,3,1.0,409600,RGB,107.31658935546875,63.41399239777082,2428.9395076717374,2428.9395076717374,7.828629493713379,5330a5de666213dab013e9bfea822b8d,d474bc3c4ed26632,data\raw\dataset_B\EALPR Vechicles dataset\Vehicles\0793.jpg
dataset_B,0794.jpg,0794,.jpg,72048,640,640,3,1.0,409600,RGB,128.21540283203126,71.63785003866965,667.5883063866556,667.5883063866556,7.630017280578613,d2de1028c5469aff24205c82d1e0cd1b,be90493f843b5d2c,data\raw\dataset_B\EALPR Vechicles dataset\Vehicles\0794.jpg
dataset_B,0795.jpg,0795,.jpg,58855,640,640,3,1.0,409600,RGB,92.75783935546875,87.88642777933396,931.352443618679,931.352443618679,6.612977027893066,374291951c60bc2863ffdca79caea531,aa92536f14330fcd,data\raw\dataset_B\EALPR Vechicles dataset\Vehicles\0795.jpg
dataset_B,0796.jpg,0796,.jpg,118888,1080,1350,3,0.8,1458000,RGB,89.7055157750343,75.56530465807246,96.05617827462314,96.05617827462314,7.391916275024414,23d7f919d698177fb1977e97386a2233,85416a7e9c6d29f1,data\raw\dataset_B\EALPR Vechicles dataset\Vehicles\0796.jpg
dataset_B,0797.jpg,0797,.jpg,40262,552,552,3,1.0,304704,RGB,90.41715894770006,43.38099994419937,70.71217660988569,70.71217660988569,7.179443359375,c0d39ec696b004d4d336869ab2143dc1,ea69c1569e8ca2e3,data\raw\dataset_B\EALPR Vechicles dataset\Vehicles\0797.jpg
dataset_B,0798.jpg,0798,.jpg,87495,640,640,3,1.0,409600,RGB,66.86078857421874,74.51385680542093,4792.913849079037,4792.913849079037,5.682270050048828,ac9e6520640d25ba606e2daf8b236416,e9641286cd5dfa61,data\raw\dataset_B\EALPR Vechicles dataset\Vehicles\0798.jpg
dataset_B,0799.jpg,0799,.jpg,103833,1080,720,3,1.5,777600,RGB,75.59380401234569,59.99582703411011,1175.978458925208,1175.978458925208,7.517224311828613,ae35f8ae9adbf982ce3807ffbc9e2f36,ea84643f312bf670,data\raw\dataset_B\EALPR Vechicles dataset\Vehicles\0799.jpg
dataset_B,0800.jpg,0800,.jpg,77843,640,640,3,1.0,409600,RGB,130.1903076171875,62.86440209362502,832.2933754553736,832.2933754553736,7.68257474899292,d9cddbfef049356bb6e97997a33a58ca,fcdb5bb2480d170c,data\raw\dataset_B\EALPR Vechicles dataset\Vehicles\0800.jpg
dataset_B,0801.jpg,0801,.jpg,55928,750,566,3,1.325088,424500,RGB,82.40182803297998,55.051614410393874,1327.7400258939706,1327.7400258939706,7.372592926025391,e5d25c65de5f2a6319c2750105fc2c98,f8b1f9290539d8f0,data\raw\dataset_B\EALPR Vechicles dataset\Vehicles\0801.jpg
dataset_B,0802.jpg,0802,.jpg,82537,640,640,3,1.0,409600,RGB,81.5292822265625,80.3060525255644,3559.6410483522354,3559.6410483522354,6.8413543701171875,2e9f716b856de2a206f1ee679edc7a36,919595e0ce3d3996,data\raw\dataset_B\EALPR Vechicles dataset\Vehicles\0802.jpg
dataset_B,0803.jpg,0803,.jpg,72398,1080,1080,3,1.0,1166400,RGB,156.68125514403292,72.05990312232854,251.20482348851695,251.20482348851695,6.876594066619873,869012008ebb7ae6ea8171b9d3e1699c,a197cf69c0611f9c,data\raw\dataset_B\EALPR Vechicles dataset\Vehicles\0803.jpg
dataset_B,0804.jpg,0804,.jpg,116850,1080,1080,3,1.0,1166400,RGB,100.37413408779149,74.10675085749979,1219.5551908531404,1219.5551908531404,7.152846336364746,c290ea60beb9d2b09bf2b8b5a84f830e,8ec2a3a3cf7c3033,data\raw\dataset_B\EALPR Vechicles dataset\Vehicles\0804.jpg
dataset_B,0805.jpg,0805,.jpg,91614,750,483,3,1.552795,362250,RGB,113.85631469979296,68.26465243494495,2132.5364359048713,2132.5364359048713,7.917527198791504,728e8f6b94ac3a802d5f47b63a098871,eca0bd168c8c369f,data\raw\dataset_B\EALPR Vechicles dataset\Vehicles\0805.jpg
dataset_B,0806.jpg,0806,.jpg,101324,742,738,3,1.00542,547596,RGB,78.93371390587221,55.06571024685976,2443.942628373411,2443.942628373411,7.0559587478637695,d848736b893a0ee9c48b2dddf48dad2b,9eb292a8f8cd85e1,data\raw\dataset_B\EALPR Vechicles dataset\Vehicles\0806.jpg
dataset_B,0807.jpg,0807,.jpg,109788,743,743,3,1.0,552049,RGB,102.98452130155113,76.29186250184942,3047.8000640823925,3047.8000640823925,7.505441665649414,5de3acc5740c6755fe5a898749faba7e,bff490cb83cc824b,data\raw\dataset_B\EALPR Vechicles dataset\Vehicles\0807.jpg
dataset_B,0808.jpg,0808,.jpg,109814,1080,720,3,1.5,777600,RGB,81.13146476337448,56.774424659898514,4939.333376613855,4939.333376613855,7.462003707885742,e7141173b2f54e19b72e91570d4627e2,aaea63d150c2f363,data\raw\dataset_B\EALPR Vechicles dataset\Vehicles\0808.jpg
dataset_B,0809.jpg,0809,.jpg,152197,750,750,3,1.0,562500,RGB,125.44414222222223,57.043441971086054,10056.597820976152,10056.597820976152,7.62653923034668,1be87cecb5bff42e4c7e5505180b861c,a4a7cfa56c834339,data\raw\dataset_B\EALPR Vechicles dataset\Vehicles\0809.jpg
dataset_B,0810.jpg,0810,.jpg,133074,929,1162,3,0.799484,1079498,RGB,89.7871288321053,57.896493284856085,104.74658809103968,104.74658809103968,7.3246049880981445,c43c2922aad8430cb83ebcc69e5e8513,e8a0d75ab83734d1,data\raw\dataset_B\EALPR Vechicles dataset\Vehicles\0810.jpg
dataset_B,0811.jpg,0811,.jpg,370945,1080,1080,3,1.0,1166400,RGB,87.49890517832648,67.94340831938841,1323.6605148170545,1323.6605148170545,7.699490547180176,8a48559a940be784baf53fe993d3519a,a1d1df1fa264261e,data\raw\dataset_B\EALPR Vechicles dataset\Vehicles\0811.jpg
dataset_B,0812.jpg,0812,.jpg,365356,1080,1080,3,1.0,1166400,RGB,89.3276183127572,70.05346740545995,1358.6133972058628,1358.6133972058628,7.6104416847229,4de237d852bcf5db4ce5f9942818a952,f1b0d25a1c3c2e6e,data\raw\dataset_B\EALPR Vechicles dataset\Vehicles\0812.jpg
dataset_B,0813.jpg,0813,.jpg,62288,750,740,3,1.013514,555000,RGB,113.95874954954955,61.286184437480216,1608.5272292255465,1608.5272292255465,7.5658721923828125,35fde1c8ba041dc4f277e982f78dd61d,b6a1818f94f4ee83,data\raw\dataset_B\EALPR Vechicles dataset\Vehicles\0813.jpg
dataset_B,0814.jpg,0814,.jpg,92791,640,640,3,1.0,409600,RGB,100.92784912109374,67.50787332418774,1165.3453222855985,1165.3453222855985,7.827057361602783,53c0397fbaf04b1295acbc4d76c05dcc,b283946f54c46f93,data\raw\dataset_B\EALPR Vechicles dataset\Vehicles\0814.jpg
dataset_B,0815.jpg,0815,.jpg,88033,1080,721,3,1.49792,778680,RGB,76.66356526429342,59.74928254949745,713.8724812128572,713.8724812128572,7.49006462097168,63a4fb85e4322afceea716e6a049c818,b9d577be10988aa2,data\raw\dataset_B\EALPR Vechicles dataset\Vehicles\0815.jpg
dataset_B,0816.jpg,0816,.jpg,77903,960,720,3,1.333333,691200,RGB,99.59681712962963,61.43189180487459,1979.5050905949909,1979.5050905949909,7.484338283538818,b2c1bac869fc16a563e11d2cac4fb8c0,ecc3cdc9d07acd80,data\raw\dataset_B\EALPR Vechicles dataset\Vehicles\0816.jpg
dataset_B,0817.jpg,0817,.jpg,59367,720,720,3,1.0,518400,RGB,100.26607638888889,65.5299838163612,557.1884917373933,557.1884917373933,7.3903727531433105,bee885804e55baf1ecc705942eba098c,8a858f9f9eb41a2a,data\raw\dataset_B\EALPR Vechicles dataset\Vehicles\0817.jpg
dataset_B,0818.jpg,0818,.jpg,100471,750,750,3,1.0,562500,RGB,100.85958755555555,68.52872033689314,4305.4746255849595,4305.4746255849595,7.661596298217773,cb47283de2a647fd88c7d278b31adb99,d0d39a892cecdb52,data\raw\dataset_B\EALPR Vechicles dataset\Vehicles\0818.jpg
dataset_B,0819.jpg,0819,.jpg,117853,1080,809,3,1.334981,873720,RGB,77.63423865769354,50.50694156555204,293.86344561182983,293.86344561182983,7.422113418579102,dbdddbe0f24aab2016190b963662f088,c8db9726443b29d6,data\raw\dataset_B\EALPR Vechicles dataset\Vehicles\0819.jpg
dataset_B,0820.jpg,0820,.jpg,106869,750,599,3,1.252087,449250,RGB,121.14709627156371,76.03084879637284,4529.085246005055,4529.085246005055,7.837743282318115,6fe99ca95c3d82dc3c99d9421ea0ed9c,b8e8636a870fdcc4,data\raw\dataset_B\EALPR Vechicles dataset\Vehicles\0820.jpg
dataset_B,0821.jpg,0821,.jpg,68379,1080,1080,3,1.0,1166400,RGB,43.81092678326475,43.38326981582506,460.7178874653823,460.7178874653823,6.547863006591797,c9ef105ba80dd4e28dc6738705c59508,aeae3a02868796f5,data\raw\dataset_B\EALPR Vechicles dataset\Vehicles\0821.jpg
dataset_B,0822.jpg,0822,.jpg,74187,720,696,3,1.034483,501120,RGB,65.20750718390805,64.81563345146745,1212.9645698721033,1212.9645698721033,7.028687000274658,6befe2e67e600dd32fa4ca78ad76e67d,e4c0f3cedce4a189,data\raw\dataset_B\EALPR Vechicles dataset\Vehicles\0822.jpg
dataset_B,0823.jpg,0823,.jpg,88203,726,726,3,1.0,527076,RGB,112.3487561566074,59.711822275626524,656.3812591770134,656.3812591770134,7.438377380371094,00f9393c38a56344f697347356eda19d,fed4a02a953ef520,data\raw\dataset_B\EALPR Vechicles dataset\Vehicles\0823.jpg
dataset_B,0824.jpg,0824,.jpg,116592,742,742,3,1.0,550564,RGB,96.94928291715405,76.09404074044258,3234.4515311256014,3234.4515311256014,7.6859588623046875,68041a0cc4bc52ab5215d4facb4ae44a,ff878017483b6b62,data\raw\dataset_B\EALPR Vechicles dataset\Vehicles\0824.jpg
dataset_B,0825.jpg,0825,.jpg,111074,749,749,3,1.0,561001,RGB,73.56377974370812,60.00998771565657,675.1345756758493,675.1345756758493,7.455122470855713,6816380d9d2eadfb55fe3098267f3ddd,fc8f8f1e90914963,data\raw\dataset_B\EALPR Vechicles dataset\Vehicles\0825.jpg
dataset_B,0826.jpg,0826,.jpg,57104,510,510,3,1.0,260100,RGB,93.33835447904652,55.25299968808738,1484.0349209115739,1484.0349209115739,7.361532688140869,26bda48b9c886a9c6b52e01a4bb4e965,c3e33e3b889007cf,data\raw\dataset_B\EALPR Vechicles dataset\Vehicles\0826.jpg
dataset_B,0827.jpg,0827,.jpg,121844,1080,810,3,1.333333,874800,RGB,132.77831847279379,73.53284842592264,3413.4955264090095,3413.4955264090095,7.50541353225708,fbb18e8d177fe43480d03387cf9a4004,c3b17e9aea0f9230,data\raw\dataset_B\EALPR Vechicles dataset\Vehicles\0827.jpg
dataset_B,0828.jpg,0828,.jpg,44742,428,428,3,1.0,183184,RGB,128.66088741374793,94.59536998299058,2002.3929081216268,2002.3929081216268,6.817793369293213,bcd36d46d0e246d9edfe62f878e3f2d6,edc0ab3e3271c0cd,data\raw\dataset_B\EALPR Vechicles dataset\Vehicles\0828.jpg
dataset_B,0829.jpg,0829,.jpg,127217,1080,1350,3,0.8,1458000,RGB,87.76273936899862,63.74153258476321,111.61911029359752,111.61911029359752,7.5047993659973145,ed8fa383053f2e1897dbc7120952798a,c1826a7dc65e652e,data\raw\dataset_B\EALPR Vechicles dataset\Vehicles\0829.jpg
dataset_B,0830.jpg,0830,.jpg,71998,720,720,3,1.0,518400,RGB,119.26846257716049,62.239901022661606,663.988288846822,663.988288846822,7.509974002838135,4a83e55d28444ff7706984ce28183ad3,ebe185798fc8928a,data\raw\dataset_B\EALPR Vechicles dataset\Vehicles\0830.jpg
dataset_B,0831.jpg,0831,.jpg,82392,750,750,3,1.0,562500,RGB,55.36611555555555,65.79051757628554,1486.94626319189,1486.94626319189,6.945065498352051,925895570a53f4de78b9f803e0d470b7,fe88f033f03c88bc,data\raw\dataset_B\EALPR Vechicles dataset\Vehicles\0831.jpg
dataset_B,0832.jpg,0832,.jpg,33710,612,612,3,1.0,374544,RGB,30.07135076252723,49.223750880537715,204.92435067363982,204.92435067363982,5.594595909118652,7f50d12c76bc93af7ba2dde9b743235d,c619e10fc739e60e,data\raw\dataset_B\EALPR Vechicles dataset\Vehicles\0832.jpg
dataset_B,0833.jpg,0833,.jpg,75314,1080,1080,3,1.0,1166400,RGB,73.54589420438957,71.06873411340565,62.09130400454775,62.09130400454775,7.074614524841309,ab64a978cd0e3a1a2ebce18058e4b951,bdbd357741504247,data\raw\dataset_B\EALPR Vechicles dataset\Vehicles\0833.jpg
dataset_B,0834.jpg,0834,.jpg,173151,1080,994,3,1.086519,1073520,RGB,61.746687532603026,62.208607355154655,203.9965673670193,203.9965673670193,6.811501979827881,6b8cd2151875bf50a8c1328e9ae92b67,a2a5bcbcc3c9d81a,data\raw\dataset_B\EALPR Vechicles dataset\Vehicles\0834.jpg
dataset_B,0835.jpg,0835,.jpg,114808,800,1000,3,0.8,800000,RGB,72.11317,57.3344511402272,286.75257489329846,286.75257489329846,7.343258380889893,4fa1a90aa7efe8eb9c9865a0fa021ce9,d758292f95c9c2a5,data\raw\dataset_B\EALPR Vechicles dataset\Vehicles\0835.jpg
dataset_B,0836.jpg,0836,.jpg,102923,1080,649,3,1.664099,700920,RGB,82.67495862580608,62.88262315187941,501.78543825193384,501.78543825193384,7.552546501159668,8567eb58fd9308b17941d28bda9cdae4,9a9c67438ca56d27,data\raw\dataset_B\EALPR Vechicles dataset\Vehicles\0836.jpg
dataset_B,0837.jpg,0837,.jpg,75069,1080,1080,3,1.0,1166400,RGB,49.88463048696845,43.78999629802237,93.18861539488788,93.18861539488788,6.857461452484131,dfbbd56661e0d1ca5b1cc58eb7b06bc5,c7c762949b6b2698,data\raw\dataset_B\EALPR Vechicles dataset\Vehicles\0837.jpg
dataset_B,0838.jpg,0838,.jpg,141137,1032,1290,3,0.8,1331280,RGB,121.6175034553212,39.913284134313706,42.1912178573503,42.1912178573503,6.902943134307861,bba0bf513edafdab5173c9c37e04e310,fafc858781ca2ae4,data\raw\dataset_B\EALPR Vechicles dataset\Vehicles\0838.jpg
dataset_B,0839.jpg,0839,.jpg,94536,844,1055,3,0.8,890420,RGB,118.732161227286,66.41568853218705,366.9183065920231,366.9183065920231,7.025476455688477,967407579ce1b621ef2886a2713e5cef,ef809e5e4121ac7e,data\raw\dataset_B\EALPR Vechicles dataset\Vehicles\0839.jpg
dataset_B,0840.jpg,0840,.jpg,104599,1080,810,3,1.333333,874800,RGB,108.96601623228166,73.71832345151233,953.1453838930955,953.1453838930955,7.635872840881348,84b0b052a91959c507bf8e96cf42fd60,e8f8d10e5730ca1f,data\raw\dataset_B\EALPR Vechicles dataset\Vehicles\0840.jpg
dataset_B,0841.jpg,0841,.jpg,57629,1080,903,3,1.196013,975240,RGB,68.13634489971699,60.21464834496376,77.54658281368575,77.54658281368575,6.442136764526367,fc36bfbcef78ee088a2be98594d7d67c,9669689669db9329,data\raw\dataset_B\EALPR Vechicles dataset\Vehicles\0841.jpg
dataset_B,0842.jpg,0842,.jpg,85998,1080,1080,3,1.0,1166400,RGB,105.4196493484225,48.757619743720085,62.796335176902865,62.796335176902865,7.298777103424072,6875322fc4bc3b12a4fd20fa427f097f,be97816b2ee52584,data\raw\dataset_B\EALPR Vechicles dataset\Vehicles\0842.jpg
dataset_B,0843.jpg,0843,.jpg,94401,800,1000,3,0.8,800000,RGB,61.58791375,57.960844120600605,256.03778612837345,256.03778612837345,6.98340368270874,ad377a10196b2ed58279f542220cd30c,c0832f7ed0c79636,data\raw\dataset_B\EALPR Vechicles dataset\Vehicles\0843.jpg
dataset_B,0844.jpg,0844,.jpg,93598,1080,1080,3,1.0,1166400,RGB,56.07390089163237,28.53308096648711,51.73278632992361,51.73278632992361,6.195634365081787,ae9896441fee7fdd960b1fc9e2b1daeb,80a07b7fc744d17a,data\raw\dataset_B\EALPR Vechicles dataset\Vehicles\0844.jpg
dataset_B,0845.jpg,0845,.jpg,84593,1080,890,3,1.213483,961200,RGB,132.7572981689555,50.924737170777426,134.4642859876699,134.4642859876699,7.450317859649658,dc432ebbdab2c0af329700fc12ed6cd3,baaa27c140c7e7c5,data\raw\dataset_B\EALPR Vechicles dataset\Vehicles\0845.jpg
dataset_B,0846.jpg,0846,.jpg,111589,1080,1080,3,1.0,1166400,RGB,122.53758058984911,66.51745484675799,115.34560454028527,115.34560454028527,7.836437225341797,f273467edbe7c4c5582d995b3f441e0d,c5c4587cb4ba9596,data\raw\dataset_B\EALPR Vechicles dataset\Vehicles\0846.jpg
dataset_B,0847.jpg,0847,.jpg,107651,1080,1080,3,1.0,1166400,RGB,78.29647633744855,51.78123264381889,194.91249129941045,194.91249129941045,7.3776092529296875,151f6ed3778769b31da3293d4312c880,bdb7daf08303c0ca,data\raw\dataset_B\EALPR Vechicles dataset\Vehicles\0847.jpg
dataset_B,0848.jpg,0848,.jpg,51570,1080,975,3,1.107692,1053000,RGB,91.94559829059828,70.30790061904041,29.450140590024066,29.450140590024066,7.590940952301025,2063a350227bc5c91aa0c90ee34ab9c9,afd0647b5a52d22c,data\raw\dataset_B\EALPR Vechicles dataset\Vehicles\0848.jpg
dataset_B,0849.jpg,0849,.jpg,80032,750,750,3,1.0,562500,RGB,131.96563733333332,73.07546420034585,2295.0670926172415,2295.0670926172415,7.762180805206299,b4580c44071076d6392c3eb0e3502bf8,fdd58078c0c38fc5,data\raw\dataset_B\EALPR Vechicles dataset\Vehicles\0849.jpg
dataset_B,0850.jpg,0850,.jpg,117881,937,1171,3,0.800171,1097227,RGB,88.59990594471336,51.16632328803897,172.8736286865837,172.8736286865837,7.140127182006836,0f33ae4c4b1eb3a7d4a91460637e7b11,cfc4b3c1d4ec80bc,data\raw\dataset_B\EALPR Vechicles dataset\Vehicles\0850.jpg
dataset_B,0851.jpg,0851,.jpg,137701,900,1125,3,0.8,1012500,RGB,48.83395358024691,56.049317524892665,110.67687573134243,110.67687573134243,6.97059440612793,8c8398a30ddf0e4bdf284fc5351b5ed0,8ac6a61cb86767d2,data\raw\dataset_B\EALPR Vechicles dataset\Vehicles\0851.jpg
dataset_B,0852.jpg,0852,.jpg,97909,1080,1074,3,1.005587,1159920,RGB,88.51766156286641,61.46776045234541,85.70587778594192,85.70587778594192,7.580814838409424,837abed4633848963c94b6578f9b0662,818b075939269fdb,data\raw\dataset_B\EALPR Vechicles dataset\Vehicles\0852.jpg
dataset_B,0853.jpg,0853,.jpg,102175,750,750,3,1.0,562500,RGB,112.38884266666666,66.03756553526958,823.9190767174036,823.9190767174036,7.620229721069336,563ab905413afb563ef0043fb4175a72,b46082a3addbc2ee,data\raw\dataset_B\EALPR Vechicles dataset\Vehicles\0853.jpg
dataset_B,0854.jpg,0854,.jpg,97979,1080,807,3,1.33829,871560,RGB,70.56493069897655,40.22104956270503,229.62923144593017,229.62923144593017,6.667564392089844,deb62607272df3dc6367d46b22bdb9a2,ec217a5ed1e4223b,data\raw\dataset_B\EALPR Vechicles dataset\Vehicles\0854.jpg
dataset_B,0855.jpg,0855,.jpg,160986,1080,1350,3,0.8,1458000,RGB,65.30114471879287,65.77493836510824,148.73788840520584,148.73788840520584,7.179046154022217,246cff107566cb74649ff5e6997db4f7,bd948acb8490dbe6,data\raw\dataset_B\EALPR Vechicles dataset\Vehicles\0855.jpg
dataset_B,0856.jpg,0856,.jpg,129593,1080,1080,3,1.0,1166400,RGB,60.731928155006855,55.359443959116874,428.05479209046723,428.05479209046723,6.805618762969971,2d5e79ba9cda7ae11e4be87b66694d43,bf639044f5ff0b00,data\raw\dataset_B\EALPR Vechicles dataset\Vehicles\0856.jpg
dataset_B,0857.jpg,0857,.jpg,94609,1080,1080,3,1.0,1166400,RGB,68.4307218792867,56.197002330305494,54.12092841247239,54.12092841247239,7.121082305908203,e490ffe74b15ef72b7ead8c435f276f4,eacbd1158c52d2e9,data\raw\dataset_B\EALPR Vechicles dataset\Vehicles\0857.jpg
dataset_B,0858.jpg,0858,.jpg,81314,1080,1080,3,1.0,1166400,RGB,52.48525805898491,57.98808589460806,109.88139807214901,109.88139807214901,6.463837623596191,466853c996ac7f2161c596edfaa1e583,ce708e33c338739c,data\raw\dataset_B\EALPR Vechicles dataset\Vehicles\0858.jpg
dataset_B,0859.jpg,0859,.jpg,81651,1080,1080,3,1.0,1166400,RGB,55.11506001371742,49.784100525883716,100.48962789885191,100.48962789885191,6.896261692047119,114fee2b2cd7c6895a980120f2cba20f,85387a97e3e0167a,data\raw\dataset_B\EALPR Vechicles dataset\Vehicles\0859.jpg
dataset_B,0860.jpg,0860,.jpg,79578,1080,810,3,1.333333,874800,RGB,105.09547439414723,61.59697690537281,181.9970347293909,181.9970347293909,7.631864070892334,d6b341007a33542a790d3ed815add1d1,94756b793f0e12e0,data\raw\dataset_B\EALPR Vechicles dataset\Vehicles\0860.jpg
dataset_B,0861.jpg,0861,.jpg,105693,1080,1080,3,1.0,1166400,RGB,88.21112225651578,72.70533335699608,317.2039728008348,317.2039728008348,7.393128871917725,72515ec7dff6a2189a89c20ab5bb75c2,c53a17c0ff023ba5,data\raw\dataset_B\EALPR Vechicles dataset\Vehicles\0861.jpg
dataset_B,0862.jpg,0862,.jpg,52148,1080,840,3,1.285714,907200,RGB,119.16651124338624,56.36772898376456,21.7741368951375,21.7741368951375,7.545807361602783,163118d4a4582defb778d03186577b09,81eb7ec48e9b903c,data\raw\dataset_B\EALPR Vechicles dataset\Vehicles\0862.jpg
dataset_B,0863.jpg,0863,.jpg,156622,810,810,3,1.0,656100,RGB,119.16738149672307,60.99393259196935,885.9212799642137,885.9212799642137,7.726266860961914,1966c367b0de6725c5bfda9e30321604,f861c549dac2d8b5,data\raw\dataset_B\EALPR Vechicles dataset\Vehicles\0863.jpg
dataset_B,0864.jpg,0864,.jpg,72325,640,640,3,1.0,409600,RGB,124.090478515625,69.21195125446695,1833.2120713231802,1833.2120713231802,7.6066083908081055,c2c74078c45b956a052123ab640ea347,ed84d25b8da8bc62,data\raw\dataset_B\EALPR Vechicles dataset\Vehicles\0864.jpg
dataset_B,0865.jpg,0865,.jpg,123457,765,956,3,0.800209,731340,RGB,120.03667377690267,47.44962104461574,334.2980897229258,334.2980897229258,7.565945625305176,2c9f397212e1f54313e9109a1a170b2d,efc7d42aaa258546,data\raw\dataset_B\EALPR Vechicles dataset\Vehicles\0865.jpg
dataset_B,0866.jpg,0866,.jpg,132373,1080,1080,3,1.0,1166400,RGB,99.67355452674897,67.23799720949413,142.2008649868912,142.2008649868912,7.732870578765869,ee1635c95b0f9c7c8b679314ac751121,e2edc06a902f8fb8,data\raw\dataset_B\EALPR Vechicles dataset\Vehicles\0866.jpg
dataset_B,0867.jpg,0867,.jpg,76481,1080,608,3,1.776316,656640,RGB,127.62393244395712,54.12710912888217,672.8021493947331,672.8021493947331,7.539860725402832,92fdfce601e99ebf320a146cb4e8c6c4,a387c5642377658d,data\raw\dataset_B\EALPR Vechicles dataset\Vehicles\0867.jpg
dataset_B,0868.jpg,0868,.jpg,104840,1080,880,3,1.227273,950400,RGB,110.83467487373737,74.62582048605633,217.5953127900781,217.5953127900781,7.852214336395264,b85af960e8dc0b7d0ea5011ae3254931,af84a695c83c20ff,data\raw\dataset_B\EALPR Vechicles dataset\Vehicles\0868.jpg
dataset_B,0869.jpg,0869,.jpg,76582,750,750,3,1.0,562500,RGB,110.24040177777778,70.95041986475655,945.8818133020161,945.8818133020161,7.490555763244629,49141ce7cefcb7cf4f2560d94c8e779f,96d673f1de2e0601,data\raw\dataset_B\EALPR Vechicles dataset\Vehicles\0869.jpg
dataset_B,0870.jpg,0870,.jpg,53953,572,572,3,1.0,327184,RGB,96.00832559049343,68.7117877418911,660.2034877728407,660.2034877728407,7.223968029022217,b964c6b65624d659d9faeba1864bf20b,bf95901a8a08fc7d,data\raw\dataset_B\EALPR Vechicles dataset\Vehicles\0870.jpg
dataset_B,0871.jpg,0871,.jpg,92849,1080,841,3,1.284185,908280,RGB,123.11424891002774,71.97975656506817,283.8642068862833,283.8642068862833,7.773455619812012,36adc0f42c20731d320e4ebeb5f2a5dd,ccd5335dacb3620c,data\raw\dataset_B\EALPR Vechicles dataset\Vehicles\0871.jpg
dataset_B,0872.jpg,0872,.jpg,237820,1080,1350,3,0.8,1458000,RGB,69.64221879286694,45.76578053732737,384.25811016972295,384.25811016972295,7.287609577178955,5684996f226878887d67cdd8bfd42bcc,c56ddc27da32624a,data\raw\dataset_B\EALPR Vechicles dataset\Vehicles\0872.jpg
dataset_B,0873.jpg,0873,.jpg,78266,1080,608,3,1.776316,656640,RGB,93.49300073099415,67.86522551209497,396.090335474029,396.090335474029,7.627477645874023,45c26d40280a1eb7aa092df84fb8429e,ea80e3decab294ac,data\raw\dataset_B\EALPR Vechicles dataset\Vehicles\0873.jpg
dataset_B,0874.jpg,0874,.jpg,118723,765,956,3,0.800209,731340,RGB,126.61010610659885,64.8551020141183,277.5174866948435,277.5174866948435,7.845675945281982,36f47022f3c48ac95d4d3d9b59280094,b8d0d0be96b43c36,data\raw\dataset_B\EALPR Vechicles dataset\Vehicles\0874.jpg
dataset_B,0875.jpg,0875,.jpg,110443,1080,920,3,1.173913,993600,RGB,82.39551831723027,71.85116153334397,346.7400754629539,346.7400754629539,7.576588153839111,d1a568e326b8eca759b20e4c26ee74b3,fb80d09dd196a8b9,data\raw\dataset_B\EALPR Vechicles dataset\Vehicles\0875.jpg
dataset_B,0876.jpg,0876,.jpg,70479,1080,830,3,1.301205,896400,RGB,108.41958277554663,85.07260799599639,42.684360687719646,42.684360687719646,7.246222496032715,c14d06d914680d7b9e9b32d11444ba05,857a7a857e95a01e,data\raw\dataset_B\EALPR Vechicles dataset\Vehicles\0876.jpg
dataset_B,0877.jpg,0877,.jpg,117564,1080,986,3,1.095335,1064880,RGB,85.47702745849297,71.80226276931513,179.6389235209332,179.6389235209332,7.641423225402832,acfc4ec5219e6935c8ee0e0ba396d17b,abb55142b39f2b21,data\raw\dataset_B\EALPR Vechicles dataset\Vehicles\0877.jpg
dataset_B,0878.jpg,0878,.jpg,94872,599,599,3,1.0,358801,RGB,82.08023946421554,47.152262039190795,1927.1416361960494,1927.1416361960494,7.321127891540527,a1c0c58acda292a6727b7e26d59eeb10,fae18170f027bb98,data\raw\dataset_B\EALPR Vechicles dataset\Vehicles\0878.jpg
dataset_B,0879.jpg,0879,.jpg,95970,1080,1080,3,1.0,1166400,RGB,105.01411522633745,64.3226969368261,91.40508461224927,91.40508461224927,7.485401153564453,79abf9276190774814c11160d3a70c4f,bffda0c8c9829585,data\raw\dataset_B\EALPR Vechicles dataset\Vehicles\0879.jpg
dataset_B,0880.jpg,0880,.jpg,113399,1080,1080,3,1.0,1166400,RGB,97.83403635116598,56.14338874792105,299.9476484175542,299.9476484175542,7.488970756530762,b58aab4089c7d97cfcb92edceb4eb73c,bdfdb04a6af08d80,data\raw\dataset_B\EALPR Vechicles dataset\Vehicles\0880.jpg
dataset_B,0881.jpg,0881,.jpg,87189,1080,1080,3,1.0,1166400,RGB,100.90031978737997,102.5790787641588,140.05630708256464,140.05630708256464,6.022720813751221,1d8b774d92dffd27732205e5befcded0,eb93979794303c0d,data\raw\dataset_B\EALPR Vechicles dataset\Vehicles\0881.jpg
dataset_B,0882.jpg,0882,.jpg,87512,780,780,3,1.0,608400,RGB,69.52089414858645,68.15579221519793,346.7856391404595,346.7856391404595,6.627878189086914,a0d3f2988b21046befac7aa672ca5548,e8e932d2c30de726,data\raw\dataset_B\EALPR Vechicles dataset\Vehicles\0882.jpg
dataset_B,0883.jpg,0883,.jpg,124907,1080,1080,3,1.0,1166400,RGB,134.1069050068587,76.89953727861558,587.7237607590546,587.7237607590546,7.099445819854736,e1c12e92f8b631fe631cc3e4c5faeeb1,bf8d85c033e03e39,data\raw\dataset_B\EALPR Vechicles dataset\Vehicles\0883.jpg
dataset_B,0884.jpg,0884,.jpg,149581,1080,1080,3,1.0,1166400,RGB,122.92182184499315,85.16937248651492,474.50422053255835,474.50422053255835,7.770110607147217,b243485663f62af18958944d13c0abbe,ebd0d47ad07fc600,data\raw\dataset_B\EALPR Vechicles dataset\Vehicles\0884.jpg
dataset_B,0885.jpg,0885,.jpg,90576,1080,1080,3,1.0,1166400,RGB,85.8812122770919,50.35761718561244,140.4115464508988,140.4115464508988,6.949068069458008,bd2b9ac7dc2e9d66b44ff4316a88648d,d899e36687d89d03,data\raw\dataset_B\EALPR Vechicles dataset\Vehicles\0885.jpg
dataset_B,0886.jpg,0886,.jpg,142677,1080,1080,3,1.0,1166400,RGB,113.40045438957476,72.52915753825607,275.50555947601663,275.50555947601663,7.878988742828369,7eeb7995b11f2271e4228a77eaae1861,a0b0ba7e85d1d58d,data\raw\dataset_B\EALPR Vechicles dataset\Vehicles\0886.jpg
dataset_B,0887.jpg,0887,.jpg,274548,1080,1080,3,1.0,1166400,RGB,99.48210476680384,72.93669254970263,412.076610572357,412.076610572357,7.557882785797119,c939a00fc7cde09f9314a37e15413110,a1a1e06263a56f9f,data\raw\dataset_B\EALPR Vechicles dataset\Vehicles\0887.jpg
dataset_B,0888.jpg,0888,.jpg,50695,1080,1080,3,1.0,1166400,RGB,147.4895387517147,109.8318839880138,160.82718105160956,160.82718105160956,4.760393142700195,cc33cfe55a7c988c9bd17b0ccf32b7d0,b9693c92d3693c86,data\raw\dataset_B\EALPR Vechicles dataset\Vehicles\0888.jpg
dataset_B,0889.jpg,0889,.jpg,68550,1080,1080,3,1.0,1166400,RGB,121.6224451303155,109.76646591324267,127.22995283973125,127.22995283973125,5.87271785736084,65b75eadeaf3a1abb2c27d8b38894cf6,be6a2b946e38c51c,data\raw\dataset_B\EALPR Vechicles dataset\Vehicles\0889.jpg
dataset_B,0890.jpg,0890,.jpg,61818,1080,1080,3,1.0,1166400,RGB,112.18588820301784,79.61624070104965,171.05428647706114,171.05428647706114,6.92083740234375,d7076bdc435a9fe841f9a54682b5091d,bfbfefd5d0428000,data\raw\dataset_B\EALPR Vechicles dataset\Vehicles\0890.jpg
dataset_B,0891.jpg,0891,.jpg,74256,844,1055,3,0.8,890420,RGB,41.87028480941578,42.94879973755837,142.86209533618492,142.86209533618492,6.5217132568359375,a349a1e02e0a28173dc710d4f6dd6039,9ad6777790989826,data\raw\dataset_B\EALPR Vechicles dataset\Vehicles\0891.jpg
dataset_B,0892.jpg,0892,.jpg,54996,575,575,3,1.0,330625,RGB,114.30174669187146,61.04151388493691,367.4603944332023,367.4603944332023,7.310413360595703,abe4213725c96909974c3e047bd66066,bbf0688697426ba9,data\raw\dataset_B\EALPR Vechicles dataset\Vehicles\0892.jpg
dataset_B,0893.jpg,0893,.jpg,96587,1080,1080,3,1.0,1166400,RGB,76.61762860082304,57.18118454690464,41.29527495421573,41.29527495421573,7.470340728759766,92c15ee9687b1f0e0aab82306d24cf7e,fb12886fc32c0ee6,data\raw\dataset_B\EALPR Vechicles dataset\Vehicles\0893.jpg
dataset_B,0894.jpg,0894,.jpg,41780,1080,616,3,1.753247,665280,RGB,135.7475589225589,50.9384607714832,12.38873969024176,12.38873969024176,7.522195339202881,8a37c77b29e9f25ebec31da5ee0401c3,cbce1207e5d94a78,data\raw\dataset_B\EALPR Vechicles dataset\Vehicles\0894.jpg
dataset_B,0895.jpg,0895,.jpg,66065,1080,608,3,1.776316,656640,RGB,77.02891995614036,53.81818820657094,247.19261845235448,247.19261845235448,7.231300354003906,307a8a57edf7490b5c65dd194f756039,b492937d94b0dec8,data\raw\dataset_B\EALPR Vechicles dataset\Vehicles\0895.jpg
dataset_B,0896.jpg,0896,.jpg,146622,1080,1080,3,1.0,1166400,RGB,97.56290637860083,71.97162168598045,1075.6581348460006,1075.6581348460006,7.4525370597839355,93c5f8a74fdb3603145fcb7f8fde959d,ff81a07f71608d16,data\raw\dataset_B\EALPR Vechicles dataset\Vehicles\0896.jpg
dataset_B,0897.jpg,0897,.jpg,104868,679,720,3,0.943056,488880,RGB,94.280676239568,57.52351054801454,959.6453605995406,959.6453605995406,7.521681785583496,be11d8891d3c50566c7b8ce9d78fc3a2,fbfa6069c0e53314,data\raw\dataset_B\EALPR Vechicles dataset\Vehicles\0897.jpg
dataset_B,0898.jpg,0898,.jpg,70747,1080,1080,3,1.0,1166400,RGB,94.5323268175583,46.77358926994594,36.28564371589976,36.28564371589976,7.150222301483154,2edaf15e98133fb4450ed302ef76fd6c,ece07242d69f0727,data\raw\dataset_B\EALPR Vechicles dataset\Vehicles\0898.jpg
dataset_B,0899.jpg,0899,.jpg,44296,1080,606,3,1.782178,654480,RGB,40.58304761031659,44.30148960229452,39.81120983122403,39.81120983122403,6.217446327209473,2a76a3dd31a1c919e2842879e960473d,e9e5f49c36141b16,data\raw\dataset_B\EALPR Vechicles dataset\Vehicles\0899.jpg
dataset_B,0900.jpg,0900,.jpg,87009,1080,1080,3,1.0,1166400,RGB,96.7360013717421,59.392813329828236,28.601355331162704,28.601355331162704,7.340206623077393,17203c52f04707d330f6d3cfaa8cc3de,bbe9e69581c1c05e,data\raw\dataset_B\EALPR Vechicles dataset\Vehicles\0900.jpg
dataset_B,0901.jpg,0901,.jpg,237742,1080,1350,3,0.8,1458000,RGB,91.03196570644718,55.09024330008918,464.09641853089806,464.09641853089806,7.613012790679932,6c9c7413d0914bd766a5720245d7eaed,fa002517cd4b9b2f,data\raw\dataset_B\EALPR Vechicles dataset\Vehicles\0901.jpg
dataset_B,0902.jpg,0902,.jpg,35480,1080,608,3,1.776316,656640,RGB,32.21176596003899,32.602155602275914,54.07471628745668,54.07471628745668,6.234786033630371,f63d5ddcdd0610d1263e6a9e140c9287,fcf4a03dbf4cc0c0,data\raw\dataset_B\EALPR Vechicles dataset\Vehicles\0902.jpg
dataset_B,0903.jpg,0903,.jpg,160433,1080,882,3,1.22449,952560,RGB,95.99889350802049,75.37739576185011,1078.041421236131,1078.041421236131,7.287639617919922,e9f7963110eabdfe8f06cdfe463a5992,e2f45ad0f4aa0787,data\raw\dataset_B\EALPR Vechicles dataset\Vehicles\0903.jpg
dataset_B,0904.jpg,0904,.jpg,81216,844,1055,3,0.8,890420,RGB,98.34197345073112,51.49900314523139,111.41416122604262,111.41416122604262,7.212712287902832,fffa9f4e858bf733fbb186e8da64097b,ffe0e067f7901061,data\raw\dataset_B\EALPR Vechicles dataset\Vehicles\0904.jpg
dataset_B,0905.jpg,0905,.jpg,133813,937,1170,3,0.800855,1096290,RGB,56.50005016920705,61.06956736552181,459.6895027164432,459.6895027164432,6.843234062194824,e7d8f0ecbcdf1698c5b5199627c8909f,c46a3a847b779529,data\raw\dataset_B\EALPR Vechicles dataset\Vehicles\0905.jpg
dataset_B,0906.jpg,0906,.jpg,41756,1080,608,3,1.776316,656640,RGB,112.40608095760234,40.515612588531866,23.782365136267057,23.782365136267057,7.005629062652588,6785f8ab2d9d535e459acb603872d81e,e8f0f8fa5088d276,data\raw\dataset_B\EALPR Vechicles dataset\Vehicles\0906.jpg
dataset_B,0907.jpg,0907,.jpg,153687,1080,1350,3,0.8,1458000,RGB,65.30805692729767,53.85974597086531,126.1245297002447,126.1245297002447,7.064294815063477,8f3ae7d3d622cd0427bc23c6faec4666,ab6be663d1c14456,data\raw\dataset_B\EALPR Vechicles dataset\Vehicles\0907.jpg
dataset_B,0908.jpg,0908,.jpg,92240,750,750,3,1.0,562500,RGB,112.77388977777778,61.026610687020664,668.810290553777,668.810290553777,7.5660505294799805,3e717a65e299665e73beaa8c1f10fae1,ae01b17fe068ceca,data\raw\dataset_B\EALPR Vechicles dataset\Vehicles\0908.jpg
dataset_B,0909.jpg,0909,.jpg,73603,1080,1080,3,1.0,1166400,RGB,108.9207141632373,58.32851900125311,26.84121706506461,26.84121706506461,7.390472888946533,45b6a58042ce9a8eb353d60ede05ab00,fed8f469c1c38194,data\raw\dataset_B\EALPR Vechicles dataset\Vehicles\0909.jpg
dataset_B,0910.jpg,0910,.jpg,73725,1080,608,3,1.776316,656640,RGB,99.27892757066277,52.657521650860204,317.4298418981348,317.4298418981348,7.53377103805542,1e9b7af987d52bed36f4a0fb3926e5ca,e15658da8589597e,data\raw\dataset_B\EALPR Vechicles dataset\Vehicles\0910.jpg
dataset_B,0911.jpg,0911,.jpg,93073,1080,1080,3,1.0,1166400,RGB,122.46571502057613,68.27859305573381,79.0501515525058,79.0501515525058,7.458828926086426,7c77bf390e77939fc4a74f36042ce001,a081ffd8d85e8837,data\raw\dataset_B\EALPR Vechicles dataset\Vehicles\0911.jpg
dataset_B,0912.jpg,0912,.jpg,137814,1080,810,3,1.333333,874800,RGB,106.5982475994513,72.85674490959705,1518.5716275655234,1518.5716275655234,7.652061939239502,bc601def6506c1bf62cc53d41804047b,ba92ad2c99b99835,data\raw\dataset_B\EALPR Vechicles dataset\Vehicles\0912.jpg
dataset_B,0913.jpg,0913,.jpg,167581,937,1171,3,0.800171,1097227,RGB,132.85830735116798,73.2515664702177,905.1048165895463,905.1048165895463,7.868358612060547,4a1a9198e4a264d21e7874e94cd91878,dd84ea7f81829734,data\raw\dataset_B\EALPR Vechicles dataset\Vehicles\0913.jpg
dataset_B,0914.jpg,0914,.jpg,178687,1080,1351,3,0.799408,1459080,RGB,44.65156742604929,41.176205461971215,46.43712473782948,46.43712473782948,6.723114013671875,305e39e4847089aab40d544565f999d9,fcece0d4c162cec8,data\raw\dataset_B\EALPR Vechicles dataset\Vehicles\0914.jpg
dataset_B,0915.jpg,0915,.jpg,177810,844,1055,3,0.8,890420,RGB,122.47992520383639,63.070111760723755,1087.549545959873,1087.549545959873,7.816344738006592,8c07d2e46304385e28a040d4df42141a,ea7ad0e526179435,data\raw\dataset_B\EALPR Vechicles dataset\Vehicles\0915.jpg
dataset_B,0916.jpg,0916,.jpg,96758,826,1032,3,0.800388,852432,RGB,124.19773072808154,50.909962107675945,129.5655716403523,129.5655716403523,7.278326988220215,f9d981ce0bfcb86bc40be3d94ff10cb8,d07f2a2a3bb9e0c4,data\raw\dataset_B\EALPR Vechicles dataset\Vehicles\0916.jpg
dataset_B,0917.jpg,0917,.jpg,95335,1080,810,3,1.333333,874800,RGB,132.1920987654321,49.4754699925744,230.22758133279638,230.22758133279638,7.376683235168457,6402ad572859816ec99aa5063e4f7237,aed5a8b7a898d560,data\raw\dataset_B\EALPR Vechicles dataset\Vehicles\0917.jpg
dataset_B,0918.jpg,0918,.jpg,60905,1080,761,3,1.419185,821880,RGB,59.96859882221249,70.54919689725132,98.43016757569504,98.43016757569504,6.737422466278076,c88a5858b65e9cf712ce21730a1f50cd,d23f35d03591698e,data\raw\dataset_B\EALPR Vechicles dataset\Vehicles\0918.jpg
dataset_B,0919.jpg,0919,.jpg,131328,1080,1040,3,1.038462,1123200,RGB,116.86144764957265,67.42967870823895,195.71364268014005,195.71364268014005,7.850730895996094,83295f0a702b4aeaee457a2acb78b1ec,fee8820f8729c971,data\raw\dataset_B\EALPR Vechicles dataset\Vehicles\0919.jpg
dataset_B,0920.jpg,0920,.jpg,71413,1080,1079,3,1.000927,1165320,RGB,92.66970016819414,65.70515936127117,22.7359034131663,22.7359034131663,7.411705493927002,bd809bb25c5f93abe8fede1ef1e976c5,a9a5a11aad35dc9a,data\raw\dataset_B\EALPR Vechicles dataset\Vehicles\0920.jpg
dataset_B,0921.jpg,0921,.jpg,72027,1080,1079,3,1.000927,1165320,RGB,97.31675248000549,54.44301161657899,28.71905004728694,28.71905004728694,7.500784873962402,335f8faf9472c1d1b0d9bc8a5425e6b1,cfc6d6ee2cc022d2,data\raw\dataset_B\EALPR Vechicles dataset\Vehicles\0921.jpg
dataset_B,0922.jpg,0922,.jpg,223930,1080,1080,3,1.0,1166400,RGB,112.11416237997257,71.44110037229042,1194.3850436454252,1194.3850436454252,7.755885601043701,13eb8b6be0c1e8cec94f02bd21a138fb,aa78970730bc3ea3,data\raw\dataset_B\EALPR Vechicles dataset\Vehicles\0922.jpg
dataset_B,0923.jpg,0923,.jpg,272156,1080,745,3,1.449664,804600,RGB,88.09378573204077,74.68913980581422,12822.964543703607,12822.964543703607,7.69785213470459,8d4b32f58687afd1bb11d1be08d231eb,991b7392925b6c96,data\raw\dataset_B\EALPR Vechicles dataset\Vehicles\0923.jpg
dataset_B,0924.jpg,0924,.jpg,105346,750,750,3,1.0,562500,RGB,70.32624,56.687083031088406,1063.8500734428444,1063.8500734428444,7.29686164855957,6821812d382073d1ae1833df3746590d,cd8dba1b903a3372,data\raw\dataset_B\EALPR Vechicles dataset\Vehicles\0924.jpg
dataset_B,0925.jpg,0925,.jpg,82305,640,640,3,1.0,409600,RGB,102.26920166015626,53.92932317526292,459.17151827659603,459.17151827659603,7.485513687133789,95d226d76ccf00ddec0d488536f803d8,e2e3b492830e39f9,data\raw\dataset_B\EALPR Vechicles dataset\Vehicles\0925.jpg
dataset_B,0926.jpg,0926,.jpg,48878,612,612,3,1.0,374544,RGB,97.36522811739074,84.60525445251942,234.2322193844745,234.2322193844745,7.0322136878967285,bb8668dee4d65c4be828b53dc4cc28d2,bf9180eeecece088,data\raw\dataset_B\EALPR Vechicles dataset\Vehicles\0926.jpg
dataset_B,0927.jpg,0927,.jpg,73964,750,750,3,1.0,562500,RGB,58.64461333333333,52.494668197885055,406.92438398785106,406.92438398785106,7.104682445526123,8f94303fcc95f0b15eb524220091eddb,cb333293bbd35212,data\raw\dataset_B\EALPR Vechicles dataset\Vehicles\0927.jpg
dataset_B,0928.jpg,0928,.jpg,82337,750,750,3,1.0,562500,RGB,71.44374044444444,63.491570696660794,596.6580288904248,596.6580288904248,6.843416213989258,3c288943e7fcd319e114c4669143c545,e8e8dfd4d0cc8e82,data\raw\dataset_B\EALPR Vechicles dataset\Vehicles\0928.jpg
dataset_B,0929.jpg,0929,.jpg,154375,844,1055,3,0.8,890420,RGB,114.32652231531188,61.217567081357686,813.7169153294783,813.7169153294783,7.694646835327148,a66b9c8dafc8975a4a76393e69d7a4c7,eb51c4e202c79f1b,data\raw\dataset_B\EALPR Vechicles dataset\Vehicles\0929.jpg
dataset_B,0930.jpg,0930,.jpg,77352,1080,1080,3,1.0,1166400,RGB,37.26742026748971,41.920628750412256,41.78012256672704,41.78012256672704,6.490975856781006,54efd5a192119ca9a20c063ed2f15c84,f0f070879f17950d,data\raw\dataset_B\EALPR Vechicles dataset\Vehicles\0930.jpg
dataset_B,0931.jpg,0931,.jpg,186747,1080,1080,3,1.0,1166400,RGB,117.75449502743484,62.27346854159844,614.1078162715492,614.1078162715492,7.772340774536133,41a40d81b28da441937cc6eb603ff5e9,aa87d2788687787a,data\raw\dataset_B\EALPR Vechicles dataset\Vehicles\0931.jpg
dataset_B,0932.jpg,0932,.jpg,63473,834,1042,3,0.800384,869028,RGB,87.55419273026877,50.2270131853894,21.067484463084273,21.067484463084273,7.186670303344727,d9ea662d486b0ea00ec1d9fbddbabd84,d879058fe97494a3,data\raw\dataset_B\EALPR Vechicles dataset\Vehicles\0932.jpg
dataset_B,0933.jpg,0933,.jpg,38282,1080,742,3,1.455526,801360,RGB,46.17196640710792,29.273877164265095,49.09977405087845,49.09977405087845,4.596322536468506,ffe8bd0133b19f23ee2e1f03b856b6c3,cc6333983367cc33,data\raw\dataset_B\EALPR Vechicles dataset\Vehicles\0933.jpg
dataset_B,0934.jpg,0934,.jpg,98453,1080,1080,3,1.0,1166400,RGB,108.40199159807956,63.20182104534491,59.43701103531998,59.43701103531998,7.392719745635986,03af52f37909ce38749f32b61fce80f5,a8fdd0d847052ce7,data\raw\dataset_B\EALPR Vechicles dataset\Vehicles\0934.jpg
dataset_B,0935.jpg,0935,.jpg,27697,1080,1080,3,1.0,1166400,RGB,43.452720336076815,20.87752450314948,11.211424896622464,11.211424896622464,5.44303035736084,7d20857d82ec7947f742d278aa5e494a,8cac333343cdccb5,data\raw\dataset_B\EALPR Vechicles dataset\Vehicles\0935.jpg
dataset_B,0936.jpg,0936,.jpg,56158,612,612,3,1.0,374544,RGB,110.92532786535094,75.56037636233782,197.7813367721745,197.7813367721745,7.468207836151123,590a0ba54bcdf762c4b76c42cad72468,f8f07078f97022f2,data\raw\dataset_B\EALPR Vechicles dataset\Vehicles\0936.jpg
dataset_B,0937.jpg,0937,.jpg,84425,1080,1068,3,1.011236,1153440,RGB,120.21457726453045,60.25232550957854,79.61810474670979,79.61810474670979,6.345785140991211,7ae068bf4ac66d1b6b8173368138cdec,afd4d8c2c3492d27,data\raw\dataset_B\EALPR Vechicles dataset\Vehicles\0937.jpg
dataset_B,0938.jpg,0938,.jpg,86145,750,750,3,1.0,562500,RGB,92.46630933333333,69.99616998446798,561.9950852522161,561.9950852522161,7.499450206756592,1a06b05b3f4a86291361112a67accc71,ead1d702b9aea322,data\raw\dataset_B\EALPR Vechicles dataset\Vehicles\0938.jpg
dataset_B,0939.jpg,0939,.jpg,59615,900,1125,3,0.8,1012500,RGB,89.98607308641975,64.70220227607722,247.71068256517577,247.71068256517577,6.862358093261719,2627d278fc867c7b86460adbdae94499,abf0e07b6bc8c1c1,data\raw\dataset_B\EALPR Vechicles dataset\Vehicles\0939.jpg
dataset_B,0940.jpg,0940,.jpg,67134,612,612,3,1.0,374544,RGB,132.47957783331196,70.36484903612353,330.3968084914154,330.3968084914154,7.575224876403809,17cdd5adfc2f8d989893ddb1027f3748,c2cbff5d91711940,data\raw\dataset_B\EALPR Vechicles dataset\Vehicles\0940.jpg
dataset_B,0941.jpg,0941,.jpg,95624,640,640,3,1.0,409600,RGB,78.66553466796876,57.124873372673775,1516.0158500663697,1516.0158500663697,7.185667037963867,787beb5721409739757fd7089ffbcba2,8ac0f4f5cada6465,data\raw\dataset_B\EALPR Vechicles dataset\Vehicles\0941.jpg
dataset_B,0942.jpg,0942,.jpg,99474,640,640,3,1.0,409600,RGB,78.94614990234375,66.94079497806916,2172.079082467407,2172.079082467407,7.45762300491333,f7b7cffd225bd6e5b5d3edab650f9440,bbb58413faaad890,data\raw\dataset_B\EALPR Vechicles dataset\Vehicles\0942.jpg
dataset_B,0943.jpg,0943,.jpg,104377,1080,1060,3,1.018868,1144800,RGB,87.18528738644305,61.82205165856963,62.9016771330248,62.9016771330248,7.356212139129639,3cf3dc16fa2c6ca2278e8b75c402cc91,db836970c078cf1e,data\raw\dataset_B\EALPR Vechicles dataset\Vehicles\0943.jpg
dataset_B,0944.jpg,0944,.jpg,189025,944,1181,3,0.799323,1114864,RGB,111.90959525107995,66.23594323447944,550.1682948614874,550.1682948614874,7.593392372131348,b28cc8ca504f2b6a879b5c7941a0db1e,f8fa5ad200e7a43c,data\raw\dataset_B\EALPR Vechicles dataset\Vehicles\0944.jpg
dataset_B,0945.jpg,0945,.jpg,50065,1080,823,3,1.312272,888840,RGB,103.9141229017596,56.03397226894832,14.1556151127384,14.1556151127384,7.541847229003906,92b99a46db954169b4df5d66347f15fe,eaa11fd2c2c2c31f,data\raw\dataset_B\EALPR Vechicles dataset\Vehicles\0945.jpg
dataset_B,0946.jpg,0946,.jpg,53076,900,1125,3,0.8,1012500,RGB,71.10675061728395,77.56018863499386,248.91004822462529,248.91004822462529,6.297006607055664,cb3a32353525a0723a4996b02640b152,dbdbf97dd4808024,data\raw\dataset_B\EALPR Vechicles dataset\Vehicles\0946.jpg
dataset_B,0947.jpg,0947,.jpg,92034,1080,1080,3,1.0,1166400,RGB,84.68897976680384,67.80939703378378,229.7274443188396,229.7274443188396,7.500126838684082,ac17b70ac90187fd6a98d46511c97ff0,a980a69f8557c67a,data\raw\dataset_B\EALPR Vechicles dataset\Vehicles\0947.jpg
dataset_B,0948.jpg,0948,.jpg,63097,1080,608,3,1.776316,656640,RGB,106.77529087475634,29.26902835932538,160.45100966385078,160.45100966385078,6.426635265350342,106ff2d0fd6d916784cde34633fff814,8f397a0e3185c67a,data\raw\dataset_B\EALPR Vechicles dataset\Vehicles\0948.jpg
dataset_B,0949.jpg,0949,.jpg,97377,750,570,3,1.315789,427500,RGB,95.84570994152047,67.81629116808313,652.5799062724476,652.5799062724476,7.660111427307129,ecba4b5e9991a9c7be97495093476e8f,fb83a0fe94649591,data\raw\dataset_B\EALPR Vechicles dataset\Vehicles\0949.jpg
dataset_B,0950.jpg,0950,.jpg,65784,1080,608,3,1.776316,656640,RGB,142.63951632553605,58.41833367752667,231.59720823886568,231.59720823886568,7.466527462005615,641deae8ef35436672f5f87db861bee6,c638929665567d95,data\raw\dataset_B\EALPR Vechicles dataset\Vehicles\0950.jpg
dataset_B,0951.jpg,0951,.jpg,99218,1080,1080,3,1.0,1166400,RGB,115.38611882716049,55.64725929106117,104.97329646730466,104.97329646730466,7.561454772949219,db1bfe67fc43dad98fa9f19cff7cedf4,fc8d85517a9ad232,data\raw\dataset_B\EALPR Vechicles dataset\Vehicles\0951.jpg
dataset_B,0952.jpg,0952,.jpg,97648,1080,974,3,1.10883,1051920,RGB,50.874933455015594,34.01082131978972,265.3346714586864,265.3346714586864,6.1567840576171875,333e2770760d9fc6eacbbc9ad3e7a041,9b7f24c29be624d0,data\raw\dataset_B\EALPR Vechicles dataset\Vehicles\0952.jpg
dataset_B,0953.jpg,0953,.jpg,64036,618,772,3,0.800518,477096,RGB,89.30813085835975,36.18511350283454,124.50203740826983,124.50203740826983,7.094000816345215,49a744830671673a326afa80bb7ad591,db4b857c3a94dc90,data\raw\dataset_B\EALPR Vechicles dataset\Vehicles\0953.jpg
dataset_B,0954.jpg,0954,.jpg,27417,1080,608,3,1.776316,656640,RGB,115.77951541179337,56.65724586106768,14.75685125894096,14.75685125894096,7.13817024230957,1b59de3bea896c40056178ae26bedc79,e1a7d48d9ed8c298,data\raw\dataset_B\EALPR Vechicles dataset\Vehicles\0954.jpg
dataset_B,0955.jpg,0955,.jpg,105040,1080,1080,3,1.0,1166400,RGB,115.52296210562415,37.36576549793282,70.77946062035738,70.77946062035738,7.175237655639648,b25f856c874085a750b102ecfe391405,9f9979f4a68404dc,data\raw\dataset_B\EALPR Vechicles dataset\Vehicles\0955.jpg
dataset_B,0956.jpg,0956,.jpg,142684,1080,810,3,1.333333,874800,RGB,133.67223479652492,69.83191488529158,2674.906616100155,2674.906616100155,7.773590564727783,7d316dcc423e405006d01fc34df46e9c,ac4aeae1d378823e,data\raw\dataset_B\EALPR Vechicles dataset\Vehicles\0956.jpg
dataset_B,0957.jpg,0957,.jpg,81677,1080,1014,3,1.065089,1095120,RGB,132.62053017020966,69.22020113374526,48.16119278417559,48.16119278417559,7.58839750289917,a7e48be4da3cae03d5ec5972250d487b,e0e03fa186bc8f8d,data\raw\dataset_B\EALPR Vechicles dataset\Vehicles\0957.jpg
dataset_B,0958.jpg,0958,.jpg,73432,1080,608,3,1.776316,656640,RGB,103.48966404727095,55.60803314415336,480.5667553931984,480.5667553931984,7.361091613769531,b906693ded59c4175a5da050454a3c1c,e4a43b7ac6e23a83,data\raw\dataset_B\EALPR Vechicles dataset\Vehicles\0958.jpg
dataset_B,0959.jpg,0959,.jpg,116393,1080,975,3,1.107692,1053000,RGB,85.95400474833808,73.00982614344903,164.30055460195942,164.30055460195942,7.564187049865723,b58a5ef85f160d72b6353293543fa69b,bbf860d5d5d6c202,data\raw\dataset_B\EALPR Vechicles dataset\Vehicles\0959.jpg
dataset_B,0960.jpg,0960,.jpg,71969,1080,1080,3,1.0,1166400,RGB,115.37893947187929,43.49925018321771,18.001176082998864,18.001176082998864,7.096055507659912,481d75f7fa63d191ca6cdb49cdcdfabb,aab49132cf4efa30,data\raw\dataset_B\EALPR Vechicles dataset\Vehicles\0960.jpg
dataset_B,0961.jpg,0961,.jpg,114320,1080,810,3,1.333333,874800,RGB,108.3416803840878,67.56649505530002,1055.9801905982965,1055.9801905982965,7.874001502990723,9031db4c4936c85cbbc3aa148d5c754e,a161e72adb87d492,data\raw\dataset_B\EALPR Vechicles dataset\Vehicles\0961.jpg
dataset_B,0962.jpg,0962,.jpg,143911,900,1125,3,0.8,1012500,RGB,136.5169550617284,60.69038344660752,780.879397757058,780.879397757058,7.167605876922607,abe96f0ebb13c8be961534077e38b4e2,ff7be02195950705,data\raw\dataset_B\EALPR Vechicles dataset\Vehicles\0962.jpg
dataset_B,0963.jpg,0963,.jpg,49238,1080,810,3,1.333333,874800,RGB,91.04185185185185,56.39624197147183,51.056380875513725,51.056380875513725,6.7632927894592285,527e67d751b025115ff3683e786c9d86,de2fe12e8e582370,data\raw\dataset_B\EALPR Vechicles dataset\Vehicles\0963.jpg
dataset_B,0964.jpg,0964,.jpg,80492,1080,1080,3,1.0,1166400,RGB,60.56712019890261,60.07125696421079,117.81322647540998,117.81322647540998,6.93106746673584,46b19fd00a80200ca98dc064c8650cf7,ceec6fc4c6732112,data\raw\dataset_B\EALPR Vechicles dataset\Vehicles\0964.jpg
dataset_B,0965.jpg,0965,.jpg,53969,1080,565,3,1.911504,610200,RGB,107.14926253687315,60.00388724936616,63.66948572785267,63.66948572785267,7.651586055755615,23449aeabeb9ea0c23f5b91034aaa387,ea61628a71887ff2,data\raw\dataset_B\EALPR Vechicles dataset\Vehicles\0965.jpg
dataset_B,0966.jpg,0966,.jpg,76980,1080,1080,3,1.0,1166400,RGB,25.265812757201648,31.720877659953743,77.14750812389981,77.14750812389981,5.584904670715332,bd9e022622f5f81147e9f906d7095ddb,cc735e8d318e19a5,data\raw\dataset_B\EALPR Vechicles dataset\Vehicles\0966.jpg
dataset_B,0967.jpg,0967,.jpg,75629,844,1055,3,0.8,890420,RGB,95.56788257226927,47.46156663674474,141.85165838269356,141.85165838269356,7.292929649353027,df8c4c9ad48766770fcd4e1986f82bb3,ff94e07a919ae620,data\raw\dataset_B\EALPR Vechicles dataset\Vehicles\0967.jpg
dataset_B,0968.jpg,0968,.jpg,139647,1080,1080,3,1.0,1166400,RGB,96.18845164609054,56.950573416355596,520.9744855204971,520.9744855204971,7.180123329162598,dfa3006772a45955f60a64fa6b19d3c5,d1cb2f94643ed42c,data\raw\dataset_B\EALPR Vechicles dataset\Vehicles\0968.jpg
dataset_B,0969.jpg,0969,.jpg,67206,1080,810,3,1.333333,874800,RGB,101.70491312299954,65.30189143695563,178.90980838945302,178.90980838945302,7.6724162101745605,68f86feac001943a4e579eedd9a6099b,eee4b430327bc3c2,data\raw\dataset_B\EALPR Vechicles dataset\Vehicles\0969.jpg
dataset_B,0970.jpg,0970,.jpg,102824,1080,975,3,1.107692,1053000,RGB,92.5820113960114,52.531685185180685,135.9382557855131,135.9382557855131,7.214681148529053,04a6d95ab3f336d75d051df0da3a4107,b81f0ea51517e0fc,data\raw\dataset_B\EALPR Vechicles dataset\Vehicles\0970.jpg
dataset_B,0971.jpg,0971,.jpg,98412,1080,1080,3,1.0,1166400,RGB,58.04075188614541,56.05030501554743,251.76252422299038,251.76252422299038,7.031473636627197,83a2a1c474b7532e16b9b57faaf5c909,f8fa72c0a070def0,data\raw\dataset_B\EALPR Vechicles dataset\Vehicles\0971.jpg
dataset_B,0972.jpg,0972,.jpg,89781,900,1125,3,0.8,1012500,RGB,56.30903703703704,60.63614271838258,304.7576316842189,304.7576316842189,6.832310199737549,943dcd5123f4754f233ad14a1fc3bc9a,c46a3a847b739729,data\raw\dataset_B\EALPR Vechicles dataset\Vehicles\0972.jpg
dataset_B,0973.jpg,0973,.jpg,93912,1080,1080,3,1.0,1166400,RGB,55.517940672153635,30.373517996518288,94.40013374301839,94.40013374301839,6.626023292541504,390fbfe6007a94ea551d52999382062c,b47edb006d72c41d,data\raw\dataset_B\EALPR Vechicles dataset\Vehicles\0973.jpg
dataset_B,0974.jpg,0974,.jpg,126472,1080,1080,3,1.0,1166400,RGB,59.69383058984911,51.207805508509765,156.93300323273112,156.93300323273112,7.0081281661987305,9435c230a462cc9e3eed5e9d3bc92d71,9bf0ee9a93812e26,data\raw\dataset_B\EALPR Vechicles dataset\Vehicles\0974.jpg
dataset_B,0975.jpg,0975,.jpg,84378,1080,716,3,1.50838,773280,RGB,100.6717191702876,47.029191058492046,87.68639155027391,87.68639155027391,7.248300552368164,4692b8d5c6721c33555ae4fc093a2c99,efc0c3c5c0c3cf83,data\raw\dataset_B\EALPR Vechicles dataset\Vehicles\0975.jpg
dataset_B,0976.jpg,0976,.jpg,99465,1080,635,3,1.700787,685800,RGB,108.1326334208224,70.55982685244993,573.7507358865627,573.7507358865627,7.8756914138793945,f6d033c6d930b3772693dd681c0dc241,cdcbf9b017c031cc,data\raw\dataset_B\EALPR Vechicles dataset\Vehicles\0976.jpg
dataset_B,0977.jpg,0977,.jpg,122243,1080,896,3,1.205357,967680,RGB,107.04256159060847,80.73067051247997,700.2845286129765,700.2845286129765,7.534150123596191,5f3362b358f309eb4606004c4ae9f3ce,ab870f1dae98d432,data\raw\dataset_B\EALPR Vechicles dataset\Vehicles\0977.jpg
dataset_B,0978.jpg,0978,.jpg,57055,1080,933,3,1.157556,1007640,RGB,88.78233793815251,59.28727706459655,46.52403538516289,46.52403538516289,6.308560371398926,73143d52345c9062b62e222025ebe1fa,fae8e1a0978696d4,data\raw\dataset_B\EALPR Vechicles dataset\Vehicles\0978.jpg
dataset_B,0979.jpg,0979,.jpg,116237,900,1125,3,0.8,1012500,RGB,71.25982716049383,47.25174870858759,628.4426567429111,628.4426567429111,7.033686637878418,de7b53db55e52462465f108231a383b6,ef05101f3db86347,data\raw\dataset_B\EALPR Vechicles dataset\Vehicles\0979.jpg
dataset_B,0980.jpg,0980,.jpg,79610,844,1055,3,0.8,890420,RGB,105.3604456323982,72.6463915019911,241.81078356609999,241.81078356609999,7.207141876220703,f425a3fe829d209e363ee621f7b717b0,a9a496d28b4d743d,data\raw\dataset_B\EALPR Vechicles dataset\Vehicles\0980.jpg
dataset_B,0981.jpg,0981,.jpg,100819,1080,1080,3,1.0,1166400,RGB,54.831102537722906,42.50748946417677,166.62099018002985,166.62099018002985,6.725512504577637,491f82ba92dff6a5d48bcea91fe1f5f3,bb7eee7498982460,data\raw\dataset_B\EALPR Vechicles dataset\Vehicles\0981.jpg
dataset_B,0982.jpg,0982,.jpg,75405,825,825,3,1.0,680625,RGB,113.10501818181818,69.13905288613235,77.9293853097331,77.9293853097331,7.170021057128906,648ae3866332ff5fd0774ce3ce309396,d55e2a21e50e5ad6,data\raw\dataset_B\EALPR Vechicles dataset\Vehicles\0982.jpg
dataset_B,0983.jpg,0983,.jpg,81208,844,1055,3,0.8,890420,RGB,59.570290424743376,45.18728243648706,67.78032604491266,67.78032604491266,6.554561614990234,cc8b33f9a6853f68b13bd53814001475,93d377141c1eba83,data\raw\dataset_B\EALPR Vechicles dataset\Vehicles\0983.jpg
dataset_B,0984.jpg,0984,.jpg,45089,1080,608,3,1.776316,656640,RGB,124.62492233187135,46.89562227893499,58.71730778939509,58.71730778939509,7.248465538024902,9577556b6698d4a46768382ba83fa7e7,d9da92d8f9c270a4,data\raw\dataset_B\EALPR Vechicles dataset\Vehicles\0984.jpg
dataset_B,0985.jpg,0985,.jpg,40973,1080,644,3,1.677019,695520,RGB,58.634880377271685,37.916681352844655,137.3027666917408,137.3027666917408,6.312137603759766,2f77d433e3abe6c421a6fc1af7f0d519,c00d3fe2753ed4c2,data\raw\dataset_B\EALPR Vechicles dataset\Vehicles\0985.jpg
dataset_B,0986.jpg,0986,.jpg,112929,1080,1080,3,1.0,1166400,RGB,130.07644633058985,75.85964852570017,259.9737736244475,259.9737736244475,6.885983943939209,8bed27dcc50b21623ff7889ba7883e23,e0cf9f30b6274d0c,data\raw\dataset_B\EALPR Vechicles dataset\Vehicles\0986.jpg
dataset_B,0987.jpg,0987,.jpg,87685,1080,1080,3,1.0,1166400,RGB,93.04940586419752,48.74633611401674,29.028785102343644,29.028785102343644,7.4143853187561035,30ff944dfdce9ce05aa277d397cad190,85a4309587677f59,data\raw\dataset_B\EALPR Vechicles dataset\Vehicles\0987.jpg
dataset_B,0988.jpg,0988,.jpg,119747,825,825,3,1.0,680625,RGB,119.40132672176308,71.2232161920619,410.8984780840411,410.8984780840411,7.738589763641357,c1c82f2d05249e219c2c5ef7e9ae006e,ad05c57fcec88187,data\raw\dataset_B\EALPR Vechicles dataset\Vehicles\0988.jpg
dataset_B,0989.jpg,0989,.jpg,204095,1080,1080,3,1.0,1166400,RGB,141.58607167352537,64.16758376048443,1073.2122236628622,1073.2122236628622,7.698459625244141,798ccb293ec45f7240d5d3de8ed06e3c,c76b12b323e2dad0,data\raw\dataset_B\EALPR Vechicles dataset\Vehicles\0989.jpg
dataset_B,0990.jpg,0990,.jpg,82625,1080,1080,3,1.0,1166400,RGB,111.60957390260631,65.85486913790272,95.45683379843008,95.45683379843008,7.133606910705566,431a7f91bad619977b8b268db5064314,adb1d2d25fcd88c0,data\raw\dataset_B\EALPR Vechicles dataset\Vehicles\0990.jpg
dataset_B,0991.jpg,0991,.jpg,73071,1080,770,3,1.402597,831600,RGB,80.74824555074555,71.02795403824058,121.94400754138738,121.94400754138738,7.344453811645508,199871a22e8336a07cc7b49b38f55611,f8d2d283871f3e60,data\raw\dataset_B\EALPR Vechicles dataset\Vehicles\0991.jpg
dataset_B,0992.jpg,0992,.jpg,186348,1080,1080,3,1.0,1166400,RGB,111.491951303155,65.2220159551944,2116.209370979845,2116.209370979845,7.715193748474121,262ca0c166e9f500f1ac9bf89d1d545f,dd2e806b36da2d70,data\raw\dataset_B\EALPR Vechicles dataset\Vehicles\0992.jpg
dataset_B,0993.jpg,0993,.jpg,55903,1080,1080,3,1.0,1166400,RGB,65.9286531207133,63.22554895606408,23.5828609270295,23.5828609270295,6.160473823547363,5421e71e4e81b2b171e85fb32414492a,a2aa2a4aa527d79d,data\raw\dataset_B\EALPR Vechicles dataset\Vehicles\0993.jpg
dataset_B,0994.jpg,0994,.jpg,63519,1080,804,3,1.343284,868320,RGB,76.57281762483876,39.18330609661642,45.786483897758984,45.786483897758984,6.215851306915283,8de8901e6d4fa447b29113be87c5c529,cd473e389845c667,data\raw\dataset_B\EALPR Vechicles dataset\Vehicles\0994.jpg
dataset_B,0995.jpg,0995,.jpg,120387,1080,1080,3,1.0,1166400,RGB,105.47631172839506,59.630840966338525,116.6492249656947,116.6492249656947,7.777395248413086,392a73797556498e7c58315a96229df2,adbdd79198d94901,data\raw\dataset_B\EALPR Vechicles dataset\Vehicles\0995.jpg
dataset_B,0996.jpg,0996,.jpg,52120,1080,810,3,1.333333,874800,RGB,32.18130315500686,44.58182877086922,139.969130063062,139.969130063062,5.92702054977417,8e5a6dcb56bd0f1f36ebd80f99d29096,acb432c8ed73039d,data\raw\dataset_B\EALPR Vechicles dataset\Vehicles\0996.jpg
dataset_B,0997.jpg,0997,.jpg,57215,1080,1080,3,1.0,1166400,RGB,49.357806927297666,34.01909774288282,14.295825989985248,14.295825989985248,6.370786666870117,a4204d325dda2c0e289baac687b08cc6,9a83e4a49b35673c,data\raw\dataset_B\EALPR Vechicles dataset\Vehicles\0997.jpg
dataset_B,0998.jpg,0998,.jpg,61641,1000,1000,3,1.0,1000000,RGB,26.444894,18.910355029157014,29.995529913563995,29.995529913563995,5.916192054748535,df159a66f3cb1d9a045b913ecc703fe3,8579e8078a72b74b,data\raw\dataset_B\EALPR Vechicles dataset\Vehicles\0998.jpg
dataset_B,0999.jpg,0999,.jpg,52069,1080,1080,3,1.0,1166400,RGB,76.889155521262,54.02278705271725,17.24654052891028,17.24654052891028,6.702457427978516,c86505ba3b7814f414728293979882ee,bf84e239550298fe,data\raw\dataset_B\EALPR Vechicles dataset\Vehicles\0999.jpg
dataset_B,1000.jpg,1000,.jpg,78001,1080,1080,3,1.0,1166400,RGB,130.78858624828533,62.12170065766126,84.1036092867604,84.1036092867604,7.228390693664551,acd9067f44a02d1906aac1234cf153d8,f4f6a68ccc6b3230,data\raw\dataset_B\EALPR Vechicles dataset\Vehicles\1000.jpg
dataset_B,1001.jpg,1001,.jpg,57850,1080,1080,3,1.0,1166400,RGB,138.93441529492455,94.00513072682496,77.24724432632222,77.24724432632222,5.752224445343018,568be7bea5dda077faafc82eb82fdf88,95f4f80bcb4b05b4,data\raw\dataset_B\EALPR Vechicles dataset\Vehicles\1001.jpg
dataset_B,1002.jpg,1002,.jpg,96582,1080,1080,3,1.0,1166400,RGB,124.8462585733882,65.9135856016491,249.5897889839959,249.5897889839959,7.44877815246582,a3937f2b0361716fffb61e202fa2bdd3,d2d26c09997e368b,data\raw\dataset_B\EALPR Vechicles dataset\Vehicles\1002.jpg
dataset_B,1003.jpg,1003,.jpg,77997,750,750,3,1.0,562500,RGB,68.54790755555555,57.736467997844485,498.35150788070405,498.35150788070405,7.309561252593994,b8762f3c38220de5d7f4b6394f06de65,f6d0d0d219ec52b9,data\raw\dataset_B\EALPR Vechicles dataset\Vehicles\1003.jpg
dataset_B,1004.jpg,1004,.jpg,70966,631,631,3,1.0,398161,RGB,48.40493920800882,51.51808259604012,625.430356061995,625.430356061995,6.831083297729492,8f1d945c324f4170ed24c1d46eac7fe8,fff8388386b85982,data\raw\dataset_B\EALPR Vechicles dataset\Vehicles\1004.jpg
dataset_B,1005.jpg,1005,.jpg,62899,1080,810,3,1.333333,874800,RGB,63.41292524005487,53.06910915641594,231.64289291266576,231.64289291266576,7.208992004394531,c95a1ab8e219571dc55c3ee2fe3d8a9e,a5db80e5c6c2cf86,data\raw\dataset_B\EALPR Vechicles dataset\Vehicles\1005.jpg
dataset_B,1006.jpg,1006,.jpg,22419,900,1125,3,0.8,1012500,RGB,28.590076049382716,60.295511532755775,291.98109432098767,291.98109432098767,3.9453935623168945,f1a8278609c215ecea3f17add8d4c537,ea3f32c6c92632c5,data\raw\dataset_B\EALPR Vechicles dataset\Vehicles\1006.jpg
dataset_B,1007.jpg,1007,.jpg,83981,1080,1079,3,1.000927,1165320,RGB,138.43521521985377,57.78387336654921,26.287162462363742,26.287162462363742,7.501058578491211,be3811a0bd0881b789175923af839663,de91f17c86478316,data\raw\dataset_B\EALPR Vechicles dataset\Vehicles\1007.jpg
dataset_B,1008.jpg,1008,.jpg,57747,1080,651,3,1.658986,703080,RGB,92.47551345508334,46.371883653957276,163.8798625321499,163.8798625321499,7.33375883102417,859beb929220f51f685709354b2f7c17,ea474d9c722b37c0,data\raw\dataset_B\EALPR Vechicles dataset\Vehicles\1008.jpg
dataset_B,1009.jpg,1009,.jpg,105635,1080,1080,3,1.0,1166400,RGB,76.58606567215364,40.909135571670774,176.35842977757352,176.35842977757352,7.106339454650879,e3514d38232a8bdc9528ed957a5e74d2,fac00f8ff0d00377,data\raw\dataset_B\EALPR Vechicles dataset\Vehicles\1009.jpg
dataset_B,1010.jpg,1010,.jpg,88488,1080,1066,3,1.013133,1151280,RGB,105.74155982905982,49.046743553460566,46.86537035547953,46.86537035547953,7.202883243560791,c55d33bf2b0610fef86df9cfe8733f1e,fbc0c07d7070c35b,data\raw\dataset_B\EALPR Vechicles dataset\Vehicles\1010.jpg
dataset_B,1011.jpg,1011,.jpg,70655,1080,732,3,1.47541,790560,RGB,91.54042956891317,50.067196570936815,98.83368570683184,98.83368570683184,7.244546890258789,fb6a486db61e3b367454ad6089b11e48,8885935fdcc2f09d,data\raw\dataset_B\EALPR Vechicles dataset\Vehicles\1011.jpg
dataset_B,1012.jpg,1012,.jpg,148418,1080,1080,3,1.0,1166400,RGB,101.03297496570644,71.0468766461282,867.0228058235468,867.0228058235468,7.700822353363037,e83d38b152b31dd86e639611c7ea2fbb,ae4ebf7682cacc04,data\raw\dataset_B\EALPR Vechicles dataset\Vehicles\1012.jpg
dataset_B,1013.jpg,1013,.jpg,78546,1080,609,3,1.773399,657720,RGB,104.66337195159035,45.41236927814368,352.0760503487915,352.0760503487915,7.170073509216309,50bcd2753c5aa2e90add60fa1634cdd4,ba115dde194d92b4,data\raw\dataset_B\EALPR Vechicles dataset\Vehicles\1013.jpg
dataset_B,1014.jpg,1014,.jpg,136618,900,1125,3,0.8,1012500,RGB,76.20800691358025,68.00509087180112,274.54253036303004,274.54253036303004,7.23687219619751,44357a8913658b75c3076c955c5ad83f,9fada888caeec494,data\raw\dataset_B\EALPR Vechicles dataset\Vehicles\1014.jpg
dataset_B,1015.jpg,1015,.jpg,81250,750,704,3,1.065341,528000,RGB,110.13882765151516,66.8469986803072,275.17742499426083,275.17742499426083,7.46702766418457,c8c518cad0452903c4c7fa1033cc4edb,b587ca08e17ada35,data\raw\dataset_B\EALPR Vechicles dataset\Vehicles\1015.jpg
dataset_B,1016.jpg,1016,.jpg,93393,640,640,3,1.0,409600,RGB,101.61126220703125,51.68176088167528,1292.762620639205,1292.762620639205,7.511346817016602,067d91ba4c30d9215422c700143c1538,d9c921b6c182bdd3,data\raw\dataset_B\EALPR Vechicles dataset\Vehicles\1016.jpg
dataset_B,1017.jpg,1017,.jpg,91196,1080,1028,3,1.050584,1110240,RGB,41.52000738579046,34.69016533477426,95.8842376401179,95.8842376401179,6.657804012298584,730cca7ddbe1753b31ab2e4dd8b590d4,f852a71a95286d1f,data\raw\dataset_B\EALPR Vechicles dataset\Vehicles\1017.jpg
dataset_B,1018.jpg,1018,.jpg,84320,1080,933,3,1.157556,1007640,RGB,34.01001051963003,31.141306195373627,186.98666437962515,186.98666437962515,6.437847137451172,9709d90ae89d82ce9b999a837b24eefc,bae098b789dbd501,data\raw\dataset_B\EALPR Vechicles dataset\Vehicles\1018.jpg
dataset_B,1019.jpg,1019,.jpg,111277,750,750,3,1.0,562500,RGB,110.55479111111111,63.326664046572645,1298.2121658967578,1298.2121658967578,7.691319465637207,04ce8096378f80d095f70fc5f5f7fd9a,fcd883033f222737,data\raw\dataset_B\EALPR Vechicles dataset\Vehicles\1019.jpg
dataset_B,1020.jpg,1020,.jpg,98806,1080,1028,3,1.050584,1110240,RGB,111.19311860498631,67.20558918690028,135.432964173269,135.432964173269,7.466553688049316,5fcaa50ee5e891ef1b05df80f2a01498,b587ca08e17ada35,data\raw\dataset_B\EALPR Vechicles dataset\Vehicles\1020.jpg
dataset_B,1021.jpg,1021,.jpg,54137,1032,580,3,1.77931,598560,RGB,57.77765303394814,50.97793041122729,197.30154503169445,197.30154503169445,6.971342086791992,da756d89ef5c48417e6451843c0cdbe7,fdb5f5158c062338,data\raw\dataset_B\EALPR Vechicles dataset\Vehicles\1021.jpg
dataset_B,1022.jpg,1022,.jpg,71694,750,750,3,1.0,562500,RGB,137.1650008888889,63.044211206951154,412.6230861620337,412.6230861620337,7.502908229827881,3ffc0e0b78c5cc5c1adbef1046575e57,eaa1d5be9d4f2220,data\raw\dataset_B\EALPR Vechicles dataset\Vehicles\1022.jpg
dataset_B,1023.jpg,1023,.jpg,102776,1080,810,3,1.333333,874800,RGB,111.23729195244627,53.195444426714225,508.0273632494743,508.0273632494743,7.619702339172363,15ae5ba74b472bea67d88f7e713da15e,fbd5a23a81a92666,data\raw\dataset_B\EALPR Vechicles dataset\Vehicles\1023.jpg
dataset_B,1024.jpg,1024,.jpg,37180,1080,1080,3,1.0,1166400,RGB,20.16016803840878,39.34849407686611,244.36442472485112,244.36442472485112,4.456361770629883,60f2e139c11e45bd2906d306d7a8f2c9,989867679a9a9a65,data\raw\dataset_B\EALPR Vechicles dataset\Vehicles\1024.jpg
dataset_B,1025.jpg,1025,.jpg,66735,1080,608,3,1.776316,656640,RGB,100.98697459795322,49.10715296134585,220.71178582642585,220.71178582642585,7.479248523712158,54ac933d56961fe087530fd703a6630e,839b3a29b475ac69,data\raw\dataset_B\EALPR Vechicles dataset\Vehicles\1025.jpg
dataset_B,1026.jpg,1026,.jpg,121192,1080,810,3,1.333333,874800,RGB,89.64968449931413,60.04460338869186,639.1852640801025,639.1852640801025,7.453697204589844,56ef8b479b122bdd2684a0b0b082bc70,e0c0cede81f90f4b,data\raw\dataset_B\EALPR Vechicles dataset\Vehicles\1026.jpg
dataset_B,1027.jpg,1027,.jpg,135381,1032,1290,3,0.8,1331280,RGB,127.54791478877472,45.2119369175657,44.91445223819371,44.91445223819371,7.146592140197754,7dd1338ae957a69d5d5e1fcf9e76d01c,85a57a82977ae1e1,data\raw\dataset_B\EALPR Vechicles dataset\Vehicles\1027.jpg
dataset_B,1028.jpg,1028,.jpg,142467,1080,1080,3,1.0,1166400,RGB,99.09039008916324,83.84613621712838,904.9967217715836,904.9967217715836,7.583165168762207,ed88fa77b3fe4519d53bdb389318031b,89835371ed1a1ed5,data\raw\dataset_B\EALPR Vechicles dataset\Vehicles\1028.jpg
dataset_B,1029.jpg,1029,.jpg,138291,1080,1080,3,1.0,1166400,RGB,113.90576303155007,92.26599965741434,1008.4025933833369,1008.4025933833369,6.951080799102783,2fa9e1fbd47d985f3d58e82f55f7e9d8,ebc4f0b5a43036e5,data\raw\dataset_B\EALPR Vechicles dataset\Vehicles\1029.jpg
dataset_B,1030.jpg,1030,.jpg,80348,768,702,3,1.094017,539136,RGB,129.09240340099714,73.80377097811866,4539.490883984544,4539.490883984544,7.780900001525879,d7f75baf4ad03e5ec93da5655c077023,ded2db7cd0298185,data\raw\dataset_B\EALPR Vechicles dataset\Vehicles\1030.jpg
dataset_B,1031.jpg,1031,.jpg,73277,1080,1060,3,1.018868,1144800,RGB,155.20852375960865,71.25896895518392,71.67290091497418,71.67290091497418,7.4039106369018555,02a362cb05af67f3b5687a0f12b64def,e21c9d4772c867b1,data\raw\dataset_B\EALPR Vechicles dataset\Vehicles\1031.jpg
dataset_B,1032.jpg,1032,.jpg,69644,1080,565,3,1.911504,610200,RGB,72.70650114716486,38.78347412631279,115.42147858248248,115.42147858248248,6.21271276473999,d93c1057f5c7032e03b931ab6c0d5c6d,da616c9e659e140f,data\raw\dataset_B\EALPR Vechicles dataset\Vehicles\1032.jpg
dataset_B,1033.jpg,1033,.jpg,30213,1080,810,3,1.333333,874800,RGB,33.8219215820759,48.94986133579986,133.42596707816838,133.42596707816838,5.508059501647949,f5f9a5b8845dcb4aa1cb80581ab87926,a832575da3a8cc57,data\raw\dataset_B\EALPR Vechicles dataset\Vehicles\1033.jpg
dataset_B,1034.jpg,1034,.jpg,67485,1080,608,3,1.776316,656640,RGB,66.5700368542885,58.6915062675018,450.4029929488094,450.4029929488094,7.175748348236084,a4098d924c29362b1bdb3a4fe5b36ffb,cbe0648e8b9b9e64,data\raw\dataset_B\EALPR Vechicles dataset\Vehicles\1034.jpg
dataset_B,1035.jpg,1035,.jpg,59546,750,748,3,1.002674,561000,RGB,95.40885026737968,67.05913835963966,761.1214826973604,761.1214826973604,6.890866756439209,3d0deaca1d82c62bca91001b5da3a177,fae8a0ff81958585,data\raw\dataset_B\EALPR Vechicles dataset\Vehicles\1035.jpg
dataset_B,1036.jpg,1036,.jpg,107377,1080,585,3,1.846154,631800,RGB,125.87076764798987,79.01019852455146,3602.5608186794993,3602.5608186794993,7.7277116775512695,38ffdd7a273a8f38e9b56cfe7c523b6c,aed0532d0529f2de,data\raw\dataset_B\EALPR Vechicles dataset\Vehicles\1036.jpg
dataset_B,1037.jpg,1037,.jpg,184394,1080,1351,3,0.799408,1459080,RGB,108.78242659758203,60.747075962434984,367.2504344327869,367.2504344327869,7.796046257019043,75c85f03bf799d997466d1c1f8416d72,e0fc60dfe39cc098,data\raw\dataset_B\EALPR Vechicles dataset\Vehicles\1037.jpg
dataset_B,1038.jpg,1038,.jpg,69222,640,640,3,1.0,409600,RGB,98.81609130859376,64.31323051664997,740.4952297809064,740.4952297809064,7.149759769439697,77f9c9876e7a5c76790ff97146870930,f3934c2d8990f636,data\raw\dataset_B\EALPR Vechicles dataset\Vehicles\1038.jpg
dataset_B,1039.jpg,1039,.jpg,62354,1080,608,3,1.776316,656640,RGB,98.27682596247563,52.71837076145053,141.07453007676241,141.07453007676241,7.498749732971191,8cc6078d7cf16b402f7845a9bdb7c07b,d1833f35f07c6c81,data\raw\dataset_B\EALPR Vechicles dataset\Vehicles\1039.jpg
dataset_B,1040.jpg,1040,.jpg,93103,1080,1080,3,1.0,1166400,RGB,159.6661908436214,82.45414745412604,284.45312058416926,284.45312058416926,6.637335777282715,b73f633bc53e66ffa30669e0497cbe55,bfc86878988e6578,data\raw\dataset_B\EALPR Vechicles dataset\Vehicles\1040.jpg
dataset_B,1041.jpg,1041,.jpg,90266,1080,1080,3,1.0,1166400,RGB,134.16056498628257,82.08514611181451,209.62182739763725,209.62182739763725,6.561135768890381,01b801f7954cf8eb3424ea3b3dde0870,ea973978986ac1b1,data\raw\dataset_B\EALPR Vechicles dataset\Vehicles\1041.jpg
dataset_B,1042.jpg,1042,.jpg,64415,1080,810,3,1.333333,874800,RGB,34.729943987197075,45.3492270161932,274.01066624835823,274.01066624835823,6.216670036315918,2d3679c142a2361b792c92170551b201,d2ce6ccc8a93356c,data\raw\dataset_B\EALPR Vechicles dataset\Vehicles\1042.jpg
dataset_B,1043.jpg,1043,.jpg,136780,1008,756,3,1.333333,762048,RGB,116.68975182665659,68.6520876973592,2803.0055574331273,2803.0055574331273,7.6490983963012695,e401da0f0a6376ad4bb79951b9b2022e,a8b1935e5e74646c,data\raw\dataset_B\EALPR Vechicles dataset\Vehicles\1043.jpg
dataset_B,1044.jpg,1044,.jpg,133158,750,750,3,1.0,562500,RGB,70.57255822222223,50.27820998508587,3043.054110047684,3043.054110047684,7.371575355529785,7aa8a34688a9e7c0720c9c84e1fdb64a,ee863006ab3a6d7a,data\raw\dataset_B\EALPR Vechicles dataset\Vehicles\1044.jpg
dataset_B,1045.jpg,1045,.jpg,128212,1080,810,3,1.333333,874800,RGB,120.90436556927298,78.46738328886127,679.2445169600671,679.2445169600671,7.733824253082275,d6385a6a0d534c00314aa7fe943ee62a,b448db2dc933d4d8,data\raw\dataset_B\EALPR Vechicles dataset\Vehicles\1045.jpg
dataset_B,1046.jpg,1046,.jpg,89302,756,568,3,1.330986,429408,RGB,100.18177816901408,70.27758778062469,1399.3909036009068,1399.3909036009068,7.5867509841918945,41e14eb603c40b88d9d47eb7f200c686,aac5f5d84c3a918d,data\raw\dataset_B\EALPR Vechicles dataset\Vehicles\1046.jpg
dataset_B,1047.jpg,1047,.jpg,129537,1080,1080,3,1.0,1166400,RGB,99.46061985596708,62.38256232249766,613.2468411392063,613.2468411392063,7.6376776695251465,0715af6749c687ad7abc822a51ec3c3b,efb0e0cfa0718d32,data\raw\dataset_B\EALPR Vechicles dataset\Vehicles\1047.jpg
dataset_B,1048.jpg,1048,.jpg,35758,1080,1080,3,1.0,1166400,RGB,21.26894204389575,20.601105739599802,17.85012854483141,17.85012854483141,4.323355674743652,37b76613fb5932e59bce28371b518008,8a8a6575d6ceaa26,data\raw\dataset_B\EALPR Vechicles dataset\Vehicles\1048.jpg
dataset_B,1049.jpg,1049,.jpg,92217,1080,1080,3,1.0,1166400,RGB,81.15589849108368,51.7748735096108,79.43416296308571,79.43416296308571,7.417301177978516,d375f8ffa660e9e99412d28c60315a4e,8e8e8fe1d1b382e1,data\raw\dataset_B\EALPR Vechicles dataset\Vehicles\1049.jpg
dataset_B,1050.jpg,1050,.jpg,85414,900,1125,3,0.8,1012500,RGB,71.05738567901234,58.17855294212293,257.6359520082173,257.6359520082173,7.326188087463379,17c65777edb4184ec9490113fb91b046,ef87b0c6c1c80f3c,data\raw\dataset_B\EALPR Vechicles dataset\Vehicles\1050.jpg
dataset_B,1051.jpg,1051,.jpg,149079,844,1055,3,0.8,890420,RGB,108.216466386649,56.70853207285557,634.9888423365842,634.9888423365842,7.469212532043457,4553ddaa36100af069fedc39983246dc,ad93d380aca4b6b5,data\raw\dataset_B\EALPR Vechicles dataset\Vehicles\1051.jpg
dataset_B,1052.jpg,1052,.jpg,105883,1080,1080,3,1.0,1166400,RGB,68.1776646090535,57.4202009707853,136.03094268100492,136.03094268100492,7.308389663696289,e324915ade89765bc005a2a5208a3597,d7d0d0d219ec52b9,data\raw\dataset_B\EALPR Vechicles dataset\Vehicles\1052.jpg
dataset_B,1053.jpg,1053,.jpg,72981,1080,948,3,1.139241,1023840,RGB,83.33629571026722,70.23440861762077,56.04072529948003,56.04072529948003,7.364050388336182,98178839a1c0cfadc9ccb467d3c3da2d,bdad353dd99860a0,data\raw\dataset_B\EALPR Vechicles dataset\Vehicles\1053.jpg
dataset_B,1054.jpg,1054,.jpg,138521,868,868,3,1.0,753424,RGB,117.10888556775468,67.8581140576861,1095.731489253916,1095.731489253916,7.834039688110352,a83d189b3f7f0f789d57e2cd09dc41ef,bfd7a6229b0a4307,data\raw\dataset_B\EALPR Vechicles dataset\Vehicles\1054.jpg
dataset_B,1055.jpg,1055,.jpg,62127,612,459,3,1.333333,280908,RGB,88.61478135190168,59.4374215120366,943.016741033367,943.016741033367,7.5599684715271,3406a028437ac9560475c377ebd744af,ec4cd66a317178d8,data\raw\dataset_B\EALPR Vechicles dataset\Vehicles\1055.jpg
dataset_B,1056.jpg,1056,.jpg,101510,1080,750,3,1.44,810000,RGB,62.5812987654321,49.60059099998483,272.80819092226193,272.80819092226193,6.812211513519287,998f9efd8d0934324f9fe54856871156,bdf01b1b81a1995b,data\raw\dataset_B\EALPR Vechicles dataset\Vehicles\1056.jpg
dataset_B,1057.jpg,1057,.jpg,75958,1080,1080,3,1.0,1166400,RGB,147.47229509602195,58.93721813371328,43.354035493209,43.354035493209,7.244106292724609,58b9ade54e0b923af4eec0b99a7cc3b3,a38185020f6f7df5,data\raw\dataset_B\EALPR Vechicles dataset\Vehicles\1057.jpg
dataset_B,1058.jpg,1058,.jpg,61576,612,459,3,1.333333,280908,RGB,81.71949179090663,57.462538828599754,1074.0577921400015,1074.0577921400015,7.539538860321045,e70863ea3ae79818cf5d7c47ace4b75c,caf824ca1e2d313f,data\raw\dataset_B\EALPR Vechicles dataset\Vehicles\1058.jpg
dataset_B,1059.jpg,1059,.jpg,57111,900,1125,3,0.8,1012500,RGB,64.66101432098766,74.43104629893274,312.35065381681176,312.35065381681176,6.713201522827148,49c0f2b84b4a09deec3118cddafcde3d,fa2f2fd0d02f8292,data\raw\dataset_B\EALPR Vechicles dataset\Vehicles\1059.jpg
dataset_B,1060.jpg,1060,.jpg,119629,750,750,3,1.0,562500,RGB,119.18198044444445,73.9206219280449,969.4392160249174,969.4392160249174,7.784059047698975,aca40f5d0dc3099a30967483891cad7e,af97975398ec208c,data\raw\dataset_B\EALPR Vechicles dataset\Vehicles\1060.jpg
dataset_B,1061.jpg,1061,.jpg,122974,900,1125,3,0.8,1012500,RGB,86.9028375308642,62.49868627516308,914.8034600405587,914.8034600405587,7.158196449279785,aeab4bc14fb9fda605eff4257b48b929,af025a3ab5c7c338,data\raw\dataset_B\EALPR Vechicles dataset\Vehicles\1061.jpg
dataset_B,1062.jpg,1062,.jpg,187055,929,1162,3,0.799484,1079498,RGB,103.53808529520202,71.92946076524285,447.6694512321773,447.6694512321773,7.629142761230469,c39cf16b183cc69d8ee089f5c431107e,9090aac9d0f2eecf,data\raw\dataset_B\EALPR Vechicles dataset\Vehicles\1062.jpg
dataset_B,1063.jpg,1063,.jpg,82553,696,640,3,1.0875,445440,RGB,93.98328169899425,54.13074202080799,588.7571592278568,588.7571592278568,7.364994049072266,c9920b8fb0fe34fd9a829b0590279865,ea808507877dbda6,data\raw\dataset_B\EALPR Vechicles dataset\Vehicles\1063.jpg
dataset_B,1064.jpg,1064,.jpg,101098,1080,1080,3,1.0,1166400,RGB,118.6235433813443,89.65037726307418,481.3230953965484,481.3230953965484,6.279035568237305,e30c045df9aaf5671f5ef37740156cb7,bab0900f6f252d1f,data\raw\dataset_B\EALPR Vechicles dataset\Vehicles\1064.jpg
dataset_B,1065.jpg,1065,.jpg,103559,1080,1080,3,1.0,1166400,RGB,128.06701903292182,86.8336579402358,462.27247009154996,462.27247009154996,6.246919631958008,c17f3918a844dd57b654ca8e797f19f6,eb3e901f3e36e0c0,data\raw\dataset_B\EALPR Vechicles dataset\Vehicles\1065.jpg
dataset_B,1066.jpg,1066,.jpg,75904,1080,1080,3,1.0,1166400,RGB,140.44737054183813,80.20560455106698,114.70578294847684,114.70578294847684,6.170816421508789,db9ab84ddedb60e0533b2abc4696c3c3,af3d94943c1c85e5,data\raw\dataset_B\EALPR Vechicles dataset\Vehicles\1066.jpg
dataset_B,1067.jpg,1067,.jpg,241381,1080,1080,3,1.0,1166400,RGB,90.21948559670781,59.05150654455147,3136.3184459066474,3136.3184459066474,7.670125961303711,4fc9dfc3e35871241df3983bd181a11b,dedeccbc8c80b093,data\raw\dataset_B\EALPR Vechicles dataset\Vehicles\1067.jpg
dataset_B,1068.jpg,1068,.jpg,92595,1080,1080,3,1.0,1166400,RGB,139.8690243484225,83.04526697727312,229.0163403932775,229.0163403932775,6.607551574707031,17a8b1fb6c1abd5e57905906dabf5cb9,91c2ef3d94d8c331,data\raw\dataset_B\EALPR Vechicles dataset\Vehicles\1068.jpg
dataset_B,1069.jpg,1069,.jpg,64175,900,1125,3,0.8,1012500,RGB,170.17649283950618,80.42895071117007,291.80069034871417,291.80069034871417,5.68867301940918,790c46429ae8579ac52a1aacdd5cf33b,eb95c06896b6384f,data\raw\dataset_B\EALPR Vechicles dataset\Vehicles\1069.jpg
dataset_B,1070.jpg,1070,.jpg,89064,1080,1080,3,1.0,1166400,RGB,125.56812757201646,88.28753307514042,202.9395361249172,202.9395361249172,6.427600860595703,6256803229b376e56ca502b78b47f445,f4fcfe5a8225a520,data\raw\dataset_B\EALPR Vechicles dataset\Vehicles\1070.jpg
dataset_B,1071.jpg,1071,.jpg,134846,744,744,3,1.0,553536,RGB,127.01343905364782,70.23277767752882,1260.1190111179221,1260.1190111179221,7.901406764984131,af2ad46f7a194b3c119899a53a80ae20,f996ec68830f6b60,data\raw\dataset_B\EALPR Vechicles dataset\Vehicles\1071.jpg
dataset_B,1072.jpg,1072,.jpg,146828,900,1125,3,0.8,1012500,RGB,145.34638913580247,66.91569678923489,564.1689112485047,564.1689112485047,7.558671474456787,4696b9c8b168d67dbc9518acf7e4b217,bf14d34b6aa53170,data\raw\dataset_B\EALPR Vechicles dataset\Vehicles\1072.jpg
dataset_B,1073.jpg,1073,.jpg,126622,900,1125,3,0.8,1012500,RGB,101.99191604938271,78.72024334269867,410.98466369057786,410.98466369057786,7.586426734924316,f0a21388a67c6aba926756303164cf4a,fb91c14fe1879434,data\raw\dataset_B\EALPR Vechicles dataset\Vehicles\1073.jpg
dataset_B,1074.jpg,1074,.jpg,103106,1080,1080,3,1.0,1166400,RGB,103.7439609053498,93.20690271763785,182.81310834003386,182.81310834003386,5.838943004608154,1d7178766a38325c5717f2b3ed378ff5,ef95303ccdc53232,data\raw\dataset_B\EALPR Vechicles dataset\Vehicles\1074.jpg
dataset_B,1075.jpg,1075,.jpg,91288,1080,810,3,1.333333,874800,RGB,52.08967192501143,30.210665052355715,58.843542016829666,58.843542016829666,6.552160739898682,464f62c9c713eb3f43147c6b96163deb,f8b0b2582fa7cd24,data\raw\dataset_B\EALPR Vechicles dataset\Vehicles\1075.jpg
dataset_B,1076.jpg,1076,.jpg,45820,1080,1080,3,1.0,1166400,RGB,38.279591906721535,42.983037840693974,100.74462865644348,100.74462865644348,6.488959789276123,59fd0e014e88a941d876044b60262f96,cdf77a4a8425c4ca,data\raw\dataset_B\EALPR Vechicles dataset\Vehicles\1076.jpg
dataset_B,1077.jpg,1077,.jpg,130566,902,1125,3,0.801778,1014750,RGB,83.5370002463661,58.82513081214965,229.60942863107573,229.60942863107573,7.268289566040039,369bf28cf6e9f9b050fda7be1ca9fc17,81a32fc1e56de465,data\raw\dataset_B\EALPR Vechicles dataset\Vehicles\1077.jpg
dataset_B,1078.jpg,1078,.jpg,86101,1080,810,3,1.333333,874800,RGB,91.22594307270234,71.01878571441974,280.5875888404658,280.5875888404658,7.434282302856445,d0240b5114122988e55d3e80527f365d,a0a5bf538f994346,data\raw\dataset_B\EALPR Vechicles dataset\Vehicles\1078.jpg
dataset_B,1079.jpg,1079,.jpg,64279,1080,565,3,1.911504,610200,RGB,86.78196984595215,59.71970136911491,263.0509140753912,263.0509140753912,7.368583679199219,4323ba9a91e25831482be137f42bfcc9,9f60aa5f8068cdc7,data\raw\dataset_B\EALPR Vechicles dataset\Vehicles\1079.jpg
dataset_B,1080.jpg,1080,.jpg,102866,960,720,3,1.333333,691200,RGB,110.76102430555555,57.213974088599926,1851.142448668144,1851.142448668144,7.768204212188721,9411bf6f1ab5cfea20451542b3c8dd12,dcbce21dd7429541,data\raw\dataset_B\EALPR Vechicles dataset\Vehicles\1080.jpg
dataset_B,1081.jpg,1081,.jpg,25758,1080,608,3,1.776316,656640,RGB,49.1377756457115,52.25238862582174,50.921384605126306,50.921384605126306,6.1375837326049805,257a4d85c15b3c0acf602f083968d5f4,c9a43c8ecb24fcc3,data\raw\dataset_B\EALPR Vechicles dataset\Vehicles\1081.jpg
dataset_B,1082.jpg,1082,.jpg,81378,1080,1028,3,1.050584,1110240,RGB,72.99083621559302,59.91201465398082,69.41279160942594,69.41279160942594,7.332430362701416,bec8f9788082341b22511d7c3dc26bfc,afaad281cdb5b0d0,data\raw\dataset_B\EALPR Vechicles dataset\Vehicles\1082.jpg
dataset_B,1083.jpg,1083,.jpg,43057,956,956,3,1.0,913936,RGB,33.02294033717897,35.56795954676332,124.75176861528496,124.75176861528496,5.559587001800537,0039fb9282b492c7215bf101b1552e31,ad29ba5a42d4a9ad,data\raw\dataset_B\EALPR Vechicles dataset\Vehicles\1083.jpg
dataset_B,1084.jpg,1084,.jpg,54799,1000,749,3,1.335113,749000,RGB,73.86401602136182,49.94946300163743,50.50389047506154,50.50389047506154,6.94603157043457,ea7b6d286bb95c39fbb34a94bda7162e,ce397298ec235cb8,data\raw\dataset_B\EALPR Vechicles dataset\Vehicles\1084.jpg
dataset_B,1085.jpg,1085,.jpg,156840,953,1125,3,0.847111,1072125,RGB,130.8732405269908,66.82458677625009,288.1329150873714,288.1329150873714,7.71975040435791,b22fa92af6140a9104ea65aaf503b169,aec1d16ec52b2e31,data\raw\dataset_B\EALPR Vechicles dataset\Vehicles\1085.jpg
dataset_B,1086.jpg,1086,.jpg,54155,1080,609,3,1.773399,657720,RGB,58.094889922763485,48.461045510644745,122.47053112022374,122.47053112022374,7.154491424560547,173089e02f757ffc23e5721ac3fe33ad,ca07e6f69c233394,data\raw\dataset_B\EALPR Vechicles dataset\Vehicles\1086.jpg
dataset_B,1087.jpg,1087,.jpg,162604,1080,1080,3,1.0,1166400,RGB,114.97294924554184,53.86807619994444,261.32939203092906,261.32939203092906,7.702591419219971,bb559430ceec33e476da81a70909504e,ab82a43fd7e89d20,data\raw\dataset_B\EALPR Vechicles dataset\Vehicles\1087.jpg
dataset_B,1088.jpg,1088,.jpg,55874,1080,608,3,1.776316,656640,RGB,116.46991349902534,51.31693341727603,334.36705396930944,334.36705396930944,7.511023044586182,3a69cd59d324efb82859e005fd23936b,b583ea7d43149f82,data\raw\dataset_B\EALPR Vechicles dataset\Vehicles\1088.jpg
dataset_B,1089.jpg,1089,.jpg,99265,900,1125,3,0.8,1012500,RGB,148.80781234567903,90.78194353670001,367.3559259253162,367.3559259253162,6.250656604766846,01152c7f189906ac295fdde1c21866e5,bb6ac23c19c23537,data\raw\dataset_B\EALPR Vechicles dataset\Vehicles\1089.jpg
dataset_B,1090.jpg,1090,.jpg,77435,1080,810,3,1.333333,874800,RGB,61.885352080475535,48.030451011789694,61.071123424319445,61.071123424319445,6.989318370819092,ba35568a4c433b9f1372fd480495ba69,afa5a49c8647c3ca,data\raw\dataset_B\EALPR Vechicles dataset\Vehicles\1090.jpg
dataset_B,1091.jpg,1091,.jpg,71183,1080,796,3,1.356784,859680,RGB,32.9848094639866,45.28336494748734,83.65671166802436,83.65671166802436,6.105866432189941,9efe8b77efe8306e251873be0144c3f2,af35548b24ad8d36,data\raw\dataset_B\EALPR Vechicles dataset\Vehicles\1091.jpg
dataset_B,1092.jpg,1092,.jpg,68040,1050,1125,3,0.933333,1181250,RGB,108.7769473015873,41.580738895195815,22.262054531127525,22.262054531127525,6.804537773132324,ed3fb400fc30581be3cacacb5ae4dc17,f88793f87e0a01dc,data\raw\dataset_B\EALPR Vechicles dataset\Vehicles\1092.jpg
dataset_B,1093.jpg,1093,.jpg,125383,900,1125,3,0.8,1012500,RGB,72.85976098765433,66.35313268764227,672.8498508611385,672.8498508611385,6.826927185058594,ee5c36f5b7c97d14fcfe63c4977eba5a,ba3b921212f63bb8,data\raw\dataset_B\EALPR Vechicles dataset\Vehicles\1093.jpg
dataset_B,1094.jpg,1094,.jpg,99559,1080,809,3,1.334981,873720,RGB,68.81036029849379,60.36363097274642,121.35084004909669,121.35084004909669,7.447451114654541,9ed591a43114101b743845100ddeb4bd,bbd6d929a419d688,data\raw\dataset_B\EALPR Vechicles dataset\Vehicles\1094.jpg
dataset_B,1095.jpg,1095,.jpg,93742,1080,608,3,1.776316,656640,RGB,93.3396320662768,63.89802043439843,1093.8409994986791,1093.8409994986791,7.549198150634766,27745109eebac2a9987f857136303d06,9bcbce24f4323316,data\raw\dataset_B\EALPR Vechicles dataset\Vehicles\1095.jpg
dataset_B,1096.jpg,1096,.jpg,81993,900,1125,3,0.8,1012500,RGB,167.93777975308643,75.35561528389051,258.93328592592206,258.93328592592206,6.031508445739746,630e9b35ed554b2f84940faae6560abb,eb9796c04c8771d8,data\raw\dataset_B\EALPR Vechicles dataset\Vehicles\1096.jpg
dataset_B,1097.jpg,1097,.jpg,44749,1080,1080,3,1.0,1166400,RGB,57.369219821673525,64.76735324799616,8.380663579494243,8.380663579494243,6.6953301429748535,9881c535116645fb322ee8b85b7c2567,ff81f34a0a6c8cac,data\raw\dataset_B\EALPR Vechicles dataset\Vehicles\1097.jpg
dataset_B,1098.jpg,1098,.jpg,74119,900,1125,3,0.8,1012500,RGB,51.32274962962963,62.65583304768037,436.7760610673777,436.7760610673777,6.236138820648193,a2921068b4374fc2fe305e58476672b2,ebc9d89c8bc38938,data\raw\dataset_B\EALPR Vechicles dataset\Vehicles\1098.jpg
dataset_B,1099.jpg,1099,.jpg,78240,1080,608,3,1.776316,656640,RGB,83.03536184210526,54.190611285662825,194.6101635051124,194.6101635051124,7.5567827224731445,3d618492be5f583ca40fc468fdbce599,c8f036af8d67a311,data\raw\dataset_B\EALPR Vechicles dataset\Vehicles\1099.jpg
dataset_B,1100.jpg,1100,.jpg,50945,1080,608,3,1.776316,656640,RGB,127.31634533382066,65.24635515208651,57.32071836531633,57.32071836531633,7.718540668487549,d784e9122791c0341ea4fc536b35357c,d7382a8229df5f82,data\raw\dataset_B\EALPR Vechicles dataset\Vehicles\1100.jpg
dataset_B,1101.jpg,1101,.jpg,91215,1000,1109,3,0.901713,1109000,RGB,87.86664833183048,72.26657426886322,64.30220182322599,64.30220182322599,7.31340217590332,3b4fc5fe0fb04f2953a77a39a6fb95d8,fcdade16468aac28,data\raw\dataset_B\EALPR Vechicles dataset\Vehicles\1101.jpg
dataset_B,1102.jpg,1102,.jpg,96601,900,1125,3,0.8,1012500,RGB,76.34861925925927,72.22628861317945,334.3067545635224,334.3067545635224,6.971412658691406,b55522d86ca05758ed10f0fa34430247,beb4b4b04b5f4e02,data\raw\dataset_B\EALPR Vechicles dataset\Vehicles\1102.jpg
dataset_B,1103.jpg,1103,.jpg,170052,827,827,3,1.0,683929,RGB,118.52227497298696,62.46697309385299,957.87010478992,957.87010478992,7.812555313110352,2233aced407de5025fbfcd694f533557,e80ecf788ae37145,data\raw\dataset_B\EALPR Vechicles dataset\Vehicles\1103.jpg
dataset_B,1104.jpg,1104,.jpg,42652,1080,808,3,1.336634,872640,RGB,33.82899133663366,50.54042917000889,147.38588530090445,147.38588530090445,5.570069313049316,372b643bcd305c085c2c929f33189b08,c8e173898d2333dd,data\raw\dataset_B\EALPR Vechicles dataset\Vehicles\1104.jpg
dataset_B,1105.jpg,1105,.jpg,63582,1080,808,3,1.336634,872640,RGB,32.407131233956726,41.571811775126115,349.61365696868944,349.61365696868944,5.885289192199707,ddecaf9dfee308ba6f6f68f008b9d092,88a324dc7374ce73,data\raw\dataset_B\EALPR Vechicles dataset\Vehicles\1105.jpg
dataset_B,1106.jpg,1106,.jpg,92222,1080,808,3,1.336634,872640,RGB,54.235416666666666,55.64492999464163,494.70751011213815,494.70751011213815,6.7199578285217285,a0493a3c8df3a844b7dc37b53cb4a2db,adacea83b1e1e1c1,data\raw\dataset_B\EALPR Vechicles dataset\Vehicles\1106.jpg
dataset_B,1107.jpg,1107,.jpg,42109,1080,810,3,1.333333,874800,RGB,44.47276063100137,36.67002751328028,70.2098330745192,70.2098330745192,6.488177299499512,57b9c46c58421201fd8fed423de027bf,f8d10323d3e1e5d1,data\raw\dataset_B\EALPR Vechicles dataset\Vehicles\1107.jpg
dataset_B,1108.jpg,1108,.jpg,96808,900,1125,3,0.8,1012500,RGB,57.01362962962963,63.3942145423624,344.7616166394645,344.7616166394645,6.552371025085449,00284316e3f57af204366581625ae1b7,af8e5ac3c7347083,data\raw\dataset_B\EALPR Vechicles dataset\Vehicles\1108.jpg
dataset_B,1109.jpg,1109,.jpg,151922,1080,1080,3,1.0,1166400,RGB,117.5912285665295,61.90346140842638,300.4392764003436,300.4392764003436,7.578764915466309,deecd6e46714b096629b52fc4529493c,ae8686b57ad301d9,data\raw\dataset_B\EALPR Vechicles dataset\Vehicles\1109.jpg
dataset_B,1110.jpg,1110,.jpg,127966,1034,1293,3,0.799691,1336962,RGB,83.38150224164936,41.53725923199094,87.3390484648945,87.3390484648945,6.81022310256958,1e88ebab8838b09ebfc3a7d01803092c,8ccc64ccdc5c66cb,data\raw\dataset_B\EALPR Vechicles dataset\Vehicles\1110.jpg
dataset_B,1111.jpg,1111,.jpg,133411,900,1125,3,0.8,1012500,RGB,140.01803950617284,77.24353636794214,387.48961967217775,387.48961967217775,7.417633056640625,e5aafcad59a014a7201d640ce2bf5c76,fa52c1215bd636d2,data\raw\dataset_B\EALPR Vechicles dataset\Vehicles\1111.jpg
dataset_B,1112.jpg,1112,.jpg,58806,900,1125,3,0.8,1012500,RGB,106.19877728395062,106.50424486613181,303.44739437646797,303.44739437646797,5.488804340362549,b55a406b32a32a02b4ac20d1f929c6cf,bf943e362465c52c,data\raw\dataset_B\EALPR Vechicles dataset\Vehicles\1112.jpg
dataset_B,1113.jpg,1113,.jpg,71864,900,1125,3,0.8,1012500,RGB,75.39982518518518,58.042951083129594,242.457816295234,242.457816295234,6.577502250671387,9c0029ba3a580c8afe011957049e75f6,fb933a89c52e6644,data\raw\dataset_B\EALPR Vechicles dataset\Vehicles\1113.jpg
dataset_B,1114.jpg,1114,.jpg,96537,1080,719,3,1.502086,776520,RGB,83.6664567557822,62.09014548921252,203.69274979129008,203.69274979129008,7.516440391540527,693eb9bbc293099b6dabe3377d40d468,ae2ab135c071d4de,data\raw\dataset_B\EALPR Vechicles dataset\Vehicles\1114.jpg
dataset_B,1115.jpg,1115,.jpg,85039,1080,810,3,1.333333,874800,RGB,93.544130086877,47.78700796521462,413.3075699740253,413.3075699740253,7.468559265136719,60b304ce73720a613928874e1e9d7608,f9d0a62dd4ea29e0,data\raw\dataset_B\EALPR Vechicles dataset\Vehicles\1115.jpg
dataset_B,1116.jpg,1116,.jpg,229872,1080,1351,3,0.799408,1459080,RGB,61.30120692491159,41.55101242339515,341.23981588567,341.23981588567,7.064523220062256,4086735cd21d1630ac0a65a450946d20,a96ad699cad291d8,data\raw\dataset_B\EALPR Vechicles dataset\Vehicles\1116.jpg
dataset_B,1117.jpg,1117,.jpg,40598,900,1125,3,0.8,1012500,RGB,56.71772444444444,60.82854835380935,297.9266261728385,297.9266261728385,6.206081390380859,630ab20e858d1b2f957007e70174bb76,fa66a49966919966,data\raw\dataset_B\EALPR Vechicles dataset\Vehicles\1117.jpg
dataset_B,1118.jpg,1118,.jpg,73417,1080,608,3,1.776316,656640,RGB,83.64248903508772,57.98619890242576,747.1593414493362,747.1593414493362,7.535594940185547,226eaab486182344e15c0fca918b1350,9e9131cef4228ecd,data\raw\dataset_B\EALPR Vechicles dataset\Vehicles\1118.jpg
dataset_B,1119.jpg,1119,.jpg,87271,1080,807,3,1.33829,871560,RGB,102.92969388223416,74.99063531666494,104.81887986845557,104.81887986845557,7.682119369506836,f1c9836778bc49dc192e75321b74b121,e8acb3809dc7c798,data\raw\dataset_B\EALPR Vechicles dataset\Vehicles\1119.jpg
dataset_B,1120.jpg,1120,.jpg,91000,1080,565,3,1.911504,610200,RGB,93.7175827597509,61.50662710820474,679.4205546427197,679.4205546427197,7.6559553146362305,1dbfbcc62321ea0ea22b48c0a97f2f1b,fd91845e73ccc388,data\raw\dataset_B\EALPR Vechicles dataset\Vehicles\1120.jpg
dataset_B,1121.jpg,1121,.jpg,76875,1080,709,3,1.523272,765720,RGB,65.99151386929948,60.70686182150955,78.65637737459798,78.65637737459798,7.215336322784424,de859437a7ce03a1bfc52566d40d543c,a280cc4bcbcdc7c7,data\raw\dataset_B\EALPR Vechicles dataset\Vehicles\1121.jpg
dataset_B,1122.jpg,1122,.jpg,53271,1080,949,3,1.13804,1024920,RGB,120.20432228856886,51.27999877396409,30.355744833408604,30.355744833408604,7.2160797119140625,dcfff868f0c0697fedf6a3ca5f2d9f8a,ba5ac0256ad93de2,data\raw\dataset_B\EALPR Vechicles dataset\Vehicles\1122.jpg
dataset_B,1123.jpg,1123,.jpg,68737,900,1125,3,0.8,1012500,RGB,130.94409679012347,99.73097277740463,381.56949330380024,381.56949330380024,5.74293851852417,b2fcb9db6b81c7b1f27d17d6a6edb460,eb6b952fc02bc09c,data\raw\dataset_B\EALPR Vechicles dataset\Vehicles\1123.jpg
dataset_B,1124.jpg,1124,.jpg,76516,900,1125,3,0.8,1012500,RGB,129.75345777777778,89.46566912919799,403.2164957976894,403.2164957976894,5.749728202819824,1d7d32ae8c2d119dba297e156d6f1879,ebc16cc4d1193e6a,data\raw\dataset_B\EALPR Vechicles dataset\Vehicles\1124.jpg
dataset_B,1125.jpg,1125,.jpg,37310,900,1125,3,0.8,1012500,RGB,137.55000395061728,85.05537305358159,321.8898814806612,321.8898814806612,4.96511697769165,62b83718d8e2d5a64e6bf2923e7c000f,ba90676767989869,data\raw\dataset_B\EALPR Vechicles dataset\Vehicles\1125.jpg
dataset_B,1126.jpg,1126,.jpg,100548,900,1125,3,0.8,1012500,RGB,75.7115674074074,62.055543696189254,260.12458975903036,260.12458975903036,6.861196517944336,88642cb17ac7614c9ef34158870cae7b,bf9796969aca4062,data\raw\dataset_B\EALPR Vechicles dataset\Vehicles\1126.jpg
dataset_B,1127.jpg,1127,.jpg,92807,705,697,3,1.011478,491385,RGB,114.93513843523917,58.66934080834882,421.40711073424166,421.40711073424166,7.783121109008789,f3a6080cffd888ca283ce3718a11d232,d5af2a94955f8129,data\raw\dataset_B\EALPR Vechicles dataset\Vehicles\1127.jpg
dataset_B,1128.jpg,1128,.jpg,112489,900,1125,3,0.8,1012500,RGB,79.31261925925926,62.09435692587731,385.4921488957913,385.4921488957913,7.03855562210083,dd597db47bda0d9aeca1e3bdd6b21225,bb23a6666a8989e3,data\raw\dataset_B\EALPR Vechicles dataset\Vehicles\1128.jpg
dataset_B,1129.jpg,1129,.jpg,157203,1064,1125,3,0.945778,1197000,RGB,66.65104928989139,43.4457845862426,292.06614478036084,292.06614478036084,7.137997627258301,92f0ce92368578bf8dd514814194b04e,96d6674969e94992,data\raw\dataset_B\EALPR Vechicles dataset\Vehicles\1129.jpg
dataset_B,1130.jpg,1130,.jpg,92214,986,1125,3,0.876444,1109250,RGB,70.83463601532567,54.85485273757651,99.12049621315786,99.12049621315786,7.113595008850098,d98b42852b0178354e944188604ab6ed,ebd5f070d0c3c3c2,data\raw\dataset_B\EALPR Vechicles dataset\Vehicles\1130.jpg
dataset_B,1131.jpg,1131,.jpg,63886,1080,1080,3,1.0,1166400,RGB,109.62646690672153,63.46092832997993,26.982199384053803,26.982199384053803,7.292386054992676,fcb2261abf92145a9ca3a9104a12dea6,948183ab6d7436fa,data\raw\dataset_B\EALPR Vechicles dataset\Vehicles\1131.jpg
dataset_B,1132.jpg,1132,.jpg,52073,612,612,3,1.0,374544,RGB,46.43112958691102,46.28605905458023,243.08308641978957,243.08308641978957,6.674492835998535,35a50c44e9f4fa6bef022680dfa16b3e,d43402ca2b27fcf6,data\raw\dataset_B\EALPR Vechicles dataset\Vehicles\1132.jpg
dataset_B,1133.jpg,1133,.jpg,124229,944,1181,3,0.799323,1114864,RGB,104.2350098307955,51.24587812388891,123.02843391510939,123.02843391510939,7.412724494934082,74c8eeb4525704e7f7b676d50cb05c91,ada9c06f0f50b5d2,data\raw\dataset_B\EALPR Vechicles dataset\Vehicles\1133.jpg
dataset_B,1134.jpg,1134,.jpg,80775,900,1125,3,0.8,1012500,RGB,158.47562666666667,78.63406449043761,316.9088559479309,316.9088559479309,6.052156448364258,17e8d744dcc9215682f72840f85c5b7f,ba95b43c30d2da1e,data\raw\dataset_B\EALPR Vechicles dataset\Vehicles\1134.jpg
dataset_B,1135.jpg,1135,.jpg,115506,900,1125,3,0.8,1012500,RGB,124.97472395061729,74.311549607527,231.2681359658842,231.2681359658842,7.3440070152282715,46a17a70c73698a680648dd5310d529a,efe4d042cac24b2f,data\raw\dataset_B\EALPR Vechicles dataset\Vehicles\1135.jpg
dataset_B,1136.jpg,1136,.jpg,93719,800,1000,3,0.8,800000,RGB,106.06937,70.7371267108235,167.6295549639,167.6295549639,7.5618486404418945,bb242dc65d07d485a5eb025312141b51,f885d7f8e0c6063a,data\raw\dataset_B\EALPR Vechicles dataset\Vehicles\1136.jpg
dataset_B,1137.jpg,1137,.jpg,106422,1080,1080,3,1.0,1166400,RGB,120.8095438957476,72.6868829983199,97.43091810979413,97.43091810979413,7.731868743896484,8465808ae246c36f82f32f0dd091daa4,e88086faf859f12e,data\raw\dataset_B\EALPR Vechicles dataset\Vehicles\1137.jpg
dataset_B,1138.jpg,1138,.jpg,177173,900,1125,3,0.8,1012500,RGB,118.61298765432099,68.50399775096373,904.8702541442829,904.8702541442829,7.704211711883545,3f4cd2cda8d3b33b42cddb74a9573cb4,ab2b941c29c256fd,data\raw\dataset_B\EALPR Vechicles dataset\Vehicles\1138.jpg
dataset_B,1139.jpg,1139,.jpg,93411,1080,1080,3,1.0,1166400,RGB,120.3120816186557,95.79343068249517,135.3871952957847,135.3871952957847,6.141808032989502,55fc516c12b34fb8c280273acb39a6f8,ea8f877a213fa160,data\raw\dataset_B\EALPR Vechicles dataset\Vehicles\1139.jpg
dataset_B,1140.jpg,1140,.jpg,92404,799,571,3,1.399299,456229,RGB,86.57090189356661,66.30755671366694,565.5200594273203,565.5200594273203,7.645541191101074,e60c8aa549a116e78c2671b7c73d87d4,ebb5a307171e889a,data\raw\dataset_B\EALPR Vechicles dataset\Vehicles\1140.jpg
dataset_B,1141.jpg,1141,.jpg,78218,1080,1080,3,1.0,1166400,RGB,105.53976423182442,98.40983819297746,241.81363353880064,241.81363353880064,5.889937400817871,65db0f4402b43e9cbc66e40f035d9552,bbd1d022a022f5fd,data\raw\dataset_B\EALPR Vechicles dataset\Vehicles\1141.jpg
dataset_B,1142.jpg,1142,.jpg,83111,1080,608,3,1.776316,656640,RGB,103.63363486842105,46.04899209308705,503.04689051032204,503.04689051032204,7.204002857208252,69d52313a39be6fec4ef258bd60b72e9,ba115dde194d92b4,data\raw\dataset_B\EALPR Vechicles dataset\Vehicles\1142.jpg
dataset_B,1143.jpg,1143,.jpg,89440,1080,1080,3,1.0,1166400,RGB,31.236183984910838,27.04909044258905,99.96456425754458,99.96456425754458,5.926013946533203,3391b4f5b61082e1d95bb62188375ff0,9babe66698983a26,data\raw\dataset_B\EALPR Vechicles dataset\Vehicles\1143.jpg
dataset_B,1144.jpg,1144,.jpg,103529,1080,776,3,1.391753,838080,RGB,52.468413516609395,57.33484565557886,451.02948714862407,451.02948714862407,6.827357292175293,8fefa9b1b62ab9045f0782a376a5e594,a8a288a0a39ff79b,data\raw\dataset_B\EALPR Vechicles dataset\Vehicles\1144.jpg
dataset_B,1145.jpg,1145,.jpg,109934,1080,776,3,1.391753,838080,RGB,61.784081471935856,50.62765413393016,259.0478043624796,259.0478043624796,7.135759353637695,5784dde733d10a03400288777a26cdbe,a9a1a3c2d57476d4,data\raw\dataset_B\EALPR Vechicles dataset\Vehicles\1145.jpg
dataset_B,1146.jpg,1146,.jpg,88254,1080,1080,3,1.0,1166400,RGB,102.73602109053498,42.05788521376076,58.35533029978869,58.35533029978869,6.964923858642578,919864060b31db8e3d7d3765a3105bf1,bbbbd4642c04d38b,data\raw\dataset_B\EALPR Vechicles dataset\Vehicles\1146.jpg
dataset_B,1147.jpg,1147,.jpg,136847,844,1055,3,0.8,890420,RGB,68.39626356101616,37.928924209237394,301.5416009026206,301.5416009026206,6.917234420776367,eec23c9a9665add95de85fca4256014f,eaa6d73301b0723b,data\raw\dataset_B\EALPR Vechicles dataset\Vehicles\1147.jpg
dataset_B,1148.jpg,1148,.jpg,128178,1080,1080,3,1.0,1166400,RGB,39.40837105624143,38.78227585280707,114.15771011948821,114.15771011948821,6.485715389251709,8080972d4bee093c4c2c6ef82ff832b8,c502ea85077e5d67,data\raw\dataset_B\EALPR Vechicles dataset\Vehicles\1148.jpg
dataset_B,1149.jpg,1149,.jpg,93405,1080,608,3,1.776316,656640,RGB,126.29437286793372,72.5053832738724,694.1476668553283,694.1476668553283,7.587596893310547,c0660dbe7aa182dce77ff461fcd9af2e,b418daa4817f76e2,data\raw\dataset_B\EALPR Vechicles dataset\Vehicles\1149.jpg
dataset_B,1150.jpg,1150,.jpg,65969,1080,810,3,1.333333,874800,RGB,36.880164609053494,33.796893541421504,35.42888659624911,35.42888659624911,6.490305423736572,a75ff4c5d17786273d2234610a92254e,a825a73ed1e262cb,data\raw\dataset_B\EALPR Vechicles dataset\Vehicles\1150.jpg
dataset_B,1151.jpg,1151,.jpg,54141,1080,1080,3,1.0,1166400,RGB,144.19872599451304,61.95222976395065,14.467223075644068,14.467223075644068,7.516533851623535,6946cf65b4926ce18c4bf8695aedc744,abf0d4b50b68d495,data\raw\dataset_B\EALPR Vechicles dataset\Vehicles\1151.jpg
dataset_B,1152.jpg,1152,.jpg,61833,1080,1080,3,1.0,1166400,RGB,114.37248199588477,97.51360636020297,26.710139737171403,26.710139737171403,6.981228351593018,2bfc0f69d4f8918fa8efdef25681d423,fdd180bc2302dcf5,data\raw\dataset_B\EALPR Vechicles dataset\Vehicles\1152.jpg
dataset_B,1153.jpg,1153,.jpg,54034,1080,810,3,1.333333,874800,RGB,29.455180612711477,29.390935826119886,44.901023899543354,44.901023899543354,5.54045295715332,53b4c47cf4f94a4fb95bff5578bba14e,92a5259e9ea1b2cb,data\raw\dataset_B\EALPR Vechicles dataset\Vehicles\1153.jpg
dataset_B,1154.jpg,1154,.jpg,48872,1080,578,3,1.868512,624240,RGB,125.58452197872613,58.92239565354578,57.21156396330187,57.21156396330187,7.52336311340332,feb92f8c36e896787f1ff7de184716bf,c03d7fc3338d7c40,data\raw\dataset_B\EALPR Vechicles dataset\Vehicles\1154.jpg
dataset_B,1155.jpg,1155,.jpg,93060,1080,1004,3,1.075697,1084320,RGB,99.08359524863509,61.381650204928086,98.00060355611912,98.00060355611912,7.624067783355713,3a4f29b1ed50f7a0931ae9d4c368a7b4,c2453f907ee7601b,data\raw\dataset_B\EALPR Vechicles dataset\Vehicles\1155.jpg
dataset_B,1156.jpg,1156,.jpg,58034,1080,809,3,1.334981,873720,RGB,61.23137732912146,46.20109761230312,36.35766470998663,36.35766470998663,6.863611221313477,221590b9f95d6a37d40510eded494242,99e26e9ee7a0c82a,data\raw\dataset_B\EALPR Vechicles dataset\Vehicles\1156.jpg
dataset_B,1157.jpg,1157,.jpg,108683,937,1171,3,0.800171,1097227,RGB,140.48333571813308,77.64289720654283,96.45536382473374,96.45536382473374,7.44644832611084,e602aac7ad045fd3283d831e851cf0b3,e0f8708387157c7e,data\raw\dataset_B\EALPR Vechicles dataset\Vehicles\1157.jpg
dataset_B,1158.jpg,1158,.jpg,213717,1080,1080,3,1.0,1166400,RGB,90.2211488340192,52.999501585355425,824.004263863321,824.004263863321,7.585958957672119,7a624171b8848bedff364786f091301f,e986bedd853a9121,data\raw\dataset_B\EALPR Vechicles dataset\Vehicles\1158.jpg
dataset_B,1159.jpg,1159,.jpg,41915,1080,1080,3,1.0,1166400,RGB,36.43794495884774,65.98907414653164,374.0301851690851,374.0301851690851,4.590090751647949,af5430390dfbd4ebacd20c535f2d3e08,9669699669719669,data\raw\dataset_B\EALPR Vechicles dataset\Vehicles\1159.jpg
dataset_B,1160.jpg,1160,.jpg,106586,950,1125,3,0.844444,1068750,RGB,90.34569824561403,54.25304681532983,102.47368887735529,102.47368887735529,7.5024847984313965,cc41c181b38a2123d1d6fa83d1710d46,82012d7ff27b93c4,data\raw\dataset_B\EALPR Vechicles dataset\Vehicles\1160.jpg
dataset_B,1161.jpg,1161,.jpg,128966,900,1125,3,0.8,1012500,RGB,140.33900641975308,87.31104443921811,535.9173973807408,535.9173973807408,6.1889801025390625,b7a593f7a3a6c1918a89b2ea09331cc8,ea78e1c1c8d8cacb,data\raw\dataset_B\EALPR Vechicles dataset\Vehicles\1161.jpg
dataset_B,1162.jpg,1162,.jpg,92630,900,1125,3,0.8,1012500,RGB,104.0791812345679,51.287089579080096,214.24747059474691,214.24747059474691,6.538248062133789,276538ddc98d9304f0d1514f629ada42,af35b7838301393d,data\raw\dataset_B\EALPR Vechicles dataset\Vehicles\1162.jpg
dataset_B,1163.jpg,1163,.jpg,136237,1080,1351,3,0.799408,1459080,RGB,134.3510643693286,57.49812107805857,57.56312126972797,57.56312126972797,7.258356094360352,343a969b176d0cf15c51f358c5f83ffd,9cfe6a89d1629295,data\raw\dataset_B\EALPR Vechicles dataset\Vehicles\1163.jpg
dataset_B,1164.jpg,1164,.jpg,107780,800,1000,3,0.8,800000,RGB,78.463705,39.49595758014958,260.7598712402484,260.7598712402484,6.985160827636719,c0347d68878c671f6480d82189faaf79,ae78d4c61e282f93,data\raw\dataset_B\EALPR Vechicles dataset\Vehicles\1164.jpg
dataset_B,1165.jpg,1165,.jpg,107182,1080,1080,3,1.0,1166400,RGB,109.97539008916324,44.037454933814715,46.73307482370971,46.73307482370971,7.242086887359619,5eb39645660693dbfb16f0ca99612838,ea685d3e9ea16113,data\raw\dataset_B\EALPR Vechicles dataset\Vehicles\1165.jpg
dataset_B,1166.jpg,1166,.jpg,44159,1080,810,3,1.333333,874800,RGB,18.518246456332875,26.516995023786592,13.074764438526572,13.074764438526572,5.409864902496338,3da485b5c128c6c68b4b97d4c9c8e2f6,efacb1b98cac3130,data\raw\dataset_B\EALPR Vechicles dataset\Vehicles\1166.jpg
dataset_B,1167.jpg,1167,.jpg,150019,900,1125,3,0.8,1012500,RGB,105.13840888888889,68.08095453130088,879.9791643815116,879.9791643815116,7.5113043785095215,e5151d1743caeb2010ebf7f003486403,bf52e03b81852f5a,data\raw\dataset_B\EALPR Vechicles dataset\Vehicles\1167.jpg
dataset_B,1168.jpg,1168,.jpg,143312,720,720,3,1.0,518400,RGB,87.14332368827161,58.96939976290704,3960.479933622383,3960.479933622383,7.632923126220703,73e77a386e770e80ca2b469b84dcbfa6,ec71e32ad431cb46,data\raw\dataset_B\EALPR Vechicles dataset\Vehicles\1168.jpg
dataset_B,1169.jpg,1169,.jpg,103570,900,1125,3,0.8,1012500,RGB,97.02734814814815,74.82381271932466,348.43999204163845,348.43999204163845,7.357337951660156,1615f24094508b43241fb19a597929a2,efc5c1cae0f03ab0,data\raw\dataset_B\EALPR Vechicles dataset\Vehicles\1169.jpg
dataset_B,1170.jpg,1170,.jpg,86736,900,1125,3,0.8,1012500,RGB,105.0536098765432,73.9122226418451,522.5860305992419,522.5860305992419,7.525338649749756,629742ad7924121dd71b2f85aebd95f6,eecc2e13c30b3db0,data\raw\dataset_B\EALPR Vechicles dataset\Vehicles\1170.jpg
dataset_B,1171.jpg,1171,.jpg,56762,1080,608,3,1.776316,656640,RGB,112.57028965643275,60.00582847874637,62.01904329878686,62.01904329878686,7.443532943725586,06f30e7951faebd7a98dbc60676ab9c5,9bc90d36f0f6d803,data\raw\dataset_B\EALPR Vechicles dataset\Vehicles\1171.jpg
dataset_B,1172.jpg,1172,.jpg,147965,1080,1079,3,1.000927,1165320,RGB,107.39407373082072,75.51533567683168,234.94000386183222,234.94000386183222,7.699174880981445,2ca137a8d504a4365b9fd40469d7ed7a,df84ac79e0a099e6,data\raw\dataset_B\EALPR Vechicles dataset\Vehicles\1172.jpg
dataset_B,1173.jpg,1173,.jpg,89915,1080,1079,3,1.000927,1165320,RGB,71.30648920468198,56.929664979252344,44.49278240469277,44.49278240469277,7.236175537109375,f6e7b9abd38acb9e196ef470b21f6eb9,fc8af47382a1ca8d,data\raw\dataset_B\EALPR Vechicles dataset\Vehicles\1173.jpg
dataset_B,1174.jpg,1174,.jpg,151920,900,1125,3,0.8,1012500,RGB,122.8850024691358,67.7889808246658,675.3083367615999,675.3083367615999,7.439299583435059,b1e23735fb6772afd4e1ec97beb19b7c,bf93d2b034b4b438,data\raw\dataset_B\EALPR Vechicles dataset\Vehicles\1174.jpg
dataset_B,1175.jpg,1175,.jpg,148615,1080,1080,3,1.0,1166400,RGB,88.05195558984911,60.10271649325914,433.8564866245618,433.8564866245618,7.589176654815674,cd3fe7fcf9234e4a444f8238c431ec2d,8ac2d17cf4c2cbc3,data\raw\dataset_B\EALPR Vechicles dataset\Vehicles\1175.jpg
dataset_B,1176.jpg,1176,.jpg,207956,1080,1350,3,0.8,1458000,RGB,133.72782510288067,67.81056423944185,208.91092622827185,208.91092622827185,7.8462395668029785,d9ed1d657271b5f98d9c7bcbd786d68b,ece46ed0642f1cd4,data\raw\dataset_B\EALPR Vechicles dataset\Vehicles\1176.jpg
dataset_B,1177.jpg,1177,.jpg,62553,900,1125,3,0.8,1012500,RGB,49.47536,65.61640403361419,289.1354518518275,289.1354518518275,6.168788433074951,90c11ce4409f5e0193cce5d94b04006f,be266bc97aa414d2,data\raw\dataset_B\EALPR Vechicles dataset\Vehicles\1177.jpg
dataset_B,1178.jpg,1178,.jpg,88867,900,1125,3,0.8,1012500,RGB,64.88247604938272,64.95983377763007,297.91774443150405,297.91774443150405,6.642078399658203,64c9eba8d863c2c4103a8d859e39f57c,ab78a526942d9e35,data\raw\dataset_B\EALPR Vechicles dataset\Vehicles\1178.jpg
dataset_B,1179.jpg,1179,.jpg,40324,1080,810,3,1.333333,874800,RGB,16.54986282578875,34.49528007221512,49.59107906603096,49.59107906603096,4.857242107391357,53fc3d546fe0cc7b02410b20b9d05741,a8e8775799a86474,data\raw\dataset_B\EALPR Vechicles dataset\Vehicles\1179.jpg
dataset_B,1180.jpg,1180,.jpg,176421,1080,1080,3,1.0,1166400,RGB,101.56416923868312,42.627505710245146,418.41399944969714,418.41399944969714,7.354592800140381,4faf120d04dcbe744b0d5f8fd445bb49,a9f2c65f978288a6,data\raw\dataset_B\EALPR Vechicles dataset\Vehicles\1180.jpg
dataset_B,1181.jpg,1181,.jpg,63026,1080,810,3,1.333333,874800,RGB,140.72627000457248,59.130874758178415,214.4200731030454,214.4200731030454,7.351113319396973,b1e297a1f5a612fd621582a83eec1338,80813ff57e52f0ac,data\raw\dataset_B\EALPR Vechicles dataset\Vehicles\1181.jpg
dataset_B,1182.jpg,1182,.jpg,105442,1080,988,3,1.093117,1067040,RGB,113.75033644474433,68.46762293663923,134.5349418560445,134.5349418560445,7.549129962921143,a0c3d4116070e05773d86187216e8014,af0ec2e03d965279,data\raw\dataset_B\EALPR Vechicles dataset\Vehicles\1182.jpg
dataset_B,1183.jpg,1183,.jpg,95699,900,1125,3,0.8,1012500,RGB,95.84343703703703,63.24153935421307,377.426986537422,377.426986537422,7.347847938537598,6003a9e4ba40316747e5bb9f2f4fd15e,ea823d7fc0c22ad5,data\raw\dataset_B\EALPR Vechicles dataset\Vehicles\1183.jpg
dataset_B,1184.jpg,1184,.jpg,84699,900,1125,3,0.8,1012500,RGB,79.61727802469136,64.73033095938749,275.9189703301317,275.9189703301317,6.980312347412109,bf35337b435bd3d01070c0b0f51bd8a9,ea813e3e60749e8e,data\raw\dataset_B\EALPR Vechicles dataset\Vehicles\1184.jpg
dataset_B,1185.jpg,1185,.jpg,79942,1080,847,3,1.275089,914760,RGB,119.77053872053872,84.81805646164695,88.60453976735445,88.60453976735445,7.426175117492676,f7c0c7e35700f03d8979f59233bd7f0b,dc80b217de5f6164,data\raw\dataset_B\EALPR Vechicles dataset\Vehicles\1185.jpg
dataset_B,1186.jpg,1186,.jpg,124672,900,1125,3,0.8,1012500,RGB,110.16099358024691,76.30805842001585,362.71400980061236,362.71400980061236,7.561241626739502,f3bfc7faf9dfe2b4ee4886fa60c8ff36,ab61803c729a73d7,data\raw\dataset_B\EALPR Vechicles dataset\Vehicles\1186.jpg
dataset_B,1187.jpg,1187,.jpg,53340,900,1125,3,0.8,1012500,RGB,156.40818172839505,85.68348199298414,176.20794962667887,176.20794962667887,6.352723121643066,8a5c60925546f1f4d6bd0816103c80f2,bf919c3c254b943c,data\raw\dataset_B\EALPR Vechicles dataset\Vehicles\1187.jpg
dataset_B,1188.jpg,1188,.jpg,33496,900,1125,3,0.8,1012500,RGB,24.849075555555554,61.736862390807104,294.77097086416234,294.77097086416234,4.5041704177856445,96d1b74474fa6b4b6759008e516c73d3,ae336b8edc21ca4a,data\raw\dataset_B\EALPR Vechicles dataset\Vehicles\1188.jpg
dataset_B,1189.jpg,1189,.jpg,71413,900,1125,3,0.8,1012500,RGB,66.2751486419753,66.29906408955367,347.2184305413531,347.2184305413531,6.798877716064453,af10ae09171957898c57ce1576dde088,ea872d7d90c1da86,data\raw\dataset_B\EALPR Vechicles dataset\Vehicles\1189.jpg
dataset_B,1190.jpg,1190,.jpg,118392,900,1125,3,0.8,1012500,RGB,75.19925234567901,69.30961449870813,608.0958650294957,608.0958650294957,7.2235426902771,ffad106bcde9b5cb34bbdf41b4ab4972,ea8dabcb0b0a623e,data\raw\dataset_B\EALPR Vechicles dataset\Vehicles\1190.jpg
dataset_B,1191.jpg,1191,.jpg,208672,1080,1080,3,1.0,1166400,RGB,116.32640775034294,66.05235365743573,849.6313427318837,849.6313427318837,7.906996250152588,06c64f092d2926cc5b775245ee569334,fd02c23f7d24114f,data\raw\dataset_B\EALPR Vechicles dataset\Vehicles\1191.jpg
dataset_B,1192.jpg,1192,.jpg,122621,900,1125,3,0.8,1012500,RGB,62.137196049382716,52.69693400278063,229.740393932363,229.740393932363,7.222289562225342,c4534d9a6f785d1ac28d2fafa025c38c,c4357acbd836e4c4,data\raw\dataset_B\EALPR Vechicles dataset\Vehicles\1192.jpg
dataset_B,1193.jpg,1193,.jpg,134496,900,1125,3,0.8,1012500,RGB,59.13386864197531,50.45096648172145,256.9686756235052,256.9686756235052,7.192911624908447,44a08f4f44752271da04a10d363a986a,cdb15fc29226c578,data\raw\dataset_B\EALPR Vechicles dataset\Vehicles\1193.jpg
dataset_B,1194.jpg,1194,.jpg,69358,1080,810,3,1.333333,874800,RGB,78.68218564243256,58.10055849213226,36.77726634122942,36.77726634122942,7.184449672698975,2a74a8185d76987d39d832cd962e214d,e3e2e787d2e0e0d0,data\raw\dataset_B\EALPR Vechicles dataset\Vehicles\1194.jpg
dataset_B,1195.jpg,1195,.jpg,73488,1080,810,3,1.333333,874800,RGB,81.41954503886603,60.13952200713058,48.77898347017826,48.77898347017826,7.218975067138672,2953d197850c38f00a96f632f8dbc7f8,c6c6ce1ee5c1c1f0,data\raw\dataset_B\EALPR Vechicles dataset\Vehicles\1195.jpg
dataset_B,1196.jpg,1196,.jpg,63826,900,1125,3,0.8,1012500,RGB,80.92042962962962,66.22854539843976,261.9329718408915,261.9329718408915,6.9511213302612305,80ac6923bb47fe049874781c88ecc918,ee3a33c34cb4c24b,data\raw\dataset_B\EALPR Vechicles dataset\Vehicles\1196.jpg
dataset_B,1197.jpg,1197,.jpg,92499,1080,810,3,1.333333,874800,RGB,99.54924439871971,61.55421031682648,139.60857441914087,139.60857441914087,7.654886722564697,e8bbd58d08d946f0f44f6641dd84f487,aed5730cf8a2628e,data\raw\dataset_B\EALPR Vechicles dataset\Vehicles\1197.jpg
dataset_B,1198.jpg,1198,.jpg,125716,827,827,3,1.0,683929,RGB,79.71573072643505,60.04027811867724,667.3002457872941,667.3002457872941,7.4769392013549805,3b4d72d6d9da3bfe65496cca71c37974,b5a42fa5d446693a,data\raw\dataset_B\EALPR Vechicles dataset\Vehicles\1198.jpg
dataset_B,1199.jpg,1199,.jpg,116920,1080,1080,3,1.0,1166400,RGB,85.60956704389575,63.612779032538654,237.32236081812746,237.32236081812746,7.358036518096924,6eaee00337800ebe94b2ac29f93a4f79,eeaeb6149c06c69c,data\raw\dataset_B\EALPR Vechicles dataset\Vehicles\1199.jpg
dataset_B,1200.jpg,1200,.jpg,64348,1080,810,3,1.333333,874800,RGB,84.11992569730224,68.074721744551,108.28414715963555,108.28414715963555,7.052981376647949,bd600e419bcc7589cdb8c12bad455e24,813f6e8091eac8bf,data\raw\dataset_B\EALPR Vechicles dataset\Vehicles\1200.jpg
dataset_B,1201.jpg,1201,.jpg,87400,1080,810,3,1.333333,874800,RGB,61.01435299497028,48.07872333117516,132.18651281552187,132.18651281552187,6.984370231628418,be98029d275a757ac2fd2cbccf8cd729,ab90d32af514e639,data\raw\dataset_B\EALPR Vechicles dataset\Vehicles\1201.jpg
dataset_B,1202.jpg,1202,.jpg,50415,1080,773,3,1.397154,834840,RGB,66.99701499688562,46.43385311348811,26.823661721748802,26.823661721748802,6.628503322601318,c28c7f382284f4e52dc515ece7b3d288,ffffe5c8aa0080c2,data\raw\dataset_B\EALPR Vechicles dataset\Vehicles\1202.jpg
dataset_B,1203.jpg,1203,.jpg,25646,1036,1125,3,0.920889,1165500,RGB,21.119867867867868,21.89788425455656,4.419160861544759,4.419160861544759,5.26057243347168,f40537defb339b5bff8ea8b17a734ba4,ffe1c0f0fa1d0198,data\raw\dataset_B\EALPR Vechicles dataset\Vehicles\1203.jpg
dataset_B,1204.jpg,1204,.jpg,137912,937,1170,3,0.800855,1096290,RGB,90.99419314232549,57.466973009918945,304.9974640845885,304.9974640845885,7.637535095214844,6ee51f84a5cfb8a73655a268a71a34d3,ece9931610fc3d91,data\raw\dataset_B\EALPR Vechicles dataset\Vehicles\1204.jpg
dataset_B,1205.jpg,1205,.jpg,124283,750,750,3,1.0,562500,RGB,100.19837155555555,69.59710878935316,615.905893948985,615.905893948985,7.7935404777526855,336ffdf253e50fde64b457b8fee5024e,a8d22b2df22dcae1,data\raw\dataset_B\EALPR Vechicles dataset\Vehicles\1205.jpg
dataset_B,1206.jpg,1206,.jpg,109577,1080,1080,3,1.0,1166400,RGB,118.7540372085048,68.6301289462907,107.95971194207632,107.95971194207632,7.752198219299316,7ef2cccdf84301c22ec311edcb5a2938,c28237fc94c58d4f,data\raw\dataset_B\EALPR Vechicles dataset\Vehicles\1206.jpg
dataset_B,1207.jpg,1207,.jpg,175263,900,1125,3,0.8,1012500,RGB,136.15493333333333,62.33946450819412,696.8237167088198,696.8237167088198,7.629072189331055,56f32f4c82de39ef11d6ae3c30d29396,aba7252bd2e02597,data\raw\dataset_B\EALPR Vechicles dataset\Vehicles\1207.jpg
dataset_B,1208.jpg,1208,.jpg,124800,1080,1080,3,1.0,1166400,RGB,111.74298268175583,63.53118368673149,121.0392509372836,121.0392509372836,7.742464542388916,ef34c9524f788f338af9922587ea50ab,8829ea9ee322bea6,data\raw\dataset_B\EALPR Vechicles dataset\Vehicles\1208.jpg
dataset_B,1209.jpg,1209,.jpg,106398,1080,810,3,1.333333,874800,RGB,117.7039060356653,67.42600828566924,162.40652469601517,162.40652469601517,7.473715305328369,553bf69d5897f88f7eaa95001a3d96c2,f4b4c08357ddb5a0,data\raw\dataset_B\EALPR Vechicles dataset\Vehicles\1209.jpg
dataset_B,1210.jpg,1210,.jpg,43541,900,1125,3,0.8,1012500,RGB,135.5720237037037,104.34915059249994,168.06121477261246,168.06121477261246,5.268582344055176,741facc4b68809117de40936d4329aad,d7c3882cb4d253f8,data\raw\dataset_B\EALPR Vechicles dataset\Vehicles\1210.jpg
dataset_B,1211.jpg,1211,.jpg,64345,900,1125,3,0.8,1012500,RGB,103.11356641975308,72.23311459367423,195.19689876237305,195.19689876237305,7.174529075622559,c8f4dff4103793827296aab87da356a0,faf0e0471d26c2e9,data\raw\dataset_B\EALPR Vechicles dataset\Vehicles\1211.jpg
dataset_B,1212.jpg,1212,.jpg,74387,1080,810,3,1.333333,874800,RGB,137.15757430269775,54.16481050964129,120.69245269120368,120.69245269120368,7.426283836364746,7090d38b15c95ded700e0f2c6e418362,a982d67f892d2595,data\raw\dataset_B\EALPR Vechicles dataset\Vehicles\1212.jpg
dataset_B,1213.jpg,1213,.jpg,85827,900,1125,3,0.8,1012500,RGB,84.10724839506173,68.19767702501983,292.59769211805514,292.59769211805514,7.243137836456299,e7afa02f6e9fe91d580b72da24de65c6,fec62d2d87c9c860,data\raw\dataset_B\EALPR Vechicles dataset\Vehicles\1213.jpg
dataset_B,1214.jpg,1214,.jpg,63934,611,519,3,1.177264,317109,RGB,149.49158806593317,41.669783149563926,566.3951243107496,566.3951243107496,7.308088302612305,ed36eaa5423ae9ce4554dbd8fe4973f6,aa87952bff21a185,data\raw\dataset_B\EALPR Vechicles dataset\Vehicles\1214.jpg
dataset_B,1215.jpg,1215,.jpg,56470,1080,1013,3,1.06614,1094040,RGB,90.45303736609264,42.404276243014245,22.970606290723598,22.970606290723598,7.007619857788086,3596aa2ffd4745858bbb59e478b2f8ca,8eab31210ccdbd3b,data\raw\dataset_B\EALPR Vechicles dataset\Vehicles\1215.jpg
dataset_B,1216.jpg,1216,.jpg,87092,1080,895,3,1.206704,966600,RGB,145.24617525346576,61.43679940883476,202.27170765765584,202.27170765765584,7.351998329162598,cb365c453d9ca98af5d41bcff82f093f,f1a1b13f8726416d,data\raw\dataset_B\EALPR Vechicles dataset\Vehicles\1216.jpg
dataset_B,1217.jpg,1217,.jpg,34225,1080,608,3,1.776316,656640,RGB,122.91594328703704,52.15520055572124,45.89623412019319,45.89623412019319,6.795881748199463,10d8c6d930a2994007084f06000ad3ea,c7c9c133f33b580c,data\raw\dataset_B\EALPR Vechicles dataset\Vehicles\1217.jpg
dataset_B,1218.jpg,1218,.jpg,51619,900,1125,3,0.8,1012500,RGB,80.3330024691358,66.16218715108207,228.61378665858888,228.61378665858888,6.832053184509277,cb8ae653631838ca074686edb163736f,fbd9c9c8c8e026c6,data\raw\dataset_B\EALPR Vechicles dataset\Vehicles\1218.jpg
dataset_B,1219.jpg,1219,.jpg,46909,900,1125,3,0.8,1012500,RGB,109.95333037037037,61.93382520013582,149.35512394143913,149.35512394143913,7.056435585021973,9fb10fb957042ee00897f9180f46ea30,fbd991d908ec24e2,data\raw\dataset_B\EALPR Vechicles dataset\Vehicles\1219.jpg
dataset_B,1220.jpg,1220,.jpg,66401,1080,1079,3,1.000927,1165320,RGB,79.31361171180448,47.600984615771196,75.53610165721054,75.53610165721054,7.230867385864258,9ba7bcf094eec12c3103ad9422427c1c,8667654e8a607a9f,data\raw\dataset_B\EALPR Vechicles dataset\Vehicles\1220.jpg
dataset_B,1221.jpg,1221,.jpg,113406,900,1125,3,0.8,1012500,RGB,103.46098469135802,67.31094360258137,426.38205077817065,426.38205077817065,7.305727958679199,b9cd93404f18ba703e7aa9e080952ddf,bf9594b527aa9222,data\raw\dataset_B\EALPR Vechicles dataset\Vehicles\1221.jpg
dataset_B,1222.jpg,1222,.jpg,108280,810,810,3,1.0,656100,RGB,91.3419966468526,58.64484015645937,521.9535367729309,521.9535367729309,7.3986897468566895,8f7546404e31f48d69e673a8322a383c,ac75d04aadb42e53,data\raw\dataset_B\EALPR Vechicles dataset\Vehicles\1222.jpg
dataset_B,1223.jpg,1223,.jpg,32518,1080,810,3,1.333333,874800,RGB,53.83624371284865,50.48940993753056,49.28687242764902,49.28687242764902,6.79889440536499,62f701493d0d586ce009be85ad4202bd,d7b038cef4218e66,data\raw\dataset_B\EALPR Vechicles dataset\Vehicles\1223.jpg
dataset_B,1224.jpg,1224,.jpg,56648,1080,608,3,1.776316,656640,RGB,81.94030214424951,67.52827720916297,307.4704117392483,307.4704117392483,7.432690620422363,c09cb1fbdc577f5a0f9f24401b3a36c5,8bd335a56a189c6b,data\raw\dataset_B\EALPR Vechicles dataset\Vehicles\1224.jpg
dataset_B,1225.jpg,1225,.jpg,37584,1080,608,3,1.776316,656640,RGB,108.8001644736842,63.313770442368174,163.21901611269448,163.21901611269448,7.4268269538879395,c85fc9e19ff407317bc29ae775fc0806,d3b1a01e695fccb0,data\raw\dataset_B\EALPR Vechicles dataset\Vehicles\1225.jpg
dataset_B,1226.jpg,1226,.jpg,124653,937,1170,3,0.800855,1096290,RGB,139.87935309087925,74.76313145569809,327.39956023335424,327.39956023335424,7.710613250732422,d3033000eb041ca76213152d24d51b0f,fdc0d36d207b5494,data\raw\dataset_B\EALPR Vechicles dataset\Vehicles\1226.jpg
dataset_B,1227.jpg,1227,.jpg,55155,1080,810,3,1.333333,874800,RGB,104.83829903978052,75.12885243231908,51.0653551302013,51.0653551302013,7.753122329711914,04cb08510dc0c9372ff2405d24fbce47,aaea683cea5a0ea5,data\raw\dataset_B\EALPR Vechicles dataset\Vehicles\1227.jpg
dataset_B,1228.jpg,1228,.jpg,79823,900,1125,3,0.8,1012500,RGB,98.59536395061728,73.83924572624389,260.20914530706807,260.20914530706807,7.425850868225098,753b22b3187875942e2c2b287f0a0aeb,fa81e16b1a7a2785,data\raw\dataset_B\EALPR Vechicles dataset\Vehicles\1228.jpg
dataset_B,1229.jpg,1229,.jpg,97088,1080,1080,3,1.0,1166400,RGB,67.62736796982168,40.07153037084705,39.73868262120995,39.73868262120995,7.053563117980957,8ef0df2bd465eaf5e371bfd790a229dd,81d93e2e43d27a72,data\raw\dataset_B\EALPR Vechicles dataset\Vehicles\1229.jpg
dataset_B,1230.jpg,1230,.jpg,46110,900,1125,3,0.8,1012500,RGB,164.27144395061728,73.77388806452444,118.13597823180223,118.13597823180223,6.071310997009277,1a40a489b1a687812a32f089e2c8ef3e,bad193cd3484e4cd,data\raw\dataset_B\EALPR Vechicles dataset\Vehicles\1230.jpg
dataset_B,1231.jpg,1231,.jpg,82343,900,1125,3,0.8,1012500,RGB,108.36129185185185,75.00452974995977,209.15492476010363,209.15492476010363,7.442539215087891,bce09b26733e2657210fb2059e8cbef1,af85d07a1c2c3d95,data\raw\dataset_B\EALPR Vechicles dataset\Vehicles\1231.jpg
dataset_B,1232.jpg,1232,.jpg,75216,1080,810,3,1.333333,874800,RGB,99.0007304526749,60.95790830541758,163.27541091560494,163.27541091560494,7.658414363861084,70616eef54365b9e63d0741a21b71bca,c383ac3cdac26e78,data\raw\dataset_B\EALPR Vechicles dataset\Vehicles\1232.jpg
dataset_B,1233.jpg,1233,.jpg,67554,900,1125,3,0.8,1012500,RGB,156.236452345679,96.41907347508788,265.6024023940497,265.6024023940497,5.315614700317383,0b3f4dfab0822b24df112d867c057853,fdd5a02a9a3a62d4,data\raw\dataset_B\EALPR Vechicles dataset\Vehicles\1233.jpg
dataset_B,1234.jpg,1234,.jpg,143189,800,1000,3,0.8,800000,RGB,112.4612375,61.305655631993645,296.83013232359997,296.83013232359997,7.797390937805176,077aaeab21861d64fc84485b62cec4e1,a475c12c14956def,data\raw\dataset_B\EALPR Vechicles dataset\Vehicles\1234.jpg
dataset_B,1235.jpg,1235,.jpg,40677,900,1125,3,0.8,1012500,RGB,97.07559308641976,109.27326748532715,443.9178548148148,443.9178548148148,4.9732666015625,4a6f161abb9bc3ea844f184aead43dac,eb3e6a9cc0e2313c,data\raw\dataset_B\EALPR Vechicles dataset\Vehicles\1235.jpg
dataset_B,1236.jpg,1236,.jpg,72418,900,1125,3,0.8,1012500,RGB,60.97325333333333,60.09717343180431,215.48318600564934,215.48318600564934,6.10821533203125,783ac46611a4f67ee1aa4359aa9ec201,fbad2f2fc90d2500,data\raw\dataset_B\EALPR Vechicles dataset\Vehicles\1236.jpg
dataset_B,1237.jpg,1237,.jpg,68805,900,1125,3,0.8,1012500,RGB,126.87312888888889,92.83930089213791,290.3800838657277,290.3800838657277,6.080156326293945,727c3101e9cd56b47bcbf765a7b47a7e,be94c2c26323c3cf,data\raw\dataset_B\EALPR Vechicles dataset\Vehicles\1237.jpg
dataset_B,1238.jpg,1238,.jpg,68369,900,1125,3,0.8,1012500,RGB,132.02153382716048,92.26812192974577,269.17878112574937,269.17878112574937,6.103765487670898,0eeec7712eb9897971562a545bc013d7,eec4c0c16fcdc83c,data\raw\dataset_B\EALPR Vechicles dataset\Vehicles\1238.jpg
dataset_B,1239.jpg,1239,.jpg,59026,900,1125,3,0.8,1012500,RGB,123.90532641975308,97.08901338144466,271.271856771815,271.271856771815,5.945554733276367,ac3bfc64cf4049cec70b05e41d1258de,ee84c0c7c7cbc90d,data\raw\dataset_B\EALPR Vechicles dataset\Vehicles\1239.jpg
dataset_B,1240.jpg,1240,.jpg,66972,900,1125,3,0.8,1012500,RGB,131.1690972839506,95.54593142068809,282.2981154041289,282.2981154041289,6.077341079711914,901d1faab6cf1749521d8dd9b3ab22b9,eec4c14fc9983939,data\raw\dataset_B\EALPR Vechicles dataset\Vehicles\1240.jpg
dataset_B,1241.jpg,1241,.jpg,66871,900,1125,3,0.8,1012500,RGB,133.87255703703704,96.13175312447505,250.11326381527107,250.11326381527107,6.128324508666992,937f49c46f7eee823233bf2a88e8e534,ebc1c3cb99193133,data\raw\dataset_B\EALPR Vechicles dataset\Vehicles\1241.jpg
dataset_B,1242.jpg,1242,.jpg,63230,900,1125,3,0.8,1012500,RGB,134.35584691358025,96.9510503404161,258.7382340497227,258.7382340497227,6.061955451965332,645d967362da324a6615961f1551cb7f,efc0c31bd9387312,data\raw\dataset_B\EALPR Vechicles dataset\Vehicles\1242.jpg
dataset_B,1243.jpg,1243,.jpg,40507,960,754,3,1.27321,723840,RGB,114.78325458664898,58.0353947672954,148.64288347242163,148.64288347242163,7.382634162902832,ff52bcc036ef8a704b7a2fdb78d355b0,d4d5a5639c1c73c2,data\raw\dataset_B\EALPR Vechicles dataset\Vehicles\1243.jpg
dataset_B,1244.jpg,1244,.jpg,71398,900,1125,3,0.8,1012500,RGB,146.78101037037038,89.12827227985235,240.6580519233395,240.6580519233395,6.027833938598633,186428c32b3f67de98de0de1398b3ec9,eac1cb3b5a32c28e,data\raw\dataset_B\EALPR Vechicles dataset\Vehicles\1244.jpg
dataset_B,1245.jpg,1245,.jpg,103168,1080,1080,3,1.0,1166400,RGB,144.86737654320987,53.72436551934601,232.5272439826627,232.5272439826627,7.517333984375,ce92c0025ffe995e4b7639a0ecc19c02,a6a6cc7c8b52548f,data\raw\dataset_B\EALPR Vechicles dataset\Vehicles\1245.jpg
dataset_B,1246.jpg,1246,.jpg,51395,900,1125,3,0.8,1012500,RGB,169.16699061728394,85.22612723813211,157.2049036266803,157.2049036266803,5.799928188323975,cee0e51c3f1f82efd24a8e6fe9e7e41b,ebc59e1ab0a56ec0,data\raw\dataset_B\EALPR Vechicles dataset\Vehicles\1246.jpg
dataset_B,1247.jpg,1247,.jpg,54736,900,1125,3,0.8,1012500,RGB,161.76356839506172,84.73802394189794,183.49191999851632,183.49191999851632,5.953706741333008,b274d0865f6eac281e37b364973a040e,fac0878f98903737,data\raw\dataset_B\EALPR Vechicles dataset\Vehicles\1247.jpg
dataset_B,1248.jpg,1248,.jpg,97766,900,1125,3,0.8,1012500,RGB,113.31124938271606,80.86946421755313,392.06341332611885,392.06341332611885,7.249170780181885,0d89e8cc89caf0d9ebb4d954eb6ffe47,ae85e06b7038359f,data\raw\dataset_B\EALPR Vechicles dataset\Vehicles\1248.jpg
dataset_B,1249.jpg,1249,.jpg,90738,900,1125,3,0.8,1012500,RGB,110.53886419753087,76.46655512080615,436.5913510179732,436.5913510179732,7.480055809020996,5184bc951f8c9d39f93c474559941d98,ff81d08f037a70e8,data\raw\dataset_B\EALPR Vechicles dataset\Vehicles\1249.jpg
dataset_B,1250.jpg,1250,.jpg,83648,825,825,3,1.0,680625,RGB,44.55248778696051,31.98563711529502,137.12092121163553,137.12092121163553,6.613157749176025,80dc234cba5d020e0aa32516a0baa64b,a5a4161e09fb6f62,data\raw\dataset_B\EALPR Vechicles dataset\Vehicles\1250.jpg
dataset_B,1251.jpg,1251,.jpg,54875,1080,810,3,1.333333,874800,RGB,68.17954046639233,64.91539827720354,53.94951431184271,53.94951431184271,7.3004560470581055,0fdbf4f4f7dd190a87f2a29d925dc945,abfd0402969b4d3d,data\raw\dataset_B\EALPR Vechicles dataset\Vehicles\1251.jpg
dataset_B,1252.jpg,1252,.jpg,80909,900,1125,3,0.8,1012500,RGB,118.39450666666667,65.0381892224058,221.18388791298005,221.18388791298005,7.499297142028809,be6433f2c591dc67fb5b79a0be1b3ee2,abb09696ad2df0a2,data\raw\dataset_B\EALPR Vechicles dataset\Vehicles\1252.jpg
dataset_B,1253.jpg,1253,.jpg,57188,900,1125,3,0.8,1012500,RGB,105.39276444444444,68.73294390659031,233.72301037017917,233.72301037017917,7.186276435852051,de9721b523a198f801554885fba06d2f,efc5c189e8b0f232,data\raw\dataset_B\EALPR Vechicles dataset\Vehicles\1253.jpg
dataset_B,1254.jpg,1254,.jpg,71798,900,1125,3,0.8,1012500,RGB,104.22741333333333,65.84691638750992,192.76718554854438,192.76718554854438,7.414539337158203,e732fa184685107ad4385a9b37725876,fad0e84b0f2c3e94,data\raw\dataset_B\EALPR Vechicles dataset\Vehicles\1254.jpg
dataset_B,1255.jpg,1255,.jpg,121128,825,825,3,1.0,680625,RGB,74.94919228650137,65.93775011340574,376.3258063831536,376.3258063831536,7.303046703338623,7bc1331edad5280cbf409ec421bc1fae,af2f922eda324c92,data\raw\dataset_B\EALPR Vechicles dataset\Vehicles\1255.jpg
dataset_B,1256.jpg,1256,.jpg,64237,1080,808,3,1.336634,872640,RGB,118.68593005133847,59.56715543148446,150.126277729039,150.126277729039,7.688394069671631,3a612beb3ba699dbf21183e535ea9b50,f514d2fe0303353d,data\raw\dataset_B\EALPR Vechicles dataset\Vehicles\1256.jpg
dataset_B,1257.jpg,1257,.jpg,76066,1080,810,3,1.333333,874800,RGB,96.40982624599908,69.40789479924915,233.09613806894708,233.09613806894708,7.239670753479004,1f5c03e908ab0729b9a08a2d02d6a01c,c7d384c2bc2f62ac,data\raw\dataset_B\EALPR Vechicles dataset\Vehicles\1257.jpg
dataset_B,1258.jpg,1258,.jpg,68521,1080,607,3,1.779242,655560,RGB,102.91471413753128,62.57720295729307,473.86808598715476,473.86808598715476,7.774568557739258,97f4a71568990379c83380427d917489,8a8b7442977ccad3,data\raw\dataset_B\EALPR Vechicles dataset\Vehicles\1258.jpg
dataset_B,1259.jpg,1259,.jpg,50832,1080,606,3,1.782178,654480,RGB,106.37155604449333,68.87784161757364,282.68806645563177,282.68806645563177,7.677048683166504,fa71e7eb13e59a3a8d23b53f502cf879,d3da9430dfcc8c8c,data\raw\dataset_B\EALPR Vechicles dataset\Vehicles\1259.jpg
dataset_B,1260.jpg,1260,.jpg,34522,1080,810,3,1.333333,874800,RGB,62.119702789208965,63.18070770252472,26.82929568976403,26.82929568976403,6.756410598754883,e79d8938f4c995939a00cf886688d8ad,d0da2fcb926f2518,data\raw\dataset_B\EALPR Vechicles dataset\Vehicles\1260.jpg
dataset_B,1261.jpg,1261,.jpg,95324,1080,808,3,1.336634,872640,RGB,65.24034653465347,47.63945568287245,231.79277693390577,231.79277693390577,7.047926425933838,2f65a6bc3be6b774b387c2cc0056e825,a5b4945c4a6e5d96,data\raw\dataset_B\EALPR Vechicles dataset\Vehicles\1261.jpg
dataset_B,1262.jpg,1262,.jpg,72185,960,960,3,1.0,921600,RGB,122.31082682291667,57.205293823740305,38.76749163196587,38.76749163196587,7.658776760101318,5b7474c2b9adbd588dd938e8901c2e7c,f8cbcb2e8e82247c,data\raw\dataset_B\EALPR Vechicles dataset\Vehicles\1262.jpg
dataset_B,1263.jpg,1263,.jpg,59820,1080,808,3,1.336634,872640,RGB,85.73227906123945,56.08780261742872,74.35463047928756,74.35463047928756,7.4367852210998535,fbe283ae1968484bedc543a55240bcc8,f41496389e973d94,data\raw\dataset_B\EALPR Vechicles dataset\Vehicles\1263.jpg
dataset_B,1264.jpg,1264,.jpg,180690,1080,1080,3,1.0,1166400,RGB,109.28968707133059,75.463545250797,1259.0529707381609,1259.0529707381609,7.771751880645752,607eb6b86d8cd95a23f279a2c27250a6,a02297ed6dcb4b16,data\raw\dataset_B\EALPR Vechicles dataset\Vehicles\1264.jpg
dataset_B,1265.jpg,1265,.jpg,50619,1080,609,3,1.773399,657720,RGB,109.04306391777656,76.52546193297503,102.77870038455528,102.77870038455528,7.718852519989014,67604b21f3fe447711634616ceb223d4,d6ccc8b33f5b6408,data\raw\dataset_B\EALPR Vechicles dataset\Vehicles\1265.jpg
dataset_B,1266.jpg,1266,.jpg,77016,900,1125,3,0.8,1012500,RGB,55.99047901234568,62.52988868517538,327.96267651947113,327.96267651947113,6.326125144958496,ffa81dd194daf2c19ccc3a0649cb9e9d,ea60b34e04b13fce,data\raw\dataset_B\EALPR Vechicles dataset\Vehicles\1266.jpg
dataset_B,1267.jpg,1267,.jpg,64564,1080,608,3,1.776316,656640,RGB,89.63864522417154,70.6310550646021,999.6433098159231,999.6433098159231,7.410845756530762,04fec30b4c2a5edb773bbf4bc13f4f32,ad9484ef2c6de8d0,data\raw\dataset_B\EALPR Vechicles dataset\Vehicles\1267.jpg
dataset_B,1268.jpg,1268,.jpg,69927,900,1125,3,0.8,1012500,RGB,154.80547950617284,88.16409333106417,266.2701234051882,266.2701234051882,6.1191086769104,1c5b963c6bc7ec50e05dd0f1ee76f4c6,be3e919085cadbc4,data\raw\dataset_B\EALPR Vechicles dataset\Vehicles\1268.jpg
dataset_B,1269.jpg,1269,.jpg,65296,1080,810,3,1.333333,874800,RGB,90.66214334705076,47.61088238538421,104.22961077397218,104.22961077397218,7.364123344421387,67d1f9bd0f1e25e1133c6ad98f0626ec,afc2b32b8c7c3330,data\raw\dataset_B\EALPR Vechicles dataset\Vehicles\1269.jpg
dataset_B,1270.jpg,1270,.jpg,78392,1080,608,3,1.776316,656640,RGB,99.5973714668616,83.70552682056402,1417.1956440389777,1417.1956440389777,7.457035064697266,71b8cb5cfb89d2fb144780e65655d5a2,a993f403f514c63e,data\raw\dataset_B\EALPR Vechicles dataset\Vehicles\1270.jpg
dataset_B,1271.jpg,1271,.jpg,69768,796,597,3,1.333333,475212,RGB,71.91259479979462,50.54116381262272,395.96621086686775,395.96621086686775,7.232006549835205,b37c90c6c4178bbc034e682b3e4c4025,9e296a92c796313b,data\raw\dataset_B\EALPR Vechicles dataset\Vehicles\1271.jpg
dataset_B,1272.jpg,1272,.jpg,102518,900,1125,3,0.8,1012500,RGB,150.7612187654321,97.8541295573327,890.6534353966783,890.6534353966783,6.067853927612305,f7e7d86e4eeed6107988cfbcdaf3deca,ee3e96c03897c730,data\raw\dataset_B\EALPR Vechicles dataset\Vehicles\1272.jpg
dataset_B,1273.jpg,1273,.jpg,85138,900,1125,3,0.8,1012500,RGB,148.58657086419754,95.13861314116232,488.4684005729819,488.4684005729819,6.153225898742676,4e38a58d51370da5848efb6a7104d7aa,fa6ac2934d38c3cc,data\raw\dataset_B\EALPR Vechicles dataset\Vehicles\1273.jpg
dataset_B,1274.jpg,1274,.jpg,78717,1080,608,3,1.776316,656640,RGB,109.1697429337232,78.52688795270848,818.7833038503998,818.7833038503998,7.734344482421875,054e6c386e64479389f9d903a69d245d,f1c6e65825269f94,data\raw\dataset_B\EALPR Vechicles dataset\Vehicles\1274.jpg
dataset_B,1275.jpg,1275,.jpg,175273,1080,1080,3,1.0,1166400,RGB,46.289097222222225,51.55284597489846,1716.094884695778,1716.094884695778,6.879578590393066,2443d2e430ad191782651cf3225e8e41,9a66e52793916666,data\raw\dataset_B\EALPR Vechicles dataset\Vehicles\1275.jpg
dataset_B,1276.jpg,1276,.jpg,75304,1080,810,3,1.333333,874800,RGB,57.09858367626886,45.082754992565384,359.70576656673785,359.70576656673785,6.8292341232299805,d2e41f41c6d27ea5a5df6224326fa2cf,bf25b425c3966439,data\raw\dataset_B\EALPR Vechicles dataset\Vehicles\1276.jpg
dataset_B,1277.jpg,1277,.jpg,97355,844,844,3,1.0,712336,RGB,83.85044838390871,56.88379972072677,286.0151921645646,286.0151921645646,6.850067615509033,b9c47fcf3237aea7928915d4a3f18515,aa0c85ad0d67676b,data\raw\dataset_B\EALPR Vechicles dataset\Vehicles\1277.jpg
dataset_B,1278.jpg,1278,.jpg,114931,1052,1125,3,0.935111,1183500,RGB,104.3676518800169,63.89085771074976,210.66758915113795,210.66758915113795,7.659513473510742,fe56238feb5f92528b4dfa5d3ff98ccf,fe86a21ff1683c84,data\raw\dataset_B\EALPR Vechicles dataset\Vehicles\1278.jpg
dataset_B,1279.jpg,1279,.jpg,52695,1080,808,3,1.336634,872640,RGB,126.26620255775578,71.87392926142417,134.24707308125826,134.24707308125826,7.729748725891113,0992240b2809d7d36f673d1a0243fcfd,f285853bcf363690,data\raw\dataset_B\EALPR Vechicles dataset\Vehicles\1279.jpg
dataset_B,1280.jpg,1280,.jpg,107920,900,1125,3,0.8,1012500,RGB,127.36284444444445,79.5119962947311,758.9165121842559,758.9165121842559,7.621940612792969,96e5184b583fe3fdc336820c704da3f2,bea1c97a61112ddc,data\raw\dataset_B\EALPR Vechicles dataset\Vehicles\1280.jpg
dataset_B,1281.jpg,1281,.jpg,96177,900,1125,3,0.8,1012500,RGB,102.49739753086419,70.49330126404705,346.0089579437828,346.0089579437828,7.36964750289917,006f3be43c758c2540932335ce2865fc,abe12d4b933c2dc1,data\raw\dataset_B\EALPR Vechicles dataset\Vehicles\1281.jpg
dataset_B,1282.jpg,1282,.jpg,57408,1080,837,3,1.290323,903960,RGB,121.53913005000221,50.15825250286529,48.41201711701395,48.41201711701395,7.501171588897705,32f999115bd2812e5be1b70dd2edc76c,ac94933b8c747173,data\raw\dataset_B\EALPR Vechicles dataset\Vehicles\1282.jpg
dataset_B,1283.jpg,1283,.jpg,75962,900,1125,3,0.8,1012500,RGB,80.32672098765433,86.1396704128146,412.62421419805514,412.62421419805514,6.679288387298584,dee6f4e6c06c9a272c673708aa155341,fa4b2f16c0e9361a,data\raw\dataset_B\EALPR Vechicles dataset\Vehicles\1283.jpg
dataset_B,1284.jpg,1284,.jpg,82795,767,767,3,1.0,588289,RGB,80.67380658145912,46.42130686359822,356.7846074229245,356.7846074229245,7.118563652038574,fcea396f5fbfdc1b41e457c05553704d,add5560e1a2b2975,data\raw\dataset_B\EALPR Vechicles dataset\Vehicles\1284.jpg
dataset_B,1285.jpg,1285,.jpg,66655,900,1125,3,0.8,1012500,RGB,83.28300740740741,62.93924925617408,308.3798052736752,308.3798052736752,6.939579963684082,5f80fec8ed201b767bbf2505ba0d780a,bb81a46e6256de49,data\raw\dataset_B\EALPR Vechicles dataset\Vehicles\1285.jpg
dataset_B,1286.jpg,1286,.jpg,160843,937,1171,3,0.800171,1097227,RGB,77.04781599432023,53.001823874699774,255.5330406382988,255.5330406382988,7.481675148010254,a23ad3f0f9c426f8d2e94e8641a5e304,eaa4815d547d5f44,data\raw\dataset_B\EALPR Vechicles dataset\Vehicles\1286.jpg
dataset_B,1287.jpg,1287,.jpg,74197,900,1125,3,0.8,1012500,RGB,161.92837925925926,73.73689802079252,254.78166803736605,254.78166803736605,7.113885402679443,61912b4b7aa8550541d3aaec50089d35,eac4959ab5672c4a,data\raw\dataset_B\EALPR Vechicles dataset\Vehicles\1287.jpg
dataset_B,1288.jpg,1288,.jpg,52769,1080,607,3,1.779242,655560,RGB,127.55818536823479,41.92255735819788,157.48362295327385,157.48362295327385,7.1423845291137695,5cd49055550a900384e51aa84f28add0,b889d678d87c0d0f,data\raw\dataset_B\EALPR Vechicles dataset\Vehicles\1288.jpg
dataset_B,1289.jpg,1289,.jpg,29941,612,343,3,1.784257,209916,RGB,114.34243697478992,58.865585580519316,456.9540566384894,456.9540566384894,7.57484769821167,ab3d8aefe10075a9f8d2f0735f743ccd,ea5ee00c89607fd9,data\raw\dataset_B\EALPR Vechicles dataset\Vehicles\1289.jpg
dataset_B,1290.jpg,1290,.jpg,38820,640,480,3,1.333333,307200,RGB,132.42809244791667,73.55970943009066,238.61296925438776,238.61296925438776,7.661211967468262,9d5c9f4062957f67437015225102cc89,b0618f36cb8177b8,data\raw\dataset_B\EALPR Vechicles dataset\Vehicles\1290.jpg
dataset_B,1291.jpg,1291,.jpg,73795,900,1125,3,0.8,1012500,RGB,140.8911061728395,83.79156223121008,221.43220727957907,221.43220727957907,6.056326389312744,5d0a5e98694b7ce86cc70c5243039aa1,be94c19c3c78387a,data\raw\dataset_B\EALPR Vechicles dataset\Vehicles\1291.jpg
dataset_B,1292.jpg,1292,.jpg,53398,648,648,3,1.0,419904,RGB,143.8878862787685,43.65249539848997,147.5295174255565,147.5295174255565,6.766040325164795,0bbb1e97ad4ae4c35334ffeeadea8e96,faa1819e9e9c8563,data\raw\dataset_B\EALPR Vechicles dataset\Vehicles\1292.jpg
dataset_B,1293.jpg,1293,.jpg,92131,1080,608,3,1.776316,656640,RGB,125.70585252192983,61.16799953020954,1241.7109894498915,1241.7109894498915,7.800332546234131,460cfeb172a13b50e881a10843d2e9e5,96c9b61649cece23,data\raw\dataset_B\EALPR Vechicles dataset\Vehicles\1293.jpg
dataset_B,1294.jpg,1294,.jpg,127965,900,1125,3,0.8,1012500,RGB,118.5791575308642,71.52027848677638,502.93906603434846,502.93906603434846,7.497134685516357,b4214a1ad3dac2c05e29c659f8cf9c5e,be5a909cbd58c0ec,data\raw\dataset_B\EALPR Vechicles dataset\Vehicles\1294.jpg
dataset_B,1295.jpg,1295,.jpg,54672,1080,900,3,1.2,972000,RGB,83.85395781893004,56.94080015325453,63.256537844788866,63.256537844788866,6.754424095153809,80586444046bfff20bfc0a2b1ef9b278,abe8e4c595dad248,data\raw\dataset_B\EALPR Vechicles dataset\Vehicles\1295.jpg
dataset_B,1296.jpg,1296,.jpg,81279,1080,808,3,1.336634,872640,RGB,106.36321507150716,63.15239053463486,134.55950900764236,134.55950900764236,7.657379150390625,86fa40867ccb13ca3d8633c6ca1282f9,f9c3c12a8c7c36c6,data\raw\dataset_B\EALPR Vechicles dataset\Vehicles\1296.jpg
dataset_B,1297.jpg,1297,.jpg,141925,1080,1351,3,0.799408,1459080,RGB,97.25385448364723,50.20177382167107,453.47529415462526,453.47529415462526,7.453421592712402,f625154bfd6d42618c07493052800282,aae2b272d2d2d296,data\raw\dataset_B\EALPR Vechicles dataset\Vehicles\1297.jpg
dataset_B,1298.jpg,1298,.jpg,66102,1080,810,3,1.333333,874800,RGB,172.95757315957934,74.0351731829557,136.16025227174663,136.16025227174663,6.942118167877197,e6570c5c483347d8662c39856ed489d0,ee7293c644b3a31c,data\raw\dataset_B\EALPR Vechicles dataset\Vehicles\1298.jpg
dataset_B,1299.jpg,1299,.jpg,72352,1080,808,3,1.336634,872640,RGB,128.0737131004767,76.77219822377124,295.3204906469961,295.3204906469961,7.5464348793029785,2550ef24801fbaa305df720ca1ac7835,fa87d4e87a65421a,data\raw\dataset_B\EALPR Vechicles dataset\Vehicles\1299.jpg
dataset_B,1300.jpg,1300,.jpg,82028,900,1125,3,0.8,1012500,RGB,89.7335950617284,77.50560898070921,297.44333135485545,297.44333135485545,7.332574844360352,5be80f234603b0401c531f96dbeab876,bad86f4cd062e6e0,data\raw\dataset_B\EALPR Vechicles dataset\Vehicles\1300.jpg
dataset_B,1301.jpg,1301,.jpg,85783,900,1125,3,0.8,1012500,RGB,134.86259950617284,87.54471757579257,454.6152440560539,454.6152440560539,5.9452619552612305,2b88ed02f6dbdfa635e6d0e36ca3134d,eec3c1c1688599cf,data\raw\dataset_B\EALPR Vechicles dataset\Vehicles\1301.jpg
dataset_B,1302.jpg,1302,.jpg,53180,750,562,3,1.33452,421500,RGB,40.772139976275206,49.67371924354901,1181.4837112947685,1181.4837112947685,6.416650772094727,1959eac4be482ebb7b895672a8e4cbd3,d8e061da9a65339b,data\raw\dataset_B\EALPR Vechicles dataset\Vehicles\1302.jpg
dataset_B,1303.jpg,1303,.jpg,99378,1080,725,3,1.489655,783000,RGB,109.19971775223499,67.25024273992875,374.4824018716695,374.4824018716695,7.7430949211120605,cac167ba16ccf45ed519c1e4fa9612e7,ae24b05aceb0b2cf,data\raw\dataset_B\EALPR Vechicles dataset\Vehicles\1303.jpg
dataset_B,1304.jpg,1304,.jpg,42260,1080,608,3,1.776316,656640,RGB,128.61584125243664,61.53408363747245,151.0760861714629,151.0760861714629,7.374301910400391,59f7e58919df2cf6aec54ad4421d2f19,e6d9917d1b27e011,data\raw\dataset_B\EALPR Vechicles dataset\Vehicles\1304.jpg
dataset_B,1305.jpg,1305,.jpg,56758,1006,1125,3,0.894222,1131750,RGB,91.50906648994919,89.59023304866898,390.9407103946219,390.9407103946219,6.973859786987305,2dddf4582ecf1a93e7680911837557df,f7a19c96497a3069,data\raw\dataset_B\EALPR Vechicles dataset\Vehicles\1305.jpg
dataset_B,1306.jpg,1306,.jpg,133176,1080,1350,3,0.8,1458000,RGB,108.1963683127572,47.26451096857888,76.05803446571446,76.05803446571446,7.43568229675293,5e0a47ddfb6195ad48a52e29ec53d0ab,a525951e0ac2ce7f,data\raw\dataset_B\EALPR Vechicles dataset\Vehicles\1306.jpg
dataset_B,1307.jpg,1307,.jpg,77271,1080,680,3,1.588235,734400,RGB,121.12849673202615,63.958304943686535,483.42491077274224,483.42491077274224,7.69420862197876,921eb57c441093636749c88ade6bd185,d85ad43cc337ee20,data\raw\dataset_B\EALPR Vechicles dataset\Vehicles\1307.jpg
dataset_B,1308.jpg,1308,.jpg,118908,936,1168,3,0.80137,1093248,RGB,108.6637277177731,70.15545955261969,398.52715546056646,398.52715546056646,7.7693681716918945,9b6a3e5c0b4bc7454315fdf5d6271840,bd9a0f909715ca6a,data\raw\dataset_B\EALPR Vechicles dataset\Vehicles\1308.jpg
dataset_B,1309.jpg,1309,.jpg,63131,900,1125,3,0.8,1012500,RGB,127.32337185185185,62.92569600180912,365.06748636072206,365.06748636072206,6.8844757080078125,ce96b7135ea2992639d2516cdf8a4078,af8184b579497c74,data\raw\dataset_B\EALPR Vechicles dataset\Vehicles\1309.jpg
dataset_B,1310.jpg,1310,.jpg,52773,1080,810,3,1.333333,874800,RGB,156.9713214449017,35.77743230337653,39.212861146987095,39.212861146987095,6.995456695556641,c72e259e122b4dd414213fc411959931,e8d5a2dc6672d8c8,data\raw\dataset_B\EALPR Vechicles dataset\Vehicles\1310.jpg
dataset_B,1311.jpg,1311,.jpg,74243,708,708,3,1.0,501264,RGB,86.00322385010693,57.21955074061215,215.75958703988962,215.75958703988962,7.399510383605957,b35d981e7cfaea21f31c8e8007b1f3c6,eb40d43e9a3d9236,data\raw\dataset_B\EALPR Vechicles dataset\Vehicles\1311.jpg
dataset_B,1312.jpg,1312,.jpg,41686,1080,810,3,1.333333,874800,RGB,137.58052240512117,37.665474202103134,28.741599129524726,28.741599129524726,6.950087547302246,a12c6acf5d137a7418353fdce3e57a7d,f7ff298640688786,data\raw\dataset_B\EALPR Vechicles dataset\Vehicles\1312.jpg
dataset_B,1313.jpg,1313,.jpg,92401,1080,712,3,1.516854,768960,RGB,121.27055893674573,75.97446205519503,440.5580548145639,440.5580548145639,7.7089691162109375,1e9b046302b11534c9e0d7cc4563fa11,ed90b212f13af05b,data\raw\dataset_B\EALPR Vechicles dataset\Vehicles\1313.jpg
dataset_B,1314.jpg,1314,.jpg,72965,1080,808,3,1.336634,872640,RGB,64.24076251375138,50.532678703730866,186.8060113527458,186.8060113527458,7.094452857971191,2f69e62abe401ccfc0b87c5032a6b8bd,a4a12db4e96b88f9,data\raw\dataset_B\EALPR Vechicles dataset\Vehicles\1314.jpg
dataset_B,1315.jpg,1315,.jpg,72716,1080,680,3,1.588235,734400,RGB,83.32804602396514,52.37036985549943,487.34025839987356,487.34025839987356,7.395630836486816,a467984fe6ced799695572e829a1918f,c817f5e88761ec23,data\raw\dataset_B\EALPR Vechicles dataset\Vehicles\1315.jpg
dataset_B,1316.jpg,1316,.jpg,64480,1080,808,3,1.336634,872640,RGB,56.764001191785844,42.35960592557666,202.77935764275367,202.77935764275367,6.807215213775635,14913e06b27e64648779daabc065499e,968a2d2c13733d5d,data\raw\dataset_B\EALPR Vechicles dataset\Vehicles\1316.jpg
dataset_B,1317.jpg,1317,.jpg,81247,900,1125,3,0.8,1012500,RGB,144.6463624691358,56.98619115603422,112.74819160855137,112.74819160855137,7.308777332305908,4f92db0c0eff7387b21baf4fa55fb8cc,be90c9a943f363c1,data\raw\dataset_B\EALPR Vechicles dataset\Vehicles\1317.jpg
dataset_B,1318.jpg,1318,.jpg,71180,900,1125,3,0.8,1012500,RGB,95.1086074074074,75.82064229164428,194.98356345350865,194.98356345350865,7.264542579650879,29d510970df4304cff7970cc294c9902,ba6ae0e458d5c572,data\raw\dataset_B\EALPR Vechicles dataset\Vehicles\1318.jpg
dataset_B,1319.jpg,1319,.jpg,234286,1080,1344,3,0.803571,1451520,RGB,88.08026000330688,70.7320782998869,742.0305176945301,742.0305176945301,7.655068874359131,a619b7a9eccaeb13767b54e228c984aa,b9f1f0d8932a4c66,data\raw\dataset_B\EALPR Vechicles dataset\Vehicles\1319.jpg
dataset_B,1320.jpg,1320,.jpg,122687,900,1125,3,0.8,1012500,RGB,114.47143802469135,66.02957679980778,1299.6790476512397,1299.6790476512397,7.679790496826172,b16c0d3ceb808ce7d333da1656927157,ea8cf0c1211fadf8,data\raw\dataset_B\EALPR Vechicles dataset\Vehicles\1320.jpg
dataset_B,1321.jpg,1321,.jpg,126875,750,564,3,1.329787,423000,RGB,114.84466193853427,64.96759474184465,3061.4881688638,3061.4881688638,7.90000057220459,1afd8aa4d1215e46ce1cdce74ec7b16d,f810b671d1d993b2,data\raw\dataset_B\EALPR Vechicles dataset\Vehicles\1321.jpg
dataset_B,1322.jpg,1322,.jpg,65541,968,1125,3,0.860444,1089000,RGB,50.26971900826446,50.93498164740518,126.18798893840653,126.18798893840653,6.735047340393066,9c0d8e3d0be7e5bf1006d67c60810f72,c4353bcacab4f530,data\raw\dataset_B\EALPR Vechicles dataset\Vehicles\1322.jpg
dataset_B,1323.jpg,1323,.jpg,74705,1080,782,3,1.381074,844560,RGB,162.03110140191342,67.30025673975014,489.4819204059368,489.4819204059368,7.605371952056885,f113022398e4fece3aef13d026077f46,d8c8b732c13b8c3d,data\raw\dataset_B\EALPR Vechicles dataset\Vehicles\1323.jpg
dataset_B,1324.jpg,1324,.jpg,101104,1080,1080,3,1.0,1166400,RGB,48.831566358024695,58.120996745176626,95.75857667265745,95.75857667265745,6.046262264251709,cb10655d221d66bc631658c50af01375,e042ab2dd6bec8c3,data\raw\dataset_B\EALPR Vechicles dataset\Vehicles\1324.jpg
dataset_B,1325.jpg,1325,.jpg,23209,1080,810,3,1.333333,874800,RGB,13.889638774577046,34.84324442203926,136.76745313139182,136.76745313139182,4.184638500213623,2f99ebe2633fd22e2514a2bfe0b5b765,d9d0666699996666,data\raw\dataset_B\EALPR Vechicles dataset\Vehicles\1325.jpg
dataset_B,1326.jpg,1326,.jpg,54604,1080,808,3,1.336634,872640,RGB,58.96496149614961,53.76272564349653,218.71900141638974,218.71900141638974,7.0165815353393555,47b13767c37928e509e83f6b20297ccb,8bad26c63d93e20e,data\raw\dataset_B\EALPR Vechicles dataset\Vehicles\1326.jpg
dataset_B,1327.jpg,1327,.jpg,83941,900,1125,3,0.8,1012500,RGB,132.38377086419754,71.00533407139537,146.2874172839155,146.2874172839155,7.485559463500977,7830afb8c5b6180448ea8688fbf3a39c,ae16d2de46423c6e,data\raw\dataset_B\EALPR Vechicles dataset\Vehicles\1327.jpg
dataset_B,1328.jpg,1328,.jpg,92542,1080,608,3,1.776316,656640,RGB,109.14821058723197,47.655896976410155,973.5154924662849,973.5154924662849,7.546079158782959,68f7c118115be364b561fbe0ac35240e,b252d327dea03aa9,data\raw\dataset_B\EALPR Vechicles dataset\Vehicles\1328.jpg
dataset_B,1329.jpg,1329,.jpg,93616,1080,1080,3,1.0,1166400,RGB,121.53379115226338,51.10326518345407,108.63917232716024,108.63917232716024,7.353457450866699,a6878fa772e04b2ede4c0194bc106180,f8c1c168d3c3d873,data\raw\dataset_B\EALPR Vechicles dataset\Vehicles\1329.jpg
dataset_B,1330.jpg,1330,.jpg,91884,826,826,3,1.0,682276,RGB,57.803415333384145,32.70022572422391,161.8551728824643,161.8551728824643,6.738455295562744,07f9ce4d7d3ff5877007d43d230cbd6c,a5d63689092767dc,data\raw\dataset_B\EALPR Vechicles dataset\Vehicles\1330.jpg
dataset_B,1331.jpg,1331,.jpg,104202,900,1125,3,0.8,1012500,RGB,151.58019160493828,85.45162266581062,721.8114376460867,721.8114376460867,6.149674415588379,5a5850f412f2dcab708c515b2be489ba,bb92963d69c5461a,data\raw\dataset_B\EALPR Vechicles dataset\Vehicles\1331.jpg
dataset_B,1332.jpg,1332,.jpg,50846,1080,675,3,1.6,729000,RGB,67.3413744855967,60.4686137551442,64.96774611104337,64.96774611104337,7.121570587158203,735831e1499225e06785f246164f6505,ea1740e93fc81da6,data\raw\dataset_B\EALPR Vechicles dataset\Vehicles\1332.jpg
dataset_B,1333.jpg,1333,.jpg,75165,900,1125,3,0.8,1012500,RGB,111.43714074074074,74.3167366180259,198.0241353050123,198.0241353050123,7.340751647949219,4baf4537bb6420422e49cdac458567ee,bf95c148e974b432,data\raw\dataset_B\EALPR Vechicles dataset\Vehicles\1333.jpg
dataset_B,1334.jpg,1334,.jpg,81876,900,1125,3,0.8,1012500,RGB,57.55294518518519,64.27184570162729,338.20442438763456,338.20442438763456,6.5014142990112305,a210117cc71fd19334c9b7c89a0288ef,efe5f1309c9d8403,data\raw\dataset_B\EALPR Vechicles dataset\Vehicles\1334.jpg
dataset_B,1335.jpg,1335,.jpg,88795,900,1125,3,0.8,1012500,RGB,138.44294814814816,61.56607285522275,177.89834566519883,177.89834566519883,7.268473148345947,d309e84a22f8985c95c9559c3fee3867,beb1c381a5adc2d2,data\raw\dataset_B\EALPR Vechicles dataset\Vehicles\1335.jpg
dataset_B,1336.jpg,1336,.jpg,96885,800,1000,3,0.8,800000,RGB,91.28315625,50.86780775980115,217.00824441058592,217.00824441058592,7.392910480499268,8cc405319fe0122fbea263e038301ec4,9232e0686ed7b78a,data\raw\dataset_B\EALPR Vechicles dataset\Vehicles\1336.jpg
dataset_B,1337.jpg,1337,.jpg,65869,1080,1080,3,1.0,1166400,RGB,69.27559670781893,58.36968874291134,111.01278891174833,111.01278891174833,7.170288562774658,6c43c0d65af9603eabd3c6afc12d349c,83c1cbc1e861abdb,data\raw\dataset_B\EALPR Vechicles dataset\Vehicles\1337.jpg
dataset_B,1338.jpg,1338,.jpg,78009,640,640,3,1.0,409600,RGB,99.40745361328125,66.26779695074651,506.316062798351,506.316062798351,7.752786159515381,0b8b7d80c19af9037cf4f9e1b1f761e1,ffe0d409832b8d74,data\raw\dataset_B\EALPR Vechicles dataset\Vehicles\1338.jpg
dataset_B,1339.jpg,1339,.jpg,76681,1080,690,3,1.565217,745200,RGB,120.13732555018787,71.75198813726574,145.81229419531377,145.81229419531377,7.893071174621582,e46c9bf5ac4e57c38bef03715117d4ef,d078d8566f38c798,data\raw\dataset_B\EALPR Vechicles dataset\Vehicles\1339.jpg
dataset_B,1340.jpg,1340,.jpg,63575,900,1125,3,0.8,1012500,RGB,41.247726419753086,61.09390194471812,345.1711831893674,345.1711831893674,5.766672611236572,7192a3e53bafa4e3e681fdd9613fb777,baf16d9cd4619a82,data\raw\dataset_B\EALPR Vechicles dataset\Vehicles\1340.jpg
dataset_B,1341.jpg,1341,.jpg,61383,1080,799,3,1.35169,862920,RGB,55.29204213600334,57.69307114111752,88.06339844909776,88.06339844909776,7.050187110900879,b58efa6c3014f5bcbae725226f4a8094,f8b1838b8363cc8f,data\raw\dataset_B\EALPR Vechicles dataset\Vehicles\1341.jpg
dataset_B,1342.jpg,1342,.jpg,84544,900,1125,3,0.8,1012500,RGB,135.87253333333334,68.58790417891697,190.11869127879285,190.11869127879285,7.458433151245117,da1963775eede826551acde741967a02,bcad8d6878103cbd,data\raw\dataset_B\EALPR Vechicles dataset\Vehicles\1342.jpg
dataset_B,1343.jpg,1343,.jpg,57586,900,1125,3,0.8,1012500,RGB,90.53670518518518,79.49637251690585,291.53391501084445,291.53391501084445,7.164328098297119,e945fe9e0af5e9a61a3083cffbe3239d,eac43e3f60c88753,data\raw\dataset_B\EALPR Vechicles dataset\Vehicles\1343.jpg
dataset_B,1344.jpg,1344,.jpg,146783,800,1000,3,0.8,800000,RGB,114.27917125,58.044429424047,271.35476206109377,271.35476206109377,7.7266035079956055,149b2c8597f7222c0a01f623f4133ea1,bc898171dea3a1c7,data\raw\dataset_B\EALPR Vechicles dataset\Vehicles\1344.jpg
dataset_B,1345.jpg,1345,.jpg,82186,1080,810,3,1.333333,874800,RGB,90.9753463648834,49.58938435596545,218.54902029883402,218.54902029883402,7.203972816467285,4232e657a2c42daa80ac9217f9d88922,e3e0e1615dee6c44,data\raw\dataset_B\EALPR Vechicles dataset\Vehicles\1345.jpg
dataset_B,1346.jpg,1346,.jpg,104234,900,1125,3,0.8,1012500,RGB,96.7205224691358,69.49116804679048,389.9668049080558,389.9668049080558,7.334411144256592,42304a476261a1e4250d317a49535a6d,ea8d8d0b0ff49692,data\raw\dataset_B\EALPR Vechicles dataset\Vehicles\1346.jpg
dataset_B,1347.jpg,1347,.jpg,92506,900,1125,3,0.8,1012500,RGB,178.75070320987655,70.52138740292827,608.1611302002744,608.1611302002744,6.221290588378906,d114a2a1667100af421d1fcb92ee7a6e,be9094c5c33b3cc5,data\raw\dataset_B\EALPR Vechicles dataset\Vehicles\1347.jpg
dataset_B,1348.jpg,1348,.jpg,69922,1080,649,3,1.664099,700920,RGB,139.2656237516407,91.14437775244353,662.8893572497578,662.8893572497578,7.317390441894531,2018706373c1314faca64acc32202f23,e18696a57e5b07c8,data\raw\dataset_B\EALPR Vechicles dataset\Vehicles\1348.jpg
dataset_B,1349.jpg,1349,.jpg,60552,1080,810,3,1.333333,874800,RGB,99.45718792866941,53.233315516598196,127.94068048718276,127.94068048718276,7.1893720626831055,bacade70d5ffbc21b3b293b7aea622e9,cec0786883975eda,data\raw\dataset_B\EALPR Vechicles dataset\Vehicles\1349.jpg
dataset_B,1350.jpg,1350,.jpg,55700,900,1125,3,0.8,1012500,RGB,60.45649975308642,66.67057833764956,276.58599999660447,276.58599999660447,6.593838691711426,7c5e9eb54502fa24af85ad17cf69a374,fb991e46e8680f85,data\raw\dataset_B\EALPR Vechicles dataset\Vehicles\1350.jpg
dataset_B,1351.jpg,1351,.jpg,107787,1080,1350,3,0.8,1458000,RGB,119.9681207133059,55.88871036867861,254.96460000751495,254.96460000751495,7.07523775100708,b06f847b9649e6cd8bdfc9d4441a72df,ebc41a47659e916a,data\raw\dataset_B\EALPR Vechicles dataset\Vehicles\1351.jpg
dataset_B,1352.jpg,1352,.jpg,94748,900,1125,3,0.8,1012500,RGB,109.52587160493827,75.55952670147832,230.53491875420553,230.53491875420553,7.614600658416748,0443e626e804a44952ce273a056ccbd5,efe1da5a88c8d2c2,data\raw\dataset_B\EALPR Vechicles dataset\Vehicles\1352.jpg
dataset_B,1353.jpg,1353,.jpg,62597,900,900,3,1.0,810000,RGB,128.60411851851853,71.62841484812498,182.0814703100122,182.0814703100122,7.518587589263916,ccdf29a624b8623c2b9878c544627d40,af683e3bc1959cc0,data\raw\dataset_B\EALPR Vechicles dataset\Vehicles\1353.jpg
dataset_B,1354.jpg,1354,.jpg,61848,1080,1080,3,1.0,1166400,RGB,87.96496484910837,53.813571246947305,25.630648409792315,25.630648409792315,7.480246067047119,1a4cbeb6ee346ea427baefc83f99d323,c0447d7fc2c06fc9,data\raw\dataset_B\EALPR Vechicles dataset\Vehicles\1354.jpg
dataset_B,1355.jpg,1355,.jpg,47968,1080,810,3,1.333333,874800,RGB,75.36801211705533,48.51524958692671,67.84407167334766,67.84407167334766,7.3096113204956055,1b9e3cd45f439528d713175b41a6fab7,96cc684d9f7c4866,data\raw\dataset_B\EALPR Vechicles dataset\Vehicles\1355.jpg
dataset_B,1356.jpg,1356,.jpg,52468,900,1125,3,0.8,1012500,RGB,88.49504,111.40807019149673,367.92441576613425,367.92441576613425,4.60723876953125,d9415fe6097edf74c2276636735c7f46,ee3939c49631cccc,data\raw\dataset_B\EALPR Vechicles dataset\Vehicles\1356.jpg
dataset_B,1357.jpg,1357,.jpg,70628,900,1125,3,0.8,1012500,RGB,150.18315851851852,64.32901508914784,112.18510936525432,112.18510936525432,7.497565269470215,1fa50af6232554b7535f98191ffdfefc,af953280d73e3c94,data\raw\dataset_B\EALPR Vechicles dataset\Vehicles\1357.jpg
dataset_B,1358.jpg,1358,.jpg,44855,960,640,3,1.5,614400,RGB,121.34980143229167,49.70703768419695,268.65914838069284,268.65914838069284,7.347192764282227,f087818061deb1ab6dc723dbc71cebbc,b67a2d7692d8e128,data\raw\dataset_B\EALPR Vechicles dataset\Vehicles\1358.jpg
dataset_B,1359.jpg,1359,.jpg,121985,1080,939,3,1.15016,1014120,RGB,79.28071234173471,65.8139055310993,649.616347370043,649.616347370043,7.320712089538574,f97ed7e771a8a937474c6abc56ef48f8,ccc3c9c933dcd944,data\raw\dataset_B\EALPR Vechicles dataset\Vehicles\1359.jpg
dataset_B,1360.jpg,1360,.jpg,79521,900,1125,3,0.8,1012500,RGB,90.85196148148148,51.13955594620287,141.31421199574112,141.31421199574112,7.404021739959717,e7468582c907182d42c85d0ca5d6b8f3,9272e0686ed6b78a,data\raw\dataset_B\EALPR Vechicles dataset\Vehicles\1360.jpg
dataset_B,1361.jpg,1361,.jpg,63535,900,1125,3,0.8,1012500,RGB,65.83778962962963,66.82194388511806,317.97495626089784,317.97495626089784,6.391693592071533,1b723bfca55af76d85530026bbce60da,ab3f36a04fcd3032,data\raw\dataset_B\EALPR Vechicles dataset\Vehicles\1361.jpg
dataset_B,1362.jpg,1362,.jpg,129819,1080,1350,3,0.8,1458000,RGB,81.9903072702332,53.789860538238464,31.8582169812411,31.8582169812411,7.481078147888184,b43e65ea40ec40e4da86b9438961468a,c81b7f41831e7175,data\raw\dataset_B\EALPR Vechicles dataset\Vehicles\1362.jpg
dataset_B,1363.jpg,1363,.jpg,62011,900,1125,3,0.8,1012500,RGB,166.58776197530864,59.95340243690608,78.45032343186611,78.45032343186611,7.45760440826416,20e21693abe65bb18c5c70e1d9f25967,aab13394d43e1b2b,data\raw\dataset_B\EALPR Vechicles dataset\Vehicles\1363.jpg
dataset_B,1364.jpg,1364,.jpg,140767,900,1125,3,0.8,1012500,RGB,133.66265086419753,74.8452368723231,944.9386977743189,944.9386977743189,7.657620429992676,ad7112562728a066e5f82ac37843b574,bf0d1d856179d892,data\raw\dataset_B\EALPR Vechicles dataset\Vehicles\1364.jpg
dataset_B,1365.jpg,1365,.jpg,67468,900,1125,3,0.8,1012500,RGB,99.32328592592593,86.41978461627684,318.5701471593662,318.5701471593662,6.646871089935303,32b3554858dc2ac1736cc1d63545721e,bec4c5a133526b4d,data\raw\dataset_B\EALPR Vechicles dataset\Vehicles\1365.jpg
dataset_B,1366.jpg,1366,.jpg,68965,900,1125,3,0.8,1012500,RGB,153.48683555555556,80.81540186620474,211.9548928727489,211.9548928727489,6.3599443435668945,cda2a9854b94dc254ff9ecf7c34a76e6,bfcfc568a4609a26,data\raw\dataset_B\EALPR Vechicles dataset\Vehicles\1366.jpg
dataset_B,1367.jpg,1367,.jpg,89798,825,825,3,1.0,680625,RGB,127.12978218549128,35.74892108822084,115.31628868813542,115.31628868813542,7.051293849945068,7db658c3bb6453c46f2de93b67bb70cf,af922ccbc368f0c3,data\raw\dataset_B\EALPR Vechicles dataset\Vehicles\1367.jpg
dataset_B,1368.jpg,1368,.jpg,48286,1080,840,3,1.285714,907200,RGB,77.24395061728396,50.64915897302551,104.87417546050857,104.87417546050857,7.203083515167236,e8288d3ff662e00ad86408c74aed16e6,ff80e21791dcc722,data\raw\dataset_B\EALPR Vechicles dataset\Vehicles\1368.jpg
dataset_B,1369.jpg,1369,.jpg,49388,1080,608,3,1.776316,656640,RGB,41.62282681530215,33.32071178371266,88.63166177782185,88.63166177782185,6.664215087890625,c47bbae1032f052f31d9b5b01ed4e2a0,a9c2c3c88fc7c5cc,data\raw\dataset_B\EALPR Vechicles dataset\Vehicles\1369.jpg
dataset_B,1370.jpg,1370,.jpg,37870,1080,808,3,1.336634,872640,RGB,35.964302576090944,33.40741288732347,36.52895077442631,36.52895077442631,6.318358421325684,d97f2c768f3cd0111e4deb51db35632a,cfcec6ccc46682c6,data\raw\dataset_B\EALPR Vechicles dataset\Vehicles\1370.jpg
dataset_B,1371.jpg,1371,.jpg,45728,1080,808,3,1.336634,872640,RGB,34.696736340300696,43.782528432155615,182.00433139060908,182.00433139060908,6.2302703857421875,f899f8e70edd07bef77c115a907eaf87,faea638998a06795,data\raw\dataset_B\EALPR Vechicles dataset\Vehicles\1371.jpg
dataset_B,1372.jpg,1372,.jpg,53731,1080,808,3,1.336634,872640,RGB,103.7853284286762,54.682914377495486,169.81828460728707,169.81828460728707,7.605689525604248,9f3fb753ae3e9cb31317e09a51623ab3,a817d2309fdb898d,data\raw\dataset_B\EALPR Vechicles dataset\Vehicles\1372.jpg
dataset_B,1373.jpg,1373,.jpg,121767,900,1125,3,0.8,1012500,RGB,140.7823525925926,61.813272229191384,194.6656041144352,194.6656041144352,7.695198059082031,c713722616527e507212cd6018e64401,ffff6ac100c06a49,data\raw\dataset_B\EALPR Vechicles dataset\Vehicles\1373.jpg
dataset_B,1374.jpg,1374,.jpg,86837,900,1125,3,0.8,1012500,RGB,92.24522469135802,62.64925300343002,377.7559278578061,377.7559278578061,7.210762977600098,d7a991872f1fe1e1f1535a90a9cda768,c0dd7b40a83fef20,data\raw\dataset_B\EALPR Vechicles dataset\Vehicles\1374.jpg
dataset_B,1375.jpg,1375,.jpg,88300,1080,739,3,1.461434,798120,RGB,108.2744123690673,83.08742550749656,853.5869965871208,853.5869965871208,7.422381401062012,ffb59023aa0bfec850c37388aee4f0a1,c0c15b7ae06eda8e,data\raw\dataset_B\EALPR Vechicles dataset\Vehicles\1375.jpg
dataset_B,1376.jpg,1376,.jpg,150291,1080,1080,3,1.0,1166400,RGB,84.6477323388203,70.44149118939754,1871.6253542599854,1871.6253542599854,7.539499759674072,cb8ce8159dfd12b931c403beeab229c8,acacbe96c44aa2f4,data\raw\dataset_B\EALPR Vechicles dataset\Vehicles\1376.jpg
dataset_B,1377.jpg,1377,.jpg,104166,1080,649,3,1.664099,700920,RGB,86.39206471494607,63.88881770833307,1732.474805299622,1732.474805299622,7.657243728637695,7cbf4d8e0ba9120862a58ccf5191c91f,ea83eb09b063696d,data\raw\dataset_B\EALPR Vechicles dataset\Vehicles\1377.jpg
dataset_B,1378.jpg,1378,.jpg,128634,900,1125,3,0.8,1012500,RGB,137.4878301234568,75.31588157765951,656.477979221786,656.477979221786,7.333537578582764,18e4b6f728e8362a799579409b16f061,babc96d2e1c50746,data\raw\dataset_B\EALPR Vechicles dataset\Vehicles\1378.jpg
dataset_B,1379.jpg,1379,.jpg,93411,900,1125,3,0.8,1012500,RGB,114.1748424691358,53.854546252719416,502.4511920987498,502.4511920987498,7.199012756347656,c34aa937127d9a592c801645aa1fa752,af67c38d7948d070,data\raw\dataset_B\EALPR Vechicles dataset\Vehicles\1379.jpg
dataset_B,1380.jpg,1380,.jpg,147814,957,957,3,1.0,915849,RGB,104.4808925925562,70.47044430246766,482.42515669689914,482.42515669689914,7.733900547027588,4400fc3b06bc88336ab55c10d9e91105,8b177dd5605b85a1,data\raw\dataset_B\EALPR Vechicles dataset\Vehicles\1380.jpg
dataset_B,1381.jpg,1381,.jpg,57295,900,1125,3,0.8,1012500,RGB,64.3145550617284,74.51903143312066,295.7295209875567,295.7295209875567,6.554046154022217,595993a5d3126e98914b6fefc4b9590b,eb3c3cc392316c1e,data\raw\dataset_B\EALPR Vechicles dataset\Vehicles\1381.jpg
dataset_B,1382.jpg,1382,.jpg,66637,900,1125,3,0.8,1012500,RGB,100.07439209876543,79.14014178104739,202.62190418615313,202.62190418615313,7.235840797424316,a24c9479ff2f1ae87e267462a5aa90e0,bf6a32952cec3249,data\raw\dataset_B\EALPR Vechicles dataset\Vehicles\1382.jpg
dataset_B,1383.jpg,1383,.jpg,66983,1080,808,3,1.336634,872640,RGB,95.19448111477814,76.15234863651222,124.81136661157791,124.81136661157791,7.4110517501831055,252f84de8069087ae5bdac37be69d1e1,e2c0a04ebfcfc919,data\raw\dataset_B\EALPR Vechicles dataset\Vehicles\1383.jpg
dataset_B,1384.jpg,1384,.jpg,76296,900,1125,3,0.8,1012500,RGB,110.94173432098765,74.80485826088862,269.10012616603564,269.10012616603564,7.0717267990112305,ae21be242bb0dacbce9763853f9198d7,ee6ec0e1634ec4f0,data\raw\dataset_B\EALPR Vechicles dataset\Vehicles\1384.jpg
dataset_B,1385.jpg,1385,.jpg,83852,900,1125,3,0.8,1012500,RGB,167.80979358024692,64.6293471793312,100.16256490560437,100.16256490560437,7.487737655639648,8bbb395894e1095a74cbcd1fc0ba7360,eec14d92d30b347c,data\raw\dataset_B\EALPR Vechicles dataset\Vehicles\1385.jpg
dataset_B,1386.jpg,1386,.jpg,61121,900,1125,3,0.8,1012500,RGB,103.6932513580247,64.34891142871626,195.1793411564442,195.1793411564442,7.106076240539551,475423383e3b4c40dce0112b9d868ba4,eb6b4a94984ec6d4,data\raw\dataset_B\EALPR Vechicles dataset\Vehicles\1386.jpg
dataset_B,1387.jpg,1387,.jpg,144072,900,1125,3,0.8,1012500,RGB,133.35575111111112,74.25883523547658,1198.6652872530162,1198.6652872530162,7.728553771972656,67202c77dd0e54008c09bab68d52d44f,af875b8392b072d8,data\raw\dataset_B\EALPR Vechicles dataset\Vehicles\1387.jpg
dataset_B,1388.jpg,1388,.jpg,99466,900,1125,3,0.8,1012500,RGB,129.65333827160495,73.4318085110371,524.7330026002134,524.7330026002134,7.586014270782471,2e34e42ec856e0ef9cb1b2a4a3c18d9c,a1e09e836b9d072f,data\raw\dataset_B\EALPR Vechicles dataset\Vehicles\1388.jpg
dataset_B,1389.jpg,1389,.jpg,97628,1080,1080,3,1.0,1166400,RGB,94.22339334705076,81.53500885597322,509.7670916329898,509.7670916329898,7.384212970733643,03e9b696766cce93808cd2bb89be5569,855528d2ff998077,data\raw\dataset_B\EALPR Vechicles dataset\Vehicles\1389.jpg
dataset_B,1390.jpg,1390,.jpg,125897,1032,1290,3,0.8,1331280,RGB,88.13813773210745,48.72093503104348,54.12990274289522,54.12990274289522,7.15050745010376,6ce314e14c2b08c1e4ee0f4a3f7efcff,dd3a1282c878f747,data\raw\dataset_B\EALPR Vechicles dataset\Vehicles\1390.jpg
dataset_B,1391.jpg,1391,.jpg,98285,754,758,3,0.994723,571532,RGB,122.13673075173394,68.72748991948635,617.0991010868489,617.0991010868489,7.637600898742676,10112948854a7d64f71763377464ace4,f5816e87fb4ac029,data\raw\dataset_B\EALPR Vechicles dataset\Vehicles\1391.jpg
dataset_B,1392.jpg,1392,.jpg,105343,937,1170,3,0.800855,1096290,RGB,143.4268505596147,80.41155089694637,474.10247464114525,474.10247464114525,7.247198104858398,c69a652f9eeeebbcf0314b393162054b,bf98c02f7332c82d,data\raw\dataset_B\EALPR Vechicles dataset\Vehicles\1392.jpg
dataset_B,1393.jpg,1393,.jpg,71581,900,1125,3,0.8,1012500,RGB,75.0234874074074,73.45089065303708,464.9265876474381,464.9265876474381,7.104744911193848,8a7c171a15ecb04b89f8b5e223979035,fe616a8e21709f8c,data\raw\dataset_B\EALPR Vechicles dataset\Vehicles\1393.jpg
dataset_B,1394.jpg,1394,.jpg,57595,900,1125,3,0.8,1012500,RGB,68.82723456790123,63.75436014530748,222.37837922441483,222.37837922441483,6.901805877685547,70fe7dac06a62ccc925be9517f07f1d9,ab3c3ec1a92ec139,data\raw\dataset_B\EALPR Vechicles dataset\Vehicles\1394.jpg
dataset_B,1395.jpg,1395,.jpg,70548,1080,1080,3,1.0,1166400,RGB,90.686545781893,75.42065989964104,60.42719780767939,60.42719780767939,7.349750995635986,38bd157036e36824b5407647cb2bf98a,8381661a98fa6d77,data\raw\dataset_B\EALPR Vechicles dataset\Vehicles\1395.jpg
dataset_B,1396.jpg,1396,.jpg,43188,1080,1080,3,1.0,1166400,RGB,58.86282664609053,65.4079221135042,14.101021879048544,14.101021879048544,5.918561935424805,21a8384ce07c09c98591259a26f8d296,82a3e59283e9ed96,data\raw\dataset_B\EALPR Vechicles dataset\Vehicles\1396.jpg
dataset_B,1397.jpg,1397,.jpg,40413,1080,1080,3,1.0,1166400,RGB,93.43135373799726,37.4928368737314,8.651618521047023,8.651618521047023,7.027141094207764,badb6ba7869ad6f60ed69b7c2f838733,aa82827f7ca8b8ec,data\raw\dataset_B\EALPR Vechicles dataset\Vehicles\1397.jpg
dataset_B,1398.jpg,1398,.jpg,73046,900,1125,3,0.8,1012500,RGB,122.91283555555556,73.65415532695712,292.5930547945876,292.5930547945876,6.869409084320068,e8784eaf929045c3bd12d20a3347c930,eeb5d1d195c2330a,data\raw\dataset_B\EALPR Vechicles dataset\Vehicles\1398.jpg
dataset_B,1399.jpg,1399,.jpg,129338,720,900,3,0.8,648000,RGB,102.8380462962963,67.31548823400928,547.2161478373628,547.2161478373628,7.703103542327881,db8d379b25a62bea15d3724544344cbf,b670087fc52ed2aa,data\raw\dataset_B\EALPR Vechicles dataset\Vehicles\1399.jpg
dataset_B,1400.jpg,1400,.jpg,127369,900,1125,3,0.8,1012500,RGB,127.87392691358025,68.39239251533714,432.2784860406245,432.2784860406245,7.618736743927002,fab98f32b59aff5eb470da3ef2a82370,bf59c9993190cae4,data\raw\dataset_B\EALPR Vechicles dataset\Vehicles\1400.jpg
dataset_B,1401.jpg,1401,.jpg,74864,1080,1080,3,1.0,1166400,RGB,92.65937242798354,53.94778007401968,40.21207733192557,40.21207733192557,7.174474716186523,956ad980b73fd9e831191d77124d5f20,ca8e9c9c9c9523e3,data\raw\dataset_B\EALPR Vechicles dataset\Vehicles\1401.jpg
dataset_B,1402.jpg,1402,.jpg,70822,1080,1080,3,1.0,1166400,RGB,111.1571622085048,66.09614772542896,68.94458030374535,68.94458030374535,7.355424404144287,7e1ecbd88e9b8530e4c4cb248a216d61,eaca9bf0b5450565,data\raw\dataset_B\EALPR Vechicles dataset\Vehicles\1402.jpg
dataset_B,1403.jpg,1403,.jpg,23192,1080,756,3,1.428571,816480,RGB,58.11370272388791,28.500672547379573,7.918065347947268,7.918065347947268,6.224006652832031,652c4dbc39cfa74b0441fada35666c7c,b2cac8c9bdb5a690,data\raw\dataset_B\EALPR Vechicles dataset\Vehicles\1403.jpg
dataset_B,1404.jpg,1404,.jpg,55549,1080,712,3,1.516854,768960,RGB,158.42821083021224,62.55007778439969,58.37533144605246,58.37533144605246,7.63289737701416,be349627945d0572feecf9f97b5ca050,c2162bb43a5f3a53,data\raw\dataset_B\EALPR Vechicles dataset\Vehicles\1404.jpg
dataset_B,1405.jpg,1405,.jpg,58616,900,1125,3,0.8,1012500,RGB,111.98483851851852,57.7216098460178,146.67705081169433,146.67705081169433,7.255911827087402,e3c0ce83e1618354b7db3e0cdabbc6bb,ef9d0f93a162234a,data\raw\dataset_B\EALPR Vechicles dataset\Vehicles\1405.jpg
dataset_B,1406.jpg,1406,.jpg,75014,900,1125,3,0.8,1012500,RGB,173.574584691358,76.1439619913562,368.6270349896603,368.6270349896603,6.277090072631836,5eff03a043ae1a7a798134c39d768cd9,fa90783c94d21f95,data\raw\dataset_B\EALPR Vechicles dataset\Vehicles\1406.jpg
dataset_B,1407.jpg,1407,.jpg,43308,900,1125,3,0.8,1012500,RGB,180.42479209876544,75.33040853102155,120.79088806828327,120.79088806828327,6.025967121124268,497ed55390b81e8474a850d6f6fe54af,bed66a99c13786c0,data\raw\dataset_B\EALPR Vechicles dataset\Vehicles\1407.jpg
dataset_B,1408.jpg,1408,.jpg,112425,1080,1350,3,0.8,1458000,RGB,122.52326680384088,78.09464798812863,341.5027742974291,341.5027742974291,7.630187511444092,2a0bd96850aaf3d107ef23c96387c55b,e0dd5f07203fd740,data\raw\dataset_B\EALPR Vechicles dataset\Vehicles\1408.jpg
dataset_B,1409.jpg,1409,.jpg,77520,900,1125,3,0.8,1012500,RGB,98.75046419753086,102.88945127051406,333.7214310995216,333.7214310995216,6.009724140167236,b82d037e5282d75f8b390ec3075dd64d,be6863636b9c9461,data\raw\dataset_B\EALPR Vechicles dataset\Vehicles\1409.jpg
dataset_B,1410.jpg,1410,.jpg,81585,900,1125,3,0.8,1012500,RGB,120.47404148148148,89.51464330850648,188.1741355636431,188.1741355636431,7.083279609680176,26140e1470d8323e023f21153d66fec4,be5a9023f23449fc,data\raw\dataset_B\EALPR Vechicles dataset\Vehicles\1410.jpg
dataset_B,1411.jpg,1411,.jpg,24247,1080,808,3,1.336634,872640,RGB,22.831575449211588,42.31166948218672,29.714617711435,29.714617711435,5.328150749206543,170ffe263fdda8ef484eccace082609c,8d71326ccc2333dd,data\raw\dataset_B\EALPR Vechicles dataset\Vehicles\1411.jpg
dataset_B,1412.jpg,1412,.jpg,60830,900,1125,3,0.8,1012500,RGB,115.59745777777778,70.5335377596724,282.24673561873516,282.24673561873516,7.499566555023193,70d07a02918d8c7d32c8d859220f52bd,eac0c0ad4edc2d6d,data\raw\dataset_B\EALPR Vechicles dataset\Vehicles\1412.jpg
dataset_B,1413.jpg,1413,.jpg,26558,632,790,3,0.8,499280,RGB,24.971551033488222,31.925558339019396,29.17651781962918,29.17651781962918,5.37323522567749,3d44fded852898d9901d5a767932ffc5,d97e7e958160741c,data\raw\dataset_B\EALPR Vechicles dataset\Vehicles\1413.jpg
dataset_B,1414.jpg,1414,.jpg,102546,960,720,3,1.333333,691200,RGB,102.56044994212964,66.33395390531085,1413.7761371419272,1413.7761371419272,7.7815842628479,00d0b69baa66b417ca0849472af84e99,fa70f9c2c06f920d,data\raw\dataset_B\EALPR Vechicles dataset\Vehicles\1414.jpg
dataset_B,1415.jpg,1415,.jpg,111462,900,1125,3,0.8,1012500,RGB,155.39602172839506,65.28566763383505,341.78850632132907,341.78850632132907,7.148998260498047,8aba3c6c5a89019957cfa6d94b30762a,ab0f968661d1466f,data\raw\dataset_B\EALPR Vechicles dataset\Vehicles\1415.jpg
dataset_B,1416.jpg,1416,.jpg,111164,900,1125,3,0.8,1012500,RGB,114.77622222222222,68.22531024896773,603.4276039501012,603.4276039501012,7.634335517883301,0ca1c1fe954e232b11bcb2cdeacbe983,eb851f2ec21529e3,data\raw\dataset_B\EALPR Vechicles dataset\Vehicles\1416.jpg
dataset_B,1417.jpg,1417,.jpg,69725,900,1125,3,0.8,1012500,RGB,116.08719012345679,79.71002088809873,274.9883515780584,274.9883515780584,7.438516616821289,7bf01ea6956df6c433e924aa1358806f,eefc3b8b940684e1,data\raw\dataset_B\EALPR Vechicles dataset\Vehicles\1417.jpg
dataset_B,1418.jpg,1418,.jpg,74833,900,1125,3,0.8,1012500,RGB,115.44267160493827,79.14697357790466,261.17638199653567,261.17638199653567,7.490849018096924,89f5180420d66e9c335f7a909b01276b,aea13f85853da670,data\raw\dataset_B\EALPR Vechicles dataset\Vehicles\1418.jpg
dataset_B,1419.jpg,1419,.jpg,151224,1080,1080,3,1.0,1166400,RGB,76.65924468449931,56.16939479562327,118.253796140764,118.253796140764,7.554865837097168,0dcabd81cc09ac9d67195164c19f1d05,ea80d61e90e2ecfc,data\raw\dataset_B\EALPR Vechicles dataset\Vehicles\1419.jpg
dataset_B,1420.jpg,1420,.jpg,97002,900,1125,3,0.8,1012500,RGB,151.348135308642,69.56787525848203,460.3263288884168,460.3263288884168,7.4583563804626465,281185d7299ef2cd42d282fd1c561ed9,eac2f1f8872f3881,data\raw\dataset_B\EALPR Vechicles dataset\Vehicles\1420.jpg
dataset_B,1421.jpg,1421,.jpg,72654,900,1125,3,0.8,1012500,RGB,151.45533333333333,89.62821474276562,494.34733468902033,494.34733468902033,6.224349498748779,7b9a39347954bdbf1dfbebbbe5c573fa,bf6c314cc32e9139,data\raw\dataset_B\EALPR Vechicles dataset\Vehicles\1421.jpg
dataset_B,1422.jpg,1422,.jpg,74433,1080,899,3,1.201335,970920,RGB,106.21102562518024,80.27958459333709,150.56352528462452,150.56352528462452,7.380963325500488,5ec2fa04f4f1b1fa6d477d555204a799,d07838943e3ea54f,data\raw\dataset_B\EALPR Vechicles dataset\Vehicles\1422.jpg
dataset_B,1423.jpg,1423,.jpg,65544,900,1125,3,0.8,1012500,RGB,110.80190320987654,75.3442032677817,203.4093125861926,203.4093125861926,7.327672481536865,54944f9059bc07b67b566098b95f7f81,af83c3b5923aaca4,data\raw\dataset_B\EALPR Vechicles dataset\Vehicles\1423.jpg
dataset_B,1424.jpg,1424,.jpg,290541,1080,1080,3,1.0,1166400,RGB,114.38982167352538,60.4784657452406,2156.071253543664,2156.071253543664,7.808267116546631,b3c97e1bb6a1f8c9ce72bb88c5b7e87f,fc36975f02242d17,data\raw\dataset_B\EALPR Vechicles dataset\Vehicles\1424.jpg
dataset_B,1425.jpg,1425,.jpg,72315,1080,810,3,1.333333,874800,RGB,100.9596662094193,60.58430399690469,111.8303586907839,111.8303586907839,7.621944427490234,c84efd9ae0328a5116beae59dba95095,86ec6c82d3ba996c,data\raw\dataset_B\EALPR Vechicles dataset\Vehicles\1425.jpg
dataset_B,1426.jpg,1426,.jpg,124334,900,1125,3,0.8,1012500,RGB,126.49440790123457,84.68069348571879,1081.1674387424591,1081.1674387424591,7.543696880340576,958effa62e9fb68621a778de2903b727,ab8d6e5ac00f287e,data\raw\dataset_B\EALPR Vechicles dataset\Vehicles\1426.jpg
dataset_B,1427.jpg,1427,.jpg,48223,900,1125,3,0.8,1012500,RGB,46.955188148148146,78.35920898268282,324.473670123448,324.473670123448,5.417665481567383,d5342aabe636f5f3fe50ffb61a53b396,aff15b0f0e7860c2,data\raw\dataset_B\EALPR Vechicles dataset\Vehicles\1427.jpg
dataset_B,1428.jpg,1428,.jpg,46909,1080,608,3,1.776316,656640,RGB,61.90667489035088,44.3076807946436,563.5765739030443,563.5765739030443,6.786063194274902,b72a28e1a54967caa40172c5d3714274,84a32b9fd67348ca,data\raw\dataset_B\EALPR Vechicles dataset\Vehicles\1428.jpg
dataset_B,1429.jpg,1429,.jpg,139821,929,1162,3,0.799484,1079498,RGB,101.72674891477335,63.567939838149854,127.31041750214375,127.31041750214375,7.806292533874512,1cf9eb6fb70a6333b12aa788bf2918a4,c50ece648dc39f86,data\raw\dataset_B\EALPR Vechicles dataset\Vehicles\1429.jpg
dataset_B,1430.jpg,1430,.jpg,63681,900,1125,3,0.8,1012500,RGB,82.25204345679012,76.73166965421156,174.0825195058207,174.0825195058207,7.175534248352051,d58477ea7c78c1c116c1cae5af1492ff,eac0c3cbcc818fcd,data\raw\dataset_B\EALPR Vechicles dataset\Vehicles\1430.jpg
dataset_B,1431.jpg,1431,.jpg,44789,1080,608,3,1.776316,656640,RGB,68.42349384746589,47.057875960749435,368.48579803849816,368.48579803849816,7.180441379547119,8554172840b91d7d1fa413a9ef99c255,d5bf2da02b0b2ba1,data\raw\dataset_B\EALPR Vechicles dataset\Vehicles\1431.jpg
dataset_B,1432.jpg,1432,.jpg,66985,1080,808,3,1.336634,872640,RGB,52.423377337733776,42.25144130264212,138.9962210491812,138.9962210491812,6.947451114654541,f9e06e8fe95b1c3e34a967c24609a986,c1776224ce6e35c5,data\raw\dataset_B\EALPR Vechicles dataset\Vehicles\1432.jpg
dataset_B,1433.jpg,1433,.jpg,38603,1080,808,3,1.336634,872640,RGB,72.29394366519985,37.89252329767704,17.60730102246269,17.60730102246269,6.604963302612305,42855519c2e9ebe429c43c5d5eaab7d7,fae800553faaaa55,data\raw\dataset_B\EALPR Vechicles dataset\Vehicles\1433.jpg
dataset_B,1434.jpg,1434,.jpg,119895,900,1125,3,0.8,1012500,RGB,89.12464790123457,77.61981951739558,563.8265499796192,563.8265499796192,7.403066635131836,106a132bf17da891fd91f0764b066c7f,af5a8168bd2d160f,data\raw\dataset_B\EALPR Vechicles dataset\Vehicles\1434.jpg
dataset_B,1435.jpg,1435,.jpg,99741,900,1125,3,0.8,1012500,RGB,116.23970469135803,90.76680641129435,623.0862088207715,623.0862088207715,6.913827419281006,3ca7c510031f07d50df843d4e3ecd375,bf91d08ec46746ca,data\raw\dataset_B\EALPR Vechicles dataset\Vehicles\1435.jpg
dataset_B,1436.jpg,1436,.jpg,55582,453,369,3,1.227642,167157,RGB,94.69274394730702,78.8586046339447,3096.9901733379365,3096.9901733379365,7.604545593261719,38033ed771b47c563dbce0a33fe8f212,cd2b7ed8912d6a50,data\raw\dataset_B\EALPR Vechicles dataset\Vehicles\1436.jpg
dataset_B,1437.jpg,1437,.jpg,52466,1080,808,3,1.336634,872640,RGB,76.9310540429043,49.81806088277825,41.6712813122379,41.6712813122379,7.076145648956299,e2afcd94e97bd96325820234d99b30aa,d8c117f9a0e06e1f,data\raw\dataset_B\EALPR Vechicles dataset\Vehicles\1437.jpg
dataset_B,1438.jpg,1438,.jpg,37091,1080,810,3,1.333333,874800,RGB,47.484739368998625,44.22190908483774,113.70295150760961,113.70295150760961,6.5411295890808105,0eae0248a69cb0d1b06bbc2e720b1183,c59d5878d5853c6a,data\raw\dataset_B\EALPR Vechicles dataset\Vehicles\1438.jpg
dataset_B,1439.jpg,1439,.jpg,114014,900,1125,3,0.8,1012500,RGB,87.80185283950617,59.71820288634273,401.2279753973114,401.2279753973114,6.924145698547363,f61282f94a2653bcec4b9254a9c1759b,af94f8688c995b49,data\raw\dataset_B\EALPR Vechicles dataset\Vehicles\1439.jpg
dataset_B,1440.jpg,1440,.jpg,44682,1080,808,3,1.336634,872640,RGB,143.69786280711403,95.63005105774924,73.49507060662216,73.49507060662216,6.9866790771484375,76876337be4d491d2445f90f601238e5,ebea14d5a42b2b68,data\raw\dataset_B\EALPR Vechicles dataset\Vehicles\1440.jpg
dataset_B,1441.jpg,1441,.jpg,63166,900,1125,3,0.8,1012500,RGB,178.17495407407407,77.35876928726223,192.59738567901135,192.59738567901135,6.008684158325195,0e95fe49ff55e7489dc2cb1a8e20168c,eb9196943c256579,data\raw\dataset_B\EALPR Vechicles dataset\Vehicles\1441.jpg
dataset_B,1442.jpg,1442,.jpg,71869,960,720,3,1.333333,691200,RGB,112.00234230324074,68.57484726686117,402.60621440428855,402.60621440428855,7.664438724517822,b6e445d3f61ee502c2184b11d7de416c,e855c70f85595671,data\raw\dataset_B\EALPR Vechicles dataset\Vehicles\1442.jpg
dataset_B,1443.jpg,1443,.jpg,35163,1080,810,3,1.333333,874800,RGB,40.52959533607682,41.02724718008731,115.69249382644963,115.69249382644963,6.363515853881836,628e854fbc3288443c992ff4ee7232a9,e7b058d7c7291986,data\raw\dataset_B\EALPR Vechicles dataset\Vehicles\1443.jpg
dataset_B,1444.jpg,1444,.jpg,111132,1080,810,3,1.333333,874800,RGB,117.71884545038866,58.266631773887376,566.3289929464523,566.3289929464523,7.679543495178223,54036b289e83fd48fe0cd765df114294,a1866378ccd0f4db,data\raw\dataset_B\EALPR Vechicles dataset\Vehicles\1444.jpg
dataset_B,1445.jpg,1445,.jpg,112434,1080,810,3,1.333333,874800,RGB,123.49081618655693,64.2471883939394,619.4465076317646,619.4465076317646,7.662109375,1840ce6baaf2348a68d6d894a1bf7cf1,c44f69e1d0b8cf83,data\raw\dataset_B\EALPR Vechicles dataset\Vehicles\1445.jpg
dataset_B,1446.jpg,1446,.jpg,82352,1080,810,3,1.333333,874800,RGB,105.6460470964792,56.122275757727486,679.0886446479151,679.0886446479151,7.421672344207764,883ff717d9962da8627dc3333766b5c5,d39b2d211cc8c37d,data\raw\dataset_B\EALPR Vechicles dataset\Vehicles\1446.jpg
dataset_B,1447.jpg,1447,.jpg,64031,584,584,3,1.0,341056,RGB,75.43996000656783,59.137257175558666,543.2638800159519,543.2638800159519,7.5273847579956055,7644fdedab0c30a4453016d65efd4802,f5401f29c7f428da,data\raw\dataset_B\EALPR Vechicles dataset\Vehicles\1447.jpg
dataset_B,1448.jpg,1448,.jpg,43755,900,1125,3,0.8,1012500,RGB,113.09077432098765,97.45656015911572,362.5215940740702,362.5215940740702,5.584108352661133,93a67e5a228a231943faacb0fe226f07,af69689c8663699c,data\raw\dataset_B\EALPR Vechicles dataset\Vehicles\1448.jpg
dataset_B,1449.jpg,1449,.jpg,98982,900,1125,3,0.8,1012500,RGB,137.59026271604938,63.04834982459933,457.74847999811146,457.74847999811146,7.568267345428467,859b47e72bd9e5832c431595b284ef85,faf068a05aca2f8e,data\raw\dataset_B\EALPR Vechicles dataset\Vehicles\1449.jpg
dataset_B,1450.jpg,1450,.jpg,55263,900,1125,3,0.8,1012500,RGB,132.09418172839506,88.93968014403372,348.058762393205,348.058762393205,5.956669330596924,92b8c99e0dbe68eeeb662413aee3eb62,ba961f49b59632c8,data\raw\dataset_B\EALPR Vechicles dataset\Vehicles\1450.jpg
dataset_B,1451.jpg,1451,.jpg,72766,1080,845,3,1.278107,912600,RGB,108.40886697348236,61.72407746254528,87.13298218636102,87.13298218636102,7.761123180389404,045103689dc973957ba1843aeb6e63e2,afc506e2397b3390,data\raw\dataset_B\EALPR Vechicles dataset\Vehicles\1451.jpg
dataset_B,1452.jpg,1452,.jpg,84007,1080,844,3,1.279621,911520,RGB,122.78977202913815,75.91872570996185,237.5437922225841,237.5437922225841,7.601531028747559,551fd93dcfb004433d9ab7e1af159f32,eb41686bc278f4d4,data\raw\dataset_B\EALPR Vechicles dataset\Vehicles\1452.jpg
dataset_B,1453.jpg,1453,.jpg,185262,1080,1350,3,0.8,1458000,RGB,120.28130658436214,59.44138941330986,399.22797392424746,399.22797392424746,7.729610443115234,be6434881c0ba4c85f5f29ee74679787,f564a20b833f5574,data\raw\dataset_B\EALPR Vechicles dataset\Vehicles\1453.jpg
dataset_B,1454.jpg,1454,.jpg,55085,900,1125,3,0.8,1012500,RGB,89.0968237037037,73.89431857066046,291.2378241676574,291.2378241676574,7.229215621948242,e603a9ed0e4c9225f5e9fcc62756fede,af3d3ec0956e4a05,data\raw\dataset_B\EALPR Vechicles dataset\Vehicles\1454.jpg
dataset_B,1455.jpg,1455,.jpg,46104,900,1125,3,0.8,1012500,RGB,70.17904296296297,67.11362447032151,213.7554636635059,213.7554636635059,6.93166446685791,a6f7f23679b434fcc77122b54ff258ca,eb0e2e803d6ef01b,data\raw\dataset_B\EALPR Vechicles dataset\Vehicles\1455.jpg
dataset_B,1456.jpg,1456,.jpg,39424,1080,1080,3,1.0,1166400,RGB,116.06737054183813,51.115421458038114,11.65031460873523,11.65031460873523,6.581142425537109,9a20d4ebc74838b4c152b8753dd4a586,f416868571959e4f,data\raw\dataset_B\EALPR Vechicles dataset\Vehicles\1456.jpg
dataset_B,1457.jpg,1457,.jpg,56938,900,1125,3,0.8,1012500,RGB,71.07445432098766,91.92594944838038,320.48643160462217,320.48643160462217,6.171533584594727,649e916ee77683601163ccaeb0e8cdfb,af8c7a68859c78e1,data\raw\dataset_B\EALPR Vechicles dataset\Vehicles\1457.jpg
dataset_B,1458.jpg,1458,.jpg,113687,1080,808,3,1.336634,872640,RGB,121.56450770077008,54.63485950419662,774.166677643893,774.166677643893,7.613109588623047,df991fa60e3483f605e75d5946152f2e,e140ceea6596a733,data\raw\dataset_B\EALPR Vechicles dataset\Vehicles\1458.jpg
dataset_B,1459.jpg,1459,.jpg,91774,900,1125,3,0.8,1012500,RGB,142.14397728395062,104.10004789991179,717.6956103213379,717.6956103213379,5.494453430175781,21d8e3a4ac54361ee2c5fb6375a94cbc,ebc59190b1c7653c,data\raw\dataset_B\EALPR Vechicles dataset\Vehicles\1459.jpg
dataset_B,1460.jpg,1460,.jpg,78476,900,1125,3,0.8,1012500,RGB,109.4280938271605,62.67412155713949,168.27374307270233,168.27374307270233,7.377448081970215,96e6cae15ae55357fdd5f4c4d696dfd1,fe9eb5b40ac15889,data\raw\dataset_B\EALPR Vechicles dataset\Vehicles\1460.jpg
dataset_B,1461.jpg,1461,.jpg,31963,900,1125,3,0.8,1012500,RGB,66.01416790123457,69.0617769308814,305.1554419733334,305.1554419733334,6.69184684753418,8841eac5c8bf640af546c98922ed7f4a,ca8d2cc393353cd3,data\raw\dataset_B\EALPR Vechicles dataset\Vehicles\1461.jpg
dataset_B,1462.jpg,1462,.jpg,340051,1080,1080,3,1.0,1166400,RGB,107.34458676268862,66.14027829219718,3516.633567974241,3516.633567974241,7.836994171142578,97c4ec0f08dedd0a8dcec5127166627e,afd5802b832dceb8,data\raw\dataset_B\EALPR Vechicles dataset\Vehicles\1462.jpg
dataset_B,1463.jpg,1463,.jpg,88414,900,1125,3,0.8,1012500,RGB,132.1308849382716,65.0073182432741,187.6208358598321,187.6208358598321,7.542065143585205,02c127311b3b37faa33d84048e53d4e4,fa9c9f61c12b7070,data\raw\dataset_B\EALPR Vechicles dataset\Vehicles\1463.jpg
dataset_B,1464.jpg,1464,.jpg,70923,1080,808,3,1.336634,872640,RGB,118.43996378804547,68.1941226226013,117.34270866799362,117.34270866799362,7.813681125640869,4748ffc7af72fd1ca63fb6498da45e95,f783be3482b12d86,data\raw\dataset_B\EALPR Vechicles dataset\Vehicles\1464.jpg
dataset_B,1465.jpg,1465,.jpg,94588,900,1125,3,0.8,1012500,RGB,106.30686913580247,75.95659213404352,326.86106962575803,326.86106962575803,7.5918989181518555,b8c677eb4bd66ca1a50dd5ada7e1218b,fac58dd9b2b12524,data\raw\dataset_B\EALPR Vechicles dataset\Vehicles\1465.jpg
dataset_B,1466.jpg,1466,.jpg,113945,1080,810,3,1.333333,874800,RGB,127.1487368541381,61.82395667356493,501.16833888532415,501.16833888532415,7.719541549682617,0f14f7dc5a1fc6b6cdd3ccdd75e26f05,e3199de090016f7f,data\raw\dataset_B\EALPR Vechicles dataset\Vehicles\1466.jpg
dataset_B,1467.jpg,1467,.jpg,128523,900,1125,3,0.8,1012500,RGB,162.6299239506173,73.64132323409386,1060.1954469135178,1060.1954469135178,6.14025354385376,b242ceb4577ea8da4c8a9a8d29c068df,eb69cbe160c1e42d,data\raw\dataset_B\EALPR Vechicles dataset\Vehicles\1467.jpg
dataset_B,1468.jpg,1468,.jpg,46582,1080,731,3,1.477428,789480,RGB,61.33873562344834,66.16979809894664,130.34468342775492,130.34468342775492,6.195805549621582,19d7fc0803bdfe88213631597a6f74ef,940f4bf034ce5bb4,data\raw\dataset_B\EALPR Vechicles dataset\Vehicles\1468.jpg
dataset_B,1469.jpg,1469,.jpg,133960,1080,1080,3,1.0,1166400,RGB,112.8729269547325,62.871695545185425,136.30193117908433,136.30193117908433,7.630316734313965,17f60c24533cdc303a6576c942c99c6a,b880837f879d9966,data\raw\dataset_B\EALPR Vechicles dataset\Vehicles\1469.jpg
dataset_B,1470.jpg,1470,.jpg,159835,1080,1080,3,1.0,1166400,RGB,91.3868287037037,66.0472581920376,1377.057785773961,1377.057785773961,7.578863143920898,9cb9818198d13a498845c0ed79561f7a,f2906074de93c3d3,data\raw\dataset_B\EALPR Vechicles dataset\Vehicles\1470.jpg
dataset_B,1471.jpg,1471,.jpg,69966,1080,606,3,1.782178,654480,RGB,60.84515034836817,54.81699379995365,328.8905552105525,328.8905552105525,7.084589958190918,4514322e966b9332c5d0748a40fba228,fd02a4ddc2acf2c8,data\raw\dataset_B\EALPR Vechicles dataset\Vehicles\1471.jpg
dataset_B,1472.jpg,1472,.jpg,43360,1080,608,3,1.776316,656640,RGB,90.93730811403509,48.92883230286393,89.22326008830477,89.22326008830477,7.149327754974365,5f83ad4353556dc49a51310c34e856c2,acceea0131b5b3c3,data\raw\dataset_B\EALPR Vechicles dataset\Vehicles\1472.jpg
dataset_B,1473.jpg,1473,.jpg,58168,1080,808,3,1.336634,872640,RGB,56.930495966263294,59.24462326274227,69.86009576056921,69.86009576056921,6.629195213317871,5535b9cbd2d201771215ec0ebce66f39,fd0483739e48dc8e,data\raw\dataset_B\EALPR Vechicles dataset\Vehicles\1473.jpg
dataset_B,1474.jpg,1474,.jpg,63849,1080,808,3,1.336634,872640,RGB,80.92842982214889,68.74180916874498,401.91069268542805,401.91069268542805,7.477606773376465,d7ac495ca31de076b976ab84966faa63,91697eb25ad2b548,data\raw\dataset_B\EALPR Vechicles dataset\Vehicles\1474.jpg
dataset_B,1475.jpg,1475,.jpg,88447,900,1125,3,0.8,1012500,RGB,69.11295703703703,68.85524909272614,277.15935400505435,277.15935400505435,6.751806259155273,fc5d3e20bce28eddff83d36e753fa9f5,ab2fd05e52272fc0,data\raw\dataset_B\EALPR Vechicles dataset\Vehicles\1475.jpg
dataset_B,1476.jpg,1476,.jpg,87329,750,750,3,1.0,562500,RGB,78.20374755555555,53.21401116915904,532.8877645868373,532.8877645868373,7.269634246826172,d62ece5b4144e60bb0f6c569a131b533,d6d42c4b4b632697,data\raw\dataset_B\EALPR Vechicles dataset\Vehicles\1476.jpg
dataset_B,1477.jpg,1477,.jpg,36553,900,1125,3,0.8,1012500,RGB,88.40672493827161,62.36632114249869,189.47912292076057,189.47912292076057,6.985827445983887,b3536943025b2f2903f606085bdce9c7,af4ec46c86cec4c5,data\raw\dataset_B\EALPR Vechicles dataset\Vehicles\1477.jpg
dataset_B,1478.jpg,1478,.jpg,63733,900,1125,3,0.8,1012500,RGB,169.44966913580248,71.8907678555007,168.34344190987372,168.34344190987372,6.10699462890625,0bcbdce530129c491bfc408f04013acb,bf9598c06766489d,data\raw\dataset_B\EALPR Vechicles dataset\Vehicles\1478.jpg
dataset_B,1479.jpg,1479,.jpg,39626,900,900,3,1.0,810000,RGB,152.26667777777777,88.57761985128295,204.80416717558296,204.80416717558296,6.139272689819336,a12c6ee5c5a1d98a3ada304aa96c7da4,be3c943269636369,data\raw\dataset_B\EALPR Vechicles dataset\Vehicles\1479.jpg
dataset_B,1480.jpg,1480,.jpg,76232,900,1125,3,0.8,1012500,RGB,134.72268444444444,63.43662199515924,233.8787683826061,233.8787683826061,6.640314102172852,79e65728a2d9c8576e27eb632e70b7dc,bb7a583c2c2587c3,data\raw\dataset_B\EALPR Vechicles dataset\Vehicles\1480.jpg
dataset_B,1481.jpg,1481,.jpg,102681,1062,1125,3,0.944,1194750,RGB,127.5592500523122,72.03689459057814,275.1782713197792,275.1782713197792,7.652988910675049,351956741d3669841280affecb3dc701,8980b26fd5b25a79,data\raw\dataset_B\EALPR Vechicles dataset\Vehicles\1481.jpg
dataset_B,1482.jpg,1482,.jpg,105435,902,1125,3,0.801778,1014750,RGB,126.08547031288495,71.71885656414211,187.02048723866844,187.02048723866844,7.926460266113281,c7e4ed30067c19d44971cf19aaeda7cd,970eac95c2ea9791,data\raw\dataset_B\EALPR Vechicles dataset\Vehicles\1482.jpg
dataset_B,1483.jpg,1483,.jpg,134160,750,750,3,1.0,562500,RGB,114.50842488888888,68.5090789126937,1814.7102269919003,1814.7102269919003,7.738755226135254,a41af52c80b0e235d55fc7a7d85aee7b,aaa4952d0cf437dc,data\raw\dataset_B\EALPR Vechicles dataset\Vehicles\1483.jpg
dataset_B,1484.jpg,1484,.jpg,103064,900,1125,3,0.8,1012500,RGB,98.8719437037037,76.33413572021944,466.36030814024696,466.36030814024696,7.415574073791504,7279d51da938370fe356c7fef33af43b,af957121a99ed2d0,data\raw\dataset_B\EALPR Vechicles dataset\Vehicles\1484.jpg
dataset_B,1485.jpg,1485,.jpg,108948,900,1125,3,0.8,1012500,RGB,123.65571654320988,74.5580831117354,427.53693426099295,427.53693426099295,7.550929069519043,e74bd2834134f0b68567c31ed752b011,aba3a1a535b4961e,data\raw\dataset_B\EALPR Vechicles dataset\Vehicles\1485.jpg
dataset_B,1486.jpg,1486,.jpg,63662,900,1125,3,0.8,1012500,RGB,112.5999674074074,58.22276174982355,252.49130341396742,252.49130341396742,7.190899848937988,cafe3c0355cdccea9f2c0b0034bdb39f,fadb890f4e703036,data\raw\dataset_B\EALPR Vechicles dataset\Vehicles\1486.jpg
dataset_B,1487.jpg,1487,.jpg,57717,1080,810,3,1.333333,874800,RGB,144.2621833561957,65.30696351448059,62.15519333652382,62.15519333652382,7.293363571166992,913428040a735252aa63490b93ddf39b,d285a5aacb3534cb,data\raw\dataset_B\EALPR Vechicles dataset\Vehicles\1487.jpg
dataset_B,1488.jpg,1488,.jpg,43789,900,1125,3,0.8,1012500,RGB,31.393505185185184,64.7027276169764,383.37903208125005,383.37903208125005,5.109362602233887,d97e8cad602b4bb72cb6841b8a2b4db5,fa387a831a2cf4b1,data\raw\dataset_B\EALPR Vechicles dataset\Vehicles\1488.jpg
dataset_B,1489.jpg,1489,.jpg,66461,1080,781,3,1.382843,843480,RGB,103.3163809456063,68.64254534694427,175.94070140002222,175.94070140002222,7.8188581466674805,5aa400a3e5bd74fd0bbe4f80b2676a73,c1ad3fe8cac37860,data\raw\dataset_B\EALPR Vechicles dataset\Vehicles\1489.jpg
dataset_B,1490.jpg,1490,.jpg,165140,825,825,3,1.0,680625,RGB,110.91917428833793,47.41260309279014,1000.7317109763658,1000.7317109763658,7.470760345458984,aa6fd8cafd7ee973d59d60ef0d207c86,ffc0b03f5af0e081,data\raw\dataset_B\EALPR Vechicles dataset\Vehicles\1490.jpg
dataset_B,1491.jpg,1491,.jpg,69746,900,1125,3,0.8,1012500,RGB,112.4478301234568,82.9117341010144,180.97536591730676,180.97536591730676,6.69742488861084,f3351de32fa470f2bfb147302c0825f2,bec0c09dadbd3123,data\raw\dataset_B\EALPR Vechicles dataset\Vehicles\1491.jpg
dataset_B,1492.jpg,1492,.jpg,30726,1080,810,3,1.333333,874800,RGB,87.89496799268404,65.16692273155378,25.54171464334705,25.54171464334705,6.855072975158691,6b318d00e92b3515765c6a2782758481,956a3dca10ca3bcd,data\raw\dataset_B\EALPR Vechicles dataset\Vehicles\1492.jpg
dataset_B,1493.jpg,1493,.jpg,60424,900,1125,3,0.8,1012500,RGB,62.94126024691358,63.103480794698164,350.21977777482704,350.21977777482704,6.191929340362549,a1076091d0eafa8b53fd591162ce4cc4,ead032333bdcd093,data\raw\dataset_B\EALPR Vechicles dataset\Vehicles\1493.jpg
dataset_B,1494.jpg,1494,.jpg,50290,900,1125,3,0.8,1012500,RGB,62.122852345679014,57.388057316917454,302.7184550931626,302.7184550931626,6.4176154136657715,2e6dc22c292525cb0558dc9ef485d874,af6a7068c05a376e,data\raw\dataset_B\EALPR Vechicles dataset\Vehicles\1494.jpg
dataset_B,1495.jpg,1495,.jpg,84569,900,1125,3,0.8,1012500,RGB,86.32252641975309,56.654378749778694,211.46838802521563,211.46838802521563,7.011991024017334,8a34a034b3167ba416ecae0125c92f40,fbd1850a9e1e3c29,data\raw\dataset_B\EALPR Vechicles dataset\Vehicles\1495.jpg
dataset_B,1496.jpg,1496,.jpg,77696,900,1125,3,0.8,1012500,RGB,79.5407387654321,66.67089133730714,270.9634928149333,270.9634928149333,6.413815498352051,cce269f507c2f5c49b7e6dc29d12868d,be3ec3a9acc4f030,data\raw\dataset_B\EALPR Vechicles dataset\Vehicles\1496.jpg
dataset_B,1497.jpg,1497,.jpg,47673,359,359,3,1.0,128881,RGB,92.30848612285752,57.436876952545624,1581.8736412861085,1581.8736412861085,7.68804407119751,43a726ea9b7e07507c86203aa128018d,eed5cd0ac799814a,data\raw\dataset_B\EALPR Vechicles dataset\Vehicles\1497.jpg
dataset_B,1498.jpg,1498,.jpg,57059,1080,1079,3,1.000927,1165320,RGB,132.9558799299763,68.98278185288288,169.2590653040999,169.2590653040999,7.138703346252441,ce3b4a258f43b0b523e2e43ccc78652f,a4db60345bc13e5b,data\raw\dataset_B\EALPR Vechicles dataset\Vehicles\1498.jpg
dataset_B,1499.jpg,1499,.jpg,39467,1080,810,3,1.333333,874800,RGB,38.154479881115684,37.786961494827786,69.10307379370298,69.10307379370298,6.189245700836182,a7a1e0041e2b96f7665818df359782b7,c639398631e56e3c,data\raw\dataset_B\EALPR Vechicles dataset\Vehicles\1499.jpg
dataset_B,1500.jpg,1500,.jpg,109641,900,1125,3,0.8,1012500,RGB,119.78200098765431,77.80697731501817,614.493396851358,614.493396851358,7.400333404541016,9cc9d45f0bff9edfe32d484ed7905d40,fa3e85873e96882a,data\raw\dataset_B\EALPR Vechicles dataset\Vehicles\1500.jpg
dataset_B,1501.jpg,1501,.jpg,149594,900,1125,3,0.8,1012500,RGB,134.1898498765432,72.84599760724502,1390.43561876329,1390.43561876329,7.579034805297852,58d013d5a54047f29d7d69a0d3a8dad4,eb2e8b8c35a58527,data\raw\dataset_B\EALPR Vechicles dataset\Vehicles\1501.jpg
dataset_B,1502.jpg,1502,.jpg,46620,378,351,3,1.076923,132678,RGB,102.6585718807941,74.084458536762,3997.6020427679327,3997.6020427679327,7.608098030090332,854118f05adece2270edb81f929e0b99,eac2874bd160e43f,data\raw\dataset_B\EALPR Vechicles dataset\Vehicles\1502.jpg
dataset_B,1503.jpg,1503,.jpg,53502,1080,810,3,1.333333,874800,RGB,100.08909465020577,78.71143315685201,47.621776364633554,47.621776364633554,7.265171051025391,d0818de7d0d70d1246efc0194a6a57ef,949878d2e52de761,data\raw\dataset_B\EALPR Vechicles dataset\Vehicles\1503.jpg
dataset_B,1504.jpg,1504,.jpg,169349,900,1125,3,0.8,1012500,RGB,66.40909827160493,70.76638123901701,1638.1175307487654,1638.1175307487654,7.027131080627441,30b0db23ed3972a2824c8432d7a6ace3,eef8818d0fc31c5c,data\raw\dataset_B\EALPR Vechicles dataset\Vehicles\1504.jpg
dataset_B,1505.jpg,1505,.jpg,53753,900,1125,3,0.8,1012500,RGB,137.4721027160494,102.75875115664073,263.5487248174081,263.5487248174081,5.1533203125,7dc39cc7b6698a1733c38fbd56e07830,afc6d039b9752c82,data\raw\dataset_B\EALPR Vechicles dataset\Vehicles\1505.jpg
dataset_B,1506.jpg,1506,.jpg,123937,900,1125,3,0.8,1012500,RGB,160.05380641975307,74.39228326953258,1196.8685831672003,1196.8685831672003,6.612367630004883,188284ce2067f00e2951c9b9c3938a19,fa7b851b5ad062c2,data\raw\dataset_B\EALPR Vechicles dataset\Vehicles\1506.jpg
dataset_B,1507.jpg,1507,.jpg,190131,944,1181,3,0.799323,1114864,RGB,102.60192992149715,58.867589096603034,228.099457859509,228.099457859509,7.655837059020996,8e101ab838ffefbf1a775a4c5c2f9a13,959d1ac06f65c2f8,data\raw\dataset_B\EALPR Vechicles dataset\Vehicles\1507.jpg
dataset_B,1508.jpg,1508,.jpg,117609,975,1218,3,0.800493,1187550,RGB,92.33563134183824,62.06918573879847,593.239633047505,593.239633047505,7.702353000640869,662b2ab4c9ed6b1a41f5051dff425ee7,e0df7120057eb789,data\raw\dataset_B\EALPR Vechicles dataset\Vehicles\1508.jpg
dataset_B,1509.jpg,1509,.jpg,70486,900,1125,3,0.8,1012500,RGB,79.29179456790123,70.71991470882845,157.6285849252921,157.6285849252921,7.168166637420654,f11bc6f60b70b496babe877fce6ec572,aa9085979e972e3c,data\raw\dataset_B\EALPR Vechicles dataset\Vehicles\1509.jpg
dataset_B,1510.jpg,1510,.jpg,54503,1080,565,3,1.911504,610200,RGB,50.07363487381186,56.540012624635885,409.62693309493017,409.62693309493017,6.644960880279541,cb4e1ec9e4e20fc60cc010afcabe176a,9d8d2634ccda9467,data\raw\dataset_B\EALPR Vechicles dataset\Vehicles\1510.jpg
dataset_B,1511.jpg,1511,.jpg,105664,1080,853,3,1.26612,921240,RGB,49.31964200425514,49.488594085632094,808.5366200627561,808.5366200627561,6.99423885345459,ef37aee9480cc66f1a8fef3a95bad3e3,ae936b0c9432cf8d,data\raw\dataset_B\EALPR Vechicles dataset\Vehicles\1511.jpg
dataset_B,1512.jpg,1512,.jpg,43346,1080,808,3,1.336634,872640,RGB,69.37071300880088,70.92862767147989,67.0179604384619,67.0179604384619,6.577125549316406,92aca8e1a95477ed3863b6648c81b6fb,e181e1daa099bb9e,data\raw\dataset_B\EALPR Vechicles dataset\Vehicles\1512.jpg
dataset_B,1513.jpg,1513,.jpg,64620,1080,810,3,1.333333,874800,RGB,131.71117169638774,49.55444311272146,122.06453611720958,122.06453611720958,7.317785739898682,7d02f7f045fa8dc1588c4aa5d0d8f1a5,ebfa3a5d172e0068,data\raw\dataset_B\EALPR Vechicles dataset\Vehicles\1513.jpg
dataset_B,1514.jpg,1514,.jpg,69291,611,611,3,1.0,373321,RGB,119.33492892175902,85.44550773984005,1108.3750283366016,1108.3750283366016,7.376399040222168,a67c5d1f59ab7fc175da75073388b260,bcd2cacab57a2132,data\raw\dataset_B\EALPR Vechicles dataset\Vehicles\1514.jpg
dataset_B,1515.jpg,1515,.jpg,101048,800,1000,3,0.8,800000,RGB,69.93691375,52.469105327564534,171.2724097949609,171.2724097949609,7.20035982131958,13e8d4654e092821eee626c90e64307d,f8199f7133620ea6,data\raw\dataset_B\EALPR Vechicles dataset\Vehicles\1515.jpg
dataset_B,1516.jpg,1516,.jpg,41018,1080,608,3,1.776316,656640,RGB,97.27445936890838,62.247259392419814,223.6096899270641,223.6096899270641,7.602115631103516,22519d12ec57b4ca904a96ff59f7de54,85d77e95606b3a28,data\raw\dataset_B\EALPR Vechicles dataset\Vehicles\1516.jpg
dataset_B,1517.jpg,1517,.jpg,47802,1080,608,3,1.776316,656640,RGB,91.69899488304094,55.78243470966365,362.80763064483017,362.80763064483017,7.582880020141602,b759bbdbeae628bb7930728f9f88bdb9,d5d028c1697a3f95,data\raw\dataset_B\EALPR Vechicles dataset\Vehicles\1517.jpg
dataset_B,1518.jpg,1518,.jpg,28739,1080,810,3,1.333333,874800,RGB,17.59748056698674,34.09767341059374,45.88652833803517,45.88652833803517,5.149746417999268,688b8fc030096fd202835787b981eb4a,8c338dcc73cc33f0,data\raw\dataset_B\EALPR Vechicles dataset\Vehicles\1518.jpg
dataset_B,1519.jpg,1519,.jpg,54027,1080,810,3,1.333333,874800,RGB,27.23290923639689,36.46483219719557,142.66677401561535,142.66677401561535,5.946656703948975,efdc6d314cc391dc877b00a1f6771a20,ac3195cc73cc8d33,data\raw\dataset_B\EALPR Vechicles dataset\Vehicles\1519.jpg
dataset_B,1520.jpg,1520,.jpg,80534,900,1125,3,0.8,1012500,RGB,140.56521283950616,89.88994706217775,250.44054665109246,250.44054665109246,6.293824195861816,623e520cbc633b94310476b81439ae8c,be38923a68341f8f,data\raw\dataset_B\EALPR Vechicles dataset\Vehicles\1520.jpg
dataset_B,1521.jpg,1521,.jpg,43170,400,499,3,0.801603,199600,RGB,96.6239879759519,56.431957962548395,359.37766511690717,359.37766511690717,7.063977241516113,e86759cf78ba58620dc0b53069bcfcfc,ffbca2c28185a535,data\raw\dataset_B\EALPR Vechicles dataset\Vehicles\1521.jpg
dataset_B,1522.jpg,1522,.jpg,36657,1080,805,3,1.341615,869400,RGB,72.39118932597194,60.45397242378136,103.25658647215852,103.25658647215852,7.24841833114624,58fcb211cbfa9aa139b79f4a20bad756,c57a3ce362809d7a,data\raw\dataset_B\EALPR Vechicles dataset\Vehicles\1522.jpg
dataset_B,1523.jpg,1523,.jpg,76216,900,1125,3,0.8,1012500,RGB,68.51766320987655,72.86537147106267,474.7448621266572,474.7448621266572,6.795717239379883,53e71c8fbdea82ee1d9dfd6febb764b4,aecc2c4bcb632599,data\raw\dataset_B\EALPR Vechicles dataset\Vehicles\1523.jpg
dataset_B,1524.jpg,1524,.jpg,57887,900,1125,3,0.8,1012500,RGB,113.33825777777778,99.39823056997143,363.0428602160071,363.0428602160071,5.81574010848999,42969b041f665b663df97ced1fcf2019,ee9c396dc6c33130,data\raw\dataset_B\EALPR Vechicles dataset\Vehicles\1524.jpg
dataset_B,1525.jpg,1525,.jpg,177281,1080,1350,3,0.8,1458000,RGB,107.35923251028807,55.5850935982843,498.05679971995943,498.05679971995943,7.644898414611816,3a23e0c448aa950edeaf9e0ab6d45b34,98917f7a90982d67,data\raw\dataset_B\EALPR Vechicles dataset\Vehicles\1525.jpg
dataset_B,1526.jpg,1526,.jpg,51113,1080,808,3,1.336634,872640,RGB,71.07306907774111,48.81135690454193,90.22239031185487,90.22239031185487,7.063518524169922,db54ec1103e1ef52ff4d0110f2dd3734,ed09d87ac7043cc7,data\raw\dataset_B\EALPR Vechicles dataset\Vehicles\1526.jpg
dataset_B,1527.jpg,1527,.jpg,39426,900,1125,3,0.8,1012500,RGB,161.98922172839505,85.17719163422248,255.8962785182688,255.8962785182688,6.082833766937256,860886161dd1e2b80c50e686f79808fa,bb91c42ece687a91,data\raw\dataset_B\EALPR Vechicles dataset\Vehicles\1527.jpg
dataset_B,1528.jpg,1528,.jpg,38136,900,1125,3,0.8,1012500,RGB,165.36514666666667,84.17055443759163,264.97499456776075,264.97499456776075,5.893421649932861,5c2adfb8e32a4e51c3d1beaacf4ed177,ebc185943acb6b64,data\raw\dataset_B\EALPR Vechicles dataset\Vehicles\1528.jpg
dataset_B,1529.jpg,1529,.jpg,28974,1080,756,3,1.428571,816480,RGB,130.50804183813443,22.743702175125726,80.07683802653285,80.07683802653285,6.311605930328369,5546621bb704c9242d1b3827f4e218f1,eca8f28ed273d0c8,data\raw\dataset_B\EALPR Vechicles dataset\Vehicles\1529.jpg
dataset_B,1530.jpg,1530,.jpg,57684,900,1125,3,0.8,1012500,RGB,58.34118617283951,58.51823041378554,255.36718045977474,255.36718045977474,6.735079288482666,ffca34143e85fd8cb6f6afbd2ae83ce5,ea1d855ade212337,data\raw\dataset_B\EALPR Vechicles dataset\Vehicles\1530.jpg
dataset_B,1531.jpg,1531,.jpg,43371,1080,808,3,1.336634,872640,RGB,64.57111638247159,57.43095035922252,26.03112273211227,26.03112273211227,7.022706508636475,936402fe5f6bdb54d0df0874d2b2140b,8dcd89a5766acac2,data\raw\dataset_B\EALPR Vechicles dataset\Vehicles\1531.jpg
dataset_B,1532.jpg,1532,.jpg,108256,700,700,3,1.0,490000,RGB,116.42306734693878,71.5332204239683,1413.0102905259434,1413.0102905259434,7.772120952606201,a4867a1ac6a335e68aaed846297645dd,c2f42fd7840a7475,data\raw\dataset_B\EALPR Vechicles dataset\Vehicles\1532.jpg
dataset_B,1533.jpg,1533,.jpg,81831,1080,808,3,1.336634,872640,RGB,78.29773904473781,57.04965962070422,275.3309814245949,275.3309814245949,7.484787940979004,2be799fc738a3a3080141ef62313bfda,e98086d1caee998f,data\raw\dataset_B\EALPR Vechicles dataset\Vehicles\1533.jpg
dataset_B,1534.jpg,1534,.jpg,58472,900,1125,3,0.8,1012500,RGB,48.83560691358025,69.00420070304578,319.2246893809953,319.2246893809953,6.383950233459473,e59e64c17f74f9a6b8bf42ce6d01c520,bfb568469495c86a,data\raw\dataset_B\EALPR Vechicles dataset\Vehicles\1534.jpg
dataset_B,1535.jpg,1535,.jpg,76156,900,1125,3,0.8,1012500,RGB,55.740504691358026,66.67932639400036,350.6880832308431,350.6880832308431,6.434098720550537,fd0c70cbbb75c18c7d15f43debda45eb,eb35d017d12bc13a,data\raw\dataset_B\EALPR Vechicles dataset\Vehicles\1535.jpg
dataset_B,1536.jpg,1536,.jpg,61107,1080,810,3,1.333333,874800,RGB,85.60540695016003,72.26903022908758,116.7732610581406,116.7732610581406,7.251156806945801,8e94441f42808a390d8c065abd44377a,fa1587748f2a1563,data\raw\dataset_B\EALPR Vechicles dataset\Vehicles\1536.jpg
dataset_B,1537.jpg,1537,.jpg,55920,900,1125,3,0.8,1012500,RGB,155.92841679012346,105.07907149834917,438.1190301234568,438.1190301234568,5.313691139221191,ccc67385fd38b052ad4b99f4b15a0653,edc79290693c36c3,data\raw\dataset_B\EALPR Vechicles dataset\Vehicles\1537.jpg
dataset_B,1538.jpg,1538,.jpg,202597,1080,1080,3,1.0,1166400,RGB,119.29387088477367,70.31065149122014,2365.5941594186575,2365.5941594186575,7.876407623291016,90e1941167ab783a6ddc43dfd9ab1217,af0b933f95900f8a,data\raw\dataset_B\EALPR Vechicles dataset\Vehicles\1538.jpg
dataset_B,1539.jpg,1539,.jpg,164349,1080,1080,3,1.0,1166400,RGB,124.55455504115227,52.798746764415625,336.87663774194175,336.87663774194175,7.540920734405518,98792ed61d7c9f3e27f193279cb6403e,e98568de80723ef4,data\raw\dataset_B\EALPR Vechicles dataset\Vehicles\1539.jpg
dataset_B,1540.jpg,1540,.jpg,80233,900,1125,3,0.8,1012500,RGB,92.30329185185185,75.87195044562233,279.33622994560193,279.33622994560193,7.060716152191162,fd536d178c867fcc339dc34380812739,ea6f8763c78560d0,data\raw\dataset_B\EALPR Vechicles dataset\Vehicles\1540.jpg
dataset_B,1541.jpg,1541,.jpg,103852,1080,810,3,1.333333,874800,RGB,98.08797210791037,74.21179558120468,818.2900845545885,818.2900845545885,7.778659820556641,6966d4cba7e10a6bf66eb089f8152a00,fe943ebe161428d2,data\raw\dataset_B\EALPR Vechicles dataset\Vehicles\1541.jpg
dataset_B,1542.jpg,1542,.jpg,180385,937,1171,3,0.800171,1097227,RGB,84.65451816260446,60.57644577529927,757.9657447988399,757.9657447988399,7.675350666046143,6759501474625f1a30be5b5ed0698e43,8cc2c74d6a3db1f0,data\raw\dataset_B\EALPR Vechicles dataset\Vehicles\1542.jpg
dataset_B,1543.jpg,1543,.jpg,164842,900,1125,3,0.8,1012500,RGB,114.80278419753087,67.05718150105571,731.066249701838,731.066249701838,7.897696018218994,51407b64d6b430b1aa24293e3b7f91e3,ee07973e94841f2a,data\raw\dataset_B\EALPR Vechicles dataset\Vehicles\1543.jpg
dataset_B,1544.jpg,1544,.jpg,115915,1080,1080,3,1.0,1166400,RGB,47.21397033607682,47.73665680670086,79.1795409615055,79.1795409615055,6.881095886230469,a2b430d606cd46a3b194a168cf545822,ba7beb62858aa223,data\raw\dataset_B\EALPR Vechicles dataset\Vehicles\1544.jpg
dataset_B,1545.jpg,1545,.jpg,56360,900,1125,3,0.8,1012500,RGB,83.23388740740741,57.99405893700922,203.91939154968426,203.91939154968426,6.765998840332031,13642607515dffc60906e5b6d7ed5c3a,bad10199da67670e,data\raw\dataset_B\EALPR Vechicles dataset\Vehicles\1545.jpg
dataset_B,1546.jpg,1546,.jpg,52502,900,1125,3,0.8,1012500,RGB,73.83407802469135,63.99162471257391,219.67373723099377,219.67373723099377,6.486688613891602,69f5dc5796ad356dd8ee573ef4c530d1,fad00e8be1607e99,data\raw\dataset_B\EALPR Vechicles dataset\Vehicles\1546.jpg
dataset_B,1547.jpg,1547,.jpg,98986,900,1125,3,0.8,1012500,RGB,122.35230814814815,84.8344788597961,309.96257580246527,309.96257580246527,7.393176078796387,43baaff4017ed6c5f265729b5378f0b8,bf7ac181c617125e,data\raw\dataset_B\EALPR Vechicles dataset\Vehicles\1547.jpg
dataset_B,1548.jpg,1548,.jpg,127665,1080,566,3,1.908127,611280,RGB,119.93615200889936,50.747240215975744,426.9771451458657,426.9771451458657,7.299824237823486,cdfb8cad29df9e090e5b5d120a113ac8,ebf151145c9d161e,data\raw\dataset_B\EALPR Vechicles dataset\Vehicles\1548.jpg
dataset_B,1549.jpg,1549,.jpg,109483,750,750,3,1.0,562500,RGB,70.76705777777778,58.27137829280622,731.4197432393923,731.4197432393923,7.421319007873535,ab62f9576b996e843bade1d96511f6aa,ef03c01fe27c0d33,data\raw\dataset_B\EALPR Vechicles dataset\Vehicles\1549.jpg
dataset_B,1550.jpg,1550,.jpg,85234,900,1125,3,0.8,1012500,RGB,99.64601382716049,79.10475682634306,354.5340527474558,354.5340527474558,7.515535354614258,a075d32f924e6089a0dc49e6e848fd2e,af95786ad294e262,data\raw\dataset_B\EALPR Vechicles dataset\Vehicles\1550.jpg
dataset_B,1551.jpg,1551,.jpg,80980,1080,808,3,1.336634,872640,RGB,76.65770077007701,59.0769225158166,282.0204574544234,282.0204574544234,7.476158142089844,7931aa1a62a51a0e660f66b58d402bb4,932e3cd5631ed065,data\raw\dataset_B\EALPR Vechicles dataset\Vehicles\1551.jpg
dataset_B,1552.jpg,1552,.jpg,220379,937,1171,3,0.800171,1097227,RGB,119.83741377126155,79.02439354046335,1597.0003434344399,1597.0003434344399,7.657528400421143,69798c89109a882ba480510a8703d83e,a280977f95829edc,data\raw\dataset_B\EALPR Vechicles dataset\Vehicles\1552.jpg
dataset_B,1553.jpg,1553,.jpg,50738,1080,839,3,1.287247,906120,RGB,71.56356001412617,41.543225163667664,30.145994226354723,30.145994226354723,6.6412882804870605,c19b6fce975c5028aad7b5eeb63b8bb3,aa94979f8808d4df,data\raw\dataset_B\EALPR Vechicles dataset\Vehicles\1553.jpg
dataset_B,1554.jpg,1554,.jpg,70668,900,1125,3,0.8,1012500,RGB,87.27334814814814,64.98471978268698,299.13237197433176,299.13237197433176,6.994567394256592,f1ff03e7fd4357094a288d98af5ccd90,babe66db92a42093,data\raw\dataset_B\EALPR Vechicles dataset\Vehicles\1554.jpg
dataset_B,1555.jpg,1555,.jpg,73014,768,768,3,1.0,589824,RGB,77.68003167046442,46.98977573330539,338.3665260974272,338.3665260974272,7.357998847961426,39bac05b9a9b6e78d76e8a7e15210c4b,f608c96f94702fca,data\raw\dataset_B\EALPR Vechicles dataset\Vehicles\1555.jpg
dataset_B,1556.jpg,1556,.jpg,52282,1080,810,3,1.333333,874800,RGB,121.27319844535894,64.99401299509532,52.50976009043755,52.50976009043755,7.779139041900635,6bed29b2586856244106bdb38ffc8dbc,fe952868be8cc1d8,data\raw\dataset_B\EALPR Vechicles dataset\Vehicles\1556.jpg
dataset_B,1557.jpg,1557,.jpg,52704,900,1125,3,0.8,1012500,RGB,59.68939061728395,64.62188838240233,271.18598415327506,271.18598415327506,6.642902374267578,6751a5008320da3941ae9a8179df821f,fe8c6bd496236819,data\raw\dataset_B\EALPR Vechicles dataset\Vehicles\1557.jpg
dataset_B,1558.jpg,1558,.jpg,184013,800,1000,3,0.8,800000,RGB,125.89084625,68.70388889436217,1332.7655323339436,1332.7655323339436,7.810987949371338,3ab31c4f7b3c4c464538900addc81b52,e0229efa3b5f6620,data\raw\dataset_B\EALPR Vechicles dataset\Vehicles\1558.jpg
dataset_B,1559.jpg,1559,.jpg,65636,900,1125,3,0.8,1012500,RGB,127.1426686419753,66.01919880305175,144.31752090674564,144.31752090674564,7.134341239929199,a0cc35a16265fd2cb206e3ee23aef123,abc9d2d23f9d7020,data\raw\dataset_B\EALPR Vechicles dataset\Vehicles\1559.jpg
dataset_B,1560.jpg,1560,.jpg,74641,900,1125,3,0.8,1012500,RGB,145.87693530864198,66.14648328619688,154.78469221855593,154.78469221855593,7.085336208343506,0b6d600a4d1b1517e8f4d1a136c832d2,ebc2d43d05a5a69c,data\raw\dataset_B\EALPR Vechicles dataset\Vehicles\1560.jpg
dataset_B,1561.jpg,1561,.jpg,83671,684,684,3,1.0,467856,RGB,83.57320414828494,57.98461658467217,1800.2973558528809,1800.2973558528809,7.541429042816162,abe120967a2c8961a77a9b1dfb8fad0c,866f6bd19f790304,data\raw\dataset_B\EALPR Vechicles dataset\Vehicles\1561.jpg
dataset_B,1562.jpg,1562,.jpg,132739,900,1125,3,0.8,1012500,RGB,162.97347456790123,60.16905197369989,392.2645254278496,392.2645254278496,7.289477348327637,25025e2e16cc548992f5b172289002f8,ee6a18d0d167272e,data\raw\dataset_B\EALPR Vechicles dataset\Vehicles\1562.jpg
dataset_B,1563.jpg,1563,.jpg,39376,1080,608,3,1.776316,656640,RGB,45.542702241715396,31.979339333903965,170.76759401419042,170.76759401419042,5.302377223968506,399592b3193323a0997de84fd7d58adf,c6332bcc33bc2c1d,data\raw\dataset_B\EALPR Vechicles dataset\Vehicles\1563.jpg
dataset_B,1564.jpg,1564,.jpg,257972,934,1163,3,0.803095,1086242,RGB,106.95265419676278,73.48792060215735,1940.4335165098867,1940.4335165098867,7.870637893676758,8c4e2ef22804c70cc9e14ebf25a8728b,fa81c15d992a974d,data\raw\dataset_B\EALPR Vechicles dataset\Vehicles\1564.jpg
dataset_B,1565.jpg,1565,.jpg,62098,1080,680,3,1.588235,734400,RGB,112.65634531590413,61.7501958623598,94.29381025186628,94.29381025186628,7.586193084716797,39eab03b92ec5ba01dbaa8de0e6b7311,822b7df53a8292d5,data\raw\dataset_B\EALPR Vechicles dataset\Vehicles\1565.jpg
dataset_B,1566.jpg,1566,.jpg,138104,1080,1079,3,1.000927,1165320,RGB,95.74679744619503,61.219185603710805,286.88635613073524,286.88635613073524,7.513437747955322,41f5eb5af8e79d5794dab9b1c67c1dbb,abc2af2d8494da2e,data\raw\dataset_B\EALPR Vechicles dataset\Vehicles\1566.jpg
dataset_B,1567.jpg,1567,.jpg,77526,900,1125,3,0.8,1012500,RGB,82.77843654320988,73.57180609348147,378.6126892840735,378.6126892840735,7.199254035949707,6d0d163c35fd94e0220349e28b239033,eac04a2f3f9ec0f0,data\raw\dataset_B\EALPR Vechicles dataset\Vehicles\1567.jpg
dataset_B,1568.jpg,1568,.jpg,63669,1080,808,3,1.336634,872640,RGB,123.12337962962962,53.45464984442337,145.10370584144997,145.10370584144997,7.452201843261719,38b60ac58053499df034a808f893d45c,a5c6da3905e66acc,data\raw\dataset_B\EALPR Vechicles dataset\Vehicles\1568.jpg
dataset_B,1569.jpg,1569,.jpg,80688,1080,808,3,1.336634,872640,RGB,119.11777021452146,55.72820726878738,186.15668131494462,186.15668131494462,7.600858688354492,480f515616c2544c8017dfde7e5d8842,b53782fa7849c370,data\raw\dataset_B\EALPR Vechicles dataset\Vehicles\1569.jpg
dataset_B,1570.jpg,1570,.jpg,54813,432,960,3,0.45,414720,RGB,131.86343557098766,61.64109426480764,803.1308380609532,803.1308380609532,7.619215488433838,5b1e8b6dabffb2a640b8581d715040c6,fade5f21a40681f8,data\raw\dataset_B\EALPR Vechicles dataset\Vehicles\1570.jpg
dataset_B,1571.jpg,1571,.jpg,37120,640,479,3,1.336117,306560,RGB,96.97234146659707,67.67233009472308,498.3137447824851,498.3137447824851,7.338783264160156,cc50a5c35dc5bd35eb0dcc8cd8412b82,edc0c08c81b5bd3f,data\raw\dataset_B\EALPR Vechicles dataset\Vehicles\1571.jpg
dataset_B,1572.jpg,1572,.jpg,62425,1080,807,3,1.33829,871560,RGB,116.63900821515443,62.944996052974886,85.8071422927126,85.8071422927126,7.623599529266357,7c852732046395e8f62782a526356d70,e7c9c9e7423216d1,data\raw\dataset_B\EALPR Vechicles dataset\Vehicles\1572.jpg
dataset_B,1573.jpg,1573,.jpg,94605,1080,1115,3,0.96861,1204200,RGB,128.1886106958977,70.62945427598494,68.23982350816044,68.23982350816044,7.700318336486816,74dd8a665a2b666776dbe5db0d2c2262,a2c5a0bedef82871,data\raw\dataset_B\EALPR Vechicles dataset\Vehicles\1573.jpg
dataset_B,1574.jpg,1574,.jpg,86390,829,960,3,0.863542,795840,RGB,109.09621531966225,46.296355188829764,74.64420835979152,74.64420835979152,7.058831214904785,2ab8b96e157a3b66be78e3ff978b8251,9f822a3db586f858,data\raw\dataset_B\EALPR Vechicles dataset\Vehicles\1574.jpg
dataset_B,1575.jpg,1575,.jpg,60672,900,1125,3,0.8,1012500,RGB,131.94185283950617,72.73257358223606,159.72345086195008,159.72345086195008,6.6865234375,6d1a4d75667bbb2dcc023ad8b413fc30,fa94868fae0c6ca5,data\raw\dataset_B\EALPR Vechicles dataset\Vehicles\1575.jpg
dataset_B,1576.jpg,1576,.jpg,57888,1080,808,3,1.336634,872640,RGB,125.13487234140081,80.6767214432889,390.1659587446946,390.1659587446946,7.425645351409912,3bab9fe705bafb1d5d5ddaa90353bf8b,d6a07889e87e6e58,data\raw\dataset_B\EALPR Vechicles dataset\Vehicles\1576.jpg
dataset_B,1577.jpg,1577,.jpg,81938,1080,1080,3,1.0,1166400,RGB,96.61202503429355,46.83707833371846,90.88500163268066,90.88500163268066,7.290644645690918,c3080c5b64274ee09f615fc2a49872c2,bfa6a41764a868e6,data\raw\dataset_B\EALPR Vechicles dataset\Vehicles\1577.jpg
dataset_B,1578.jpg,1578,.jpg,64163,1080,1080,3,1.0,1166400,RGB,94.21261145404664,45.37329301324931,38.775032578519415,38.775032578519415,7.247610092163086,b507df153e40716249948c5ebe99441c,ff84841f66aa6866,data\raw\dataset_B\EALPR Vechicles dataset\Vehicles\1578.jpg
dataset_B,1579.jpg,1579,.jpg,101828,944,1181,3,0.799323,1114864,RGB,93.14912581265517,53.754319928585026,103.16209860569322,103.16209860569322,6.970877170562744,eaefed2f5176e992f58b87a9bed35945,905a2fe4d23b7cc4,data\raw\dataset_B\EALPR Vechicles dataset\Vehicles\1579.jpg
dataset_B,1580.jpg,1580,.jpg,46372,900,1125,3,0.8,1012500,RGB,96.07438320987654,106.83091176536672,337.3463226070992,337.3463226070992,5.129382610321045,f9624fc32b6510e831fa06ce8429d4a7,eb953d3e92c26868,data\raw\dataset_B\EALPR Vechicles dataset\Vehicles\1580.jpg
dataset_B,1581.jpg,1581,.jpg,34965,640,362,3,1.767956,231680,RGB,86.63940348756906,60.03252534356869,383.62024245367667,383.62024245367667,7.366410255432129,f4710f42b7c279bceaa4ba8e84f3d68b,ba92790833d7cc33,data\raw\dataset_B\EALPR Vechicles dataset\Vehicles\1581.jpg
dataset_B,1582.jpg,1582,.jpg,100293,720,960,3,0.75,691200,RGB,116.16487123842593,67.11722024583543,916.3381565952046,916.3381565952046,7.778477668762207,0d1c89eec89bfe7691cd07b4e143c7af,b0ada9f6ddd50428,data\raw\dataset_B\EALPR Vechicles dataset\Vehicles\1582.jpg
dataset_B,1583.jpg,1583,.jpg,233929,1080,1229,3,0.878763,1327320,RGB,68.69044314860018,63.77551210997807,457.9978359712107,457.9978359712107,7.44456148147583,30ed26de0d5bff0899dcfe1741f06f73,fe166b68801678f3,data\raw\dataset_B\EALPR Vechicles dataset\Vehicles\1583.jpg
dataset_B,1584.jpg,1584,.jpg,89924,960,960,3,1.0,921600,RGB,86.64063259548611,65.04176036514308,348.3853586576061,348.3853586576061,7.469119071960449,15b6a5b23a03028f352af051cb8f36cd,f080283fb87e5e72,data\raw\dataset_B\EALPR Vechicles dataset\Vehicles\1584.jpg
dataset_B,1585.jpg,1585,.jpg,154502,1032,1290,3,0.8,1331280,RGB,116.16618217054264,66.2648444075464,74.55182900934555,74.55182900934555,7.441937446594238,60425ec490d91a8ab3b193cc47719718,e46868c33b5a9c7c,data\raw\dataset_B\EALPR Vechicles dataset\Vehicles\1585.jpg
dataset_B,1586.jpg,1586,.jpg,170058,929,1162,3,0.799484,1079498,RGB,111.05488013873115,66.43829457782834,368.133892697713,368.133892697713,7.755367755889893,4d6b95c4e60211e93a492826d2e8cd70,bf84800ba4fdd476,data\raw\dataset_B\EALPR Vechicles dataset\Vehicles\1586.jpg
dataset_B,1587.jpg,1587,.jpg,114705,1080,1071,3,1.008403,1156680,RGB,95.4806765916243,72.56084100692041,102.01971138778424,102.01971138778424,7.411793231964111,5dcdb379fcda582afff78e3db9be1ca2,d63eac4bca612e94,data\raw\dataset_B\EALPR Vechicles dataset\Vehicles\1587.jpg
dataset_B,1588.jpg,1588,.jpg,73350,626,469,3,1.334755,293594,RGB,78.01367534758884,51.76448610138639,733.8774389604636,733.8774389604636,7.443000793457031,dfbde886ac6d2a60ca339d4a28c5e91f,f585ed6c4074da34,data\raw\dataset_B\EALPR Vechicles dataset\Vehicles\1588.jpg
dataset_B,1589.jpg,1589,.jpg,198789,937,1171,3,0.800171,1097227,RGB,147.77575287520267,65.39950725385998,335.11907134249464,335.11907134249464,7.672703266143799,27f1f28f0849634ac4f4f38d21f91463,af03c2210d9ef4f6,data\raw\dataset_B\EALPR Vechicles dataset\Vehicles\1589.jpg
dataset_B,1590.jpg,1590,.jpg,197087,863,863,3,1.0,744769,RGB,103.55136693390837,59.67184793305554,1649.5817662944592,1649.5817662944592,7.698254108428955,c430bd8c395990c6b2e3d5cec10e6d0f,acbc7cccc870c38b,data\raw\dataset_B\EALPR Vechicles dataset\Vehicles\1590.jpg
dataset_B,1591.jpg,1591,.jpg,124958,827,619,3,1.336026,511913,RGB,126.56341604921148,68.54430651891326,1296.9369761394819,1296.9369761394819,7.840860366821289,778c1841eb2640daa9748663c6b20620,9142ea29c5df58dc,data\raw\dataset_B\EALPR Vechicles dataset\Vehicles\1591.jpg
dataset_B,1592.jpg,1592,.jpg,74609,960,720,3,1.333333,691200,RGB,127.73988859953704,58.07705369957033,403.59383133358216,403.59383133358216,7.569639205932617,df42b2324f8103a2abd344a1020ad314,bb1e852f07273998,data\raw\dataset_B\EALPR Vechicles dataset\Vehicles\1592.jpg
dataset_B,1593.jpg,1593,.jpg,149166,1080,1350,3,0.8,1458000,RGB,90.26866735253772,59.73391451109986,34.27189485950652,34.27189485950652,7.5515456199646,43360054f4e7f5e6891b6a99d5366364,ee44dd2ac27538ca,data\raw\dataset_B\EALPR Vechicles dataset\Vehicles\1593.jpg
dataset_B,1594.jpg,1594,.jpg,64773,541,676,3,0.800296,365716,RGB,116.71763062048147,46.936657400606556,355.2887116192016,355.2887116192016,7.472431182861328,b86c6ee22222a7215521311f56449c77,fda08b5f4f6c80e0,data\raw\dataset_B\EALPR Vechicles dataset\Vehicles\1594.jpg
dataset_B,1595.jpg,1595,.jpg,83485,1080,605,3,1.785124,653400,RGB,55.228973063973065,52.269910626953326,476.40892054932414,476.40892054932414,6.987590312957764,3aceb5d6803146e821495804af24b7bb,ef181d46483cbfe0,data\raw\dataset_B\EALPR Vechicles dataset\Vehicles\1595.jpg
dataset_B,1596.jpg,1596,.jpg,161539,827,827,3,1.0,683929,RGB,93.26516348919259,68.50422671970959,756.0957243457553,756.0957243457553,7.580657005310059,a06b9b1511192443d9b4f6097785355d,fc60a00f953f7cb0,data\raw\dataset_B\EALPR Vechicles dataset\Vehicles\1596.jpg
dataset_B,1597.jpg,1597,.jpg,110913,1032,1290,3,0.8,1331280,RGB,106.8434386455141,37.79143312131289,18.87525832068884,18.87525832068884,6.638341426849365,09ece12dbc53206bc1a362d480f815eb,9f1d3090533fd742,data\raw\dataset_B\EALPR Vechicles dataset\Vehicles\1597.jpg
dataset_B,1598.jpg,1598,.jpg,180026,1080,1351,3,0.799408,1459080,RGB,47.09719754914055,41.0041083849798,103.79584108603756,103.79584108603756,6.590502738952637,3883f47f80a59ff132f353d364de3a5b,c9669e59661b8366,data\raw\dataset_B\EALPR Vechicles dataset\Vehicles\1598.jpg
dataset_B,1599.jpg,1599,.jpg,114924,810,810,3,1.0,656100,RGB,94.17632220698064,48.424386447458595,310.93096648528467,310.93096648528467,7.392703056335449,0fd6f8c01ca28b65e2001d291f99011d,fa7cd4d80aa5c50b,data\raw\dataset_B\EALPR Vechicles dataset\Vehicles\1599.jpg
dataset_B,1600.jpg,1600,.jpg,124542,1080,809,3,1.334981,873720,RGB,98.84531085473607,64.23311187581837,184.1394921545224,184.1394921545224,7.693309783935547,427ab8f7dc6a27a1fa9ce28ea1a5c551,fce445cdf70020af,data\raw\dataset_B\EALPR Vechicles dataset\Vehicles\1600.jpg
dataset_B,1601.jpg,1601,.jpg,100367,780,780,3,1.0,608400,RGB,133.676771860618,65.4385992898808,1517.9680778557545,1517.9680778557545,7.636792182922363,8fba7372dcb9dd94061f4684c14cce58,f2c0a26fd9398785,data\raw\dataset_B\EALPR Vechicles dataset\Vehicles\1601.jpg
dataset_B,1602.jpg,1602,.jpg,203853,1080,1080,3,1.0,1166400,RGB,97.87404492455418,63.163771849664315,491.7683092553754,491.7683092553754,7.754141807556152,ee28a0039424a177aeef78adf4ab08a9,f252e927c74849e6,data\raw\dataset_B\EALPR Vechicles dataset\Vehicles\1602.jpg
dataset_B,1603.jpg,1603,.jpg,147519,890,952,3,0.934874,847280,RGB,98.8630795014635,57.55190503389201,255.7240874565947,255.7240874565947,7.695915222167969,2f866e512ec10e62f98c0de049dbea5f,e1657e4ada1a72a1,data\raw\dataset_B\EALPR Vechicles dataset\Vehicles\1603.jpg
dataset_B,1604.jpg,1604,.jpg,126603,1032,1290,3,0.8,1331280,RGB,30.197071239709153,37.088601187779986,50.63903005421932,50.63903005421932,6.133323669433594,cd363c08e93cfe16fb3c47d82bb3a28b,f921a1ada2bd0537,data\raw\dataset_B\EALPR Vechicles dataset\Vehicles\1604.jpg
dataset_B,1605.jpg,1605,.jpg,94849,726,907,3,0.800441,658482,RGB,125.89231140714553,93.15616934806529,248.17236074031686,248.17236074031686,7.452532768249512,98d45b3c55e84efc0fc391fd52af1681,afd515752d2b4285,data\raw\dataset_B\EALPR Vechicles dataset\Vehicles\1605.jpg
dataset_B,1606.jpg,1606,.jpg,68317,540,675,3,0.8,364500,RGB,133.16108367626887,74.21813153087332,244.7612030336839,244.7612030336839,7.791240692138672,9f0296879c821e54d37a9c8f8fb290be,f991dc2ea0770f28,data\raw\dataset_B\EALPR Vechicles dataset\Vehicles\1606.jpg
dataset_B,1607.jpg,1607,.jpg,196290,1034,1293,3,0.799691,1336962,RGB,114.25234973020923,59.0896495728296,123.06462693713532,123.06462693713532,7.762936115264893,2da1a52c4df4b9d3568868f64a5e1827,c07e3440d9a57fe4,data\raw\dataset_B\EALPR Vechicles dataset\Vehicles\1607.jpg
dataset_B,1608.jpg,1608,.jpg,217473,1080,1198,3,0.901503,1293840,RGB,112.88466966549187,70.20533980515081,729.411273459515,729.411273459515,7.81519889831543,ab4edf53e39d2967388e339f825dd00e,adc9a16dc3cb4662,data\raw\dataset_B\EALPR Vechicles dataset\Vehicles\1608.jpg
dataset_B,1609.jpg,1609,.jpg,100024,1080,1080,3,1.0,1166400,RGB,93.78159979423869,38.62498316724215,90.55367454288199,90.55367454288199,7.097483158111572,0271551066cf656925ce8e215d7b6cd1,dcd5d70834778962,data\raw\dataset_B\EALPR Vechicles dataset\Vehicles\1609.jpg
dataset_B,1610.jpg,1610,.jpg,184991,1032,1290,3,0.8,1331280,RGB,105.42600730124391,66.01998565063525,260.5275748156194,260.5275748156194,7.779477119445801,b56cc4099f77de7a7900fcf0463ef798,b9d79668208ed0f5,data\raw\dataset_B\EALPR Vechicles dataset\Vehicles\1610.jpg
dataset_B,1611.jpg,1611,.jpg,24105,431,431,3,1.0,185761,RGB,30.77164205619048,31.16956863001228,303.9712224613364,303.9712224613364,5.835484504699707,a2827e850619cfe687bb796e5f0b469f,8a2424dbc3657dd3,data\raw\dataset_B\EALPR Vechicles dataset\Vehicles\1611.jpg
dataset_B,1612.jpg,1612,.jpg,95186,600,750,3,0.8,450000,RGB,128.1365911111111,61.53309823520932,389.75094611577276,389.75094611577276,7.635190963745117,b8d6b45a88448ce0090a9b543c130423,a9c0d1d72dda25ca,data\raw\dataset_B\EALPR Vechicles dataset\Vehicles\1612.jpg
dataset_B,1613.jpg,1613,.jpg,145498,825,825,3,1.0,680625,RGB,101.87955041322314,68.77227506828493,908.5662083506203,908.5662083506203,7.836984157562256,65cad3faae214ab9235c4cd71a5c2c83,c03a7f4ad42f8527,data\raw\dataset_B\EALPR Vechicles dataset\Vehicles\1613.jpg
dataset_B,1614.jpg,1614,.jpg,202519,1080,1080,3,1.0,1166400,RGB,109.95502743484225,57.47695551905988,547.4475711350418,547.4475711350418,7.730544090270996,b680485f7dcda93687555c135fcbfd2a,c803df7cd0e0728f,data\raw\dataset_B\EALPR Vechicles dataset\Vehicles\1614.jpg
dataset_B,1615.jpg,1615,.jpg,49748,756,568,3,1.330986,429408,RGB,49.13538173485357,36.93801856630015,161.58494193134666,161.58494193134666,6.62926721572876,353b895e88099c1297486cab1dc49b56,b524677a4a913667,data\raw\dataset_B\EALPR Vechicles dataset\Vehicles\1615.jpg
dataset_B,1616.jpg,1616,.jpg,49102,529,529,3,1.0,279841,RGB,70.04429300924454,37.349517918090605,149.34953801228244,149.34953801228244,6.868413925170898,5454b06a436dfc65a2a9f35716748f2c,a50b6b5385313b4f,data\raw\dataset_B\EALPR Vechicles dataset\Vehicles\1616.jpg
dataset_B,1617.jpg,1617,.jpg,71206,500,500,3,1.0,250000,RGB,114.336708,65.47860859641672,1683.0970998737762,1683.0970998737762,7.45971155166626,598554f7ca240e87349814bf0400b7ac,faa1819f96fc8a41,data\raw\dataset_B\EALPR Vechicles dataset\Vehicles\1617.jpg
dataset_B,1618.jpg,1618,.jpg,81556,825,825,3,1.0,680625,RGB,134.57405325987145,35.57886240709018,99.42382424022593,99.42382424022593,6.871570587158203,d5ce331edb02658474c8b22c5823e888,9d58e667c01f1ed0,data\raw\dataset_B\EALPR Vechicles dataset\Vehicles\1618.jpg
dataset_B,1619.jpg,1619,.jpg,176687,1080,1080,3,1.0,1166400,RGB,132.38492026748972,56.59592621376547,218.85896498790478,218.85896498790478,7.661581039428711,23a2c1981910bb5a9251ef5ddd7af416,ad91976fc0f039b0,data\raw\dataset_B\EALPR Vechicles dataset\Vehicles\1619.jpg
dataset_B,1620.jpg,1620,.jpg,168553,942,1178,3,0.79966,1109676,RGB,101.399847342828,58.639844699652805,405.82971794778024,405.82971794778024,7.688229560852051,0d37c213c8774fde7ee308d9dcfeb12a,fda5cb29e54006a7,data\raw\dataset_B\EALPR Vechicles dataset\Vehicles\1620.jpg
dataset_B,1621.jpg,1621,.jpg,159192,1080,1350,3,0.8,1458000,RGB,55.6196865569273,39.93733857653325,81.27936990183106,81.27936990183106,6.583545684814453,d61bf91f5f8f62e2db294ecc18725df3,df3a71c9c66149c2,data\raw\dataset_B\EALPR Vechicles dataset\Vehicles\1621.jpg
dataset_B,1622.jpg,1622,.jpg,183427,960,960,3,1.0,921600,RGB,110.40985568576389,58.87414940152096,1446.8014225099246,1446.8014225099246,7.6237993240356445,0dc96fc8fe8a60b5dca8429f9a1a41dc,a2623f97d62ac079,data\raw\dataset_B\EALPR Vechicles dataset\Vehicles\1622.jpg
dataset_B,1623.jpg,1623,.jpg,114281,720,960,3,0.75,691200,RGB,112.31187644675926,80.23397723274269,1268.0264589725175,1268.0264589725175,7.6568756103515625,db6c615e75fabe2943bc182e39cd8ef7,999264e8b15967dc,data\raw\dataset_B\EALPR Vechicles dataset\Vehicles\1623.jpg
dataset_B,1624.jpg,1624,.jpg,53889,604,604,3,1.0,364816,RGB,89.71920913556423,50.69028467448797,258.9178933246401,258.9178933246401,7.402182579040527,7eb7dcb7b95d7a02ceca2b3af19f95c8,bc10b74fc461c3cb,data\raw\dataset_B\EALPR Vechicles dataset\Vehicles\1624.jpg
dataset_B,1625.jpg,1625,.jpg,65064,573,573,3,1.0,328329,RGB,114.90058142899348,73.82773594117414,431.6706179310148,431.6706179310148,7.489571571350098,c1822afd53c693016ae6a60379b7e17d,fa8585faf827030e,data\raw\dataset_B\EALPR Vechicles dataset\Vehicles\1625.jpg
dataset_B,1626.jpg,1626,.jpg,159748,1080,1080,3,1.0,1166400,RGB,124.06667181069959,58.996660550443245,416.4846945262856,416.4846945262856,7.620410919189453,3614d42f8697ff3d8e643d77b1de54ac,aed0d168fef38888,data\raw\dataset_B\EALPR Vechicles dataset\Vehicles\1626.jpg
dataset_B,1627.jpg,1627,.jpg,209595,1080,1080,3,1.0,1166400,RGB,112.40783093278463,86.02271583703717,785.3681526884453,785.3681526884453,7.360495567321777,a5bbe46adabd13a7f8f9c75a354e277e,f59ec2c0a91fb838,data\raw\dataset_B\EALPR Vechicles dataset\Vehicles\1627.jpg
dataset_B,1628.jpg,1628,.jpg,106139,720,960,3,0.75,691200,RGB,118.93266203703703,66.31334853261448,1493.265143651136,1493.265143651136,7.797161102294922,29d6a62da8eb23f19ff220193acc379a,b232d455dd0d179a,data\raw\dataset_B\EALPR Vechicles dataset\Vehicles\1628.jpg
dataset_B,1629.jpg,1629,.jpg,77461,720,960,3,0.75,691200,RGB,88.18893518518519,61.30810295159667,469.6224811317956,469.6224811317956,7.5661702156066895,4b65734c18715d65b038bb2ce29e1f5a,a8f57e0e0f03a7c2,data\raw\dataset_B\EALPR Vechicles dataset\Vehicles\1629.jpg
dataset_B,1630.jpg,1630,.jpg,87194,720,960,3,0.75,691200,RGB,129.63999855324073,61.48639266196235,480.4664550378347,480.4664550378347,7.603656768798828,c890f8f92a7a1210a070390404ad9a75,e80e870e7ad6e0d9,data\raw\dataset_B\EALPR Vechicles dataset\Vehicles\1630.jpg
dataset_B,1631.jpg,1631,.jpg,81645,720,960,3,0.75,691200,RGB,88.55507233796297,50.30686941716916,386.97911803654796,386.97911803654796,7.4325737953186035,a7e4d1fedbc0d7246149cc731a2a2903,9180c297746c2dff,data\raw\dataset_B\EALPR Vechicles dataset\Vehicles\1631.jpg
dataset_B,1632.jpg,1632,.jpg,81827,960,720,3,1.333333,691200,RGB,102.50360677083333,51.85598796810848,318.1817011718666,318.1817011718666,7.499406814575195,8015922e916132ace2d543ab33727ab3,9991bb29712acb93,data\raw\dataset_B\EALPR Vechicles dataset\Vehicles\1632.jpg
dataset_B,1633.jpg,1633,.jpg,97858,720,960,3,0.75,691200,RGB,96.25389178240741,45.32763892268622,627.7471211208014,627.7471211208014,7.442497253417969,9cea0e93e4fe2e8c84c3ddffbe7a9bfd,a8b66fb68f8b044c,data\raw\dataset_B\EALPR Vechicles dataset\Vehicles\1633.jpg
dataset_B,1634.jpg,1634,.jpg,113705,720,959,3,0.750782,690480,RGB,131.38508718572587,60.294070733307926,1189.4533175863085,1189.4533175863085,7.645772457122803,4242238db505bc915014de1c915e2b2b,eb396fd290649d82,data\raw\dataset_B\EALPR Vechicles dataset\Vehicles\1634.jpg
dataset_B,1635.jpg,1635,.jpg,129011,720,960,3,0.75,691200,RGB,131.17390625,61.51381603144508,1380.6319486775528,1380.6319486775528,7.751125335693359,8dcc348e3045142f355d37fc48c838da,dc05231b6a6dd3d4,data\raw\dataset_B\EALPR Vechicles dataset\Vehicles\1635.jpg
dataset_B,1636.jpg,1636,.jpg,57017,720,960,3,0.75,691200,RGB,107.15654803240741,50.2578518281033,194.78688148027584,194.78688148027584,7.450254917144775,aecfb31d797d2fe80c2d1d00c0ae3cd6,94966ae0df352cca,data\raw\dataset_B\EALPR Vechicles dataset\Vehicles\1636.jpg
dataset_B,1637.jpg,1637,.jpg,64898,720,960,3,0.75,691200,RGB,122.04747685185185,64.27473691548663,885.264160917674,885.264160917674,7.56913948059082,e78aad21e0b98fb456d2da3d072ab0e6,d1dc3a8a8694bcbc,data\raw\dataset_B\EALPR Vechicles dataset\Vehicles\1637.jpg
dataset_B,1638.jpg,1638,.jpg,205991,720,960,3,0.75,691200,RGB,141.9084620949074,64.26816347445336,885.3305219091071,885.3305219091071,7.800199508666992,c0ae0f8174ce4897868122532e396ccd,ed27a52d8f445952,data\raw\dataset_B\EALPR Vechicles dataset\Vehicles\1638.jpg
dataset_B,1639.jpg,1639,.jpg,228990,1080,1349,3,0.800593,1456920,RGB,109.85351700848365,66.75446034579483,324.2710927201435,324.2710927201435,7.810116767883301,c8249fbb2d2bff977fedbfd77997c9e5,e844847afd99d391,data\raw\dataset_B\EALPR Vechicles dataset\Vehicles\1639.jpg
dataset_B,1640.jpg,1640,.jpg,55220,432,960,3,0.45,414720,RGB,131.43516589506171,61.50317158974388,1873.0851988319928,1873.0851988319928,7.7537689208984375,8c29bcc8d9d4384a327c4ede1436fe47,bb1f919eeb9580c0,data\raw\dataset_B\EALPR Vechicles dataset\Vehicles\1640.jpg
dataset_B,1641.jpg,1641,.jpg,42590,479,640,3,0.748437,306560,RGB,114.589248434238,44.62046389006957,442.0641580445449,442.0641580445449,7.2670512199401855,c8332d558dfd12a72b8a4a457c90877f,ebc1b538d0e4cc8e,data\raw\dataset_B\EALPR Vechicles dataset\Vehicles\1641.jpg
dataset_B,1642.jpg,1642,.jpg,179281,640,1386,3,0.46176,887040,RGB,137.56061056998556,61.8658692751894,710.2139754450303,710.2139754450303,7.464253902435303,abb920f8dc5acc7ed7ba01966be1c349,ebd5d72b8494b20a,data\raw\dataset_B\EALPR Vechicles dataset\Vehicles\1642.jpg
dataset_B,1643.jpg,1643,.jpg,65260,960,718,3,1.337047,689280,RGB,121.17977599814299,67.22696465043215,240.85872523302538,240.85872523302538,7.8728837966918945,b43f12794afab9cee638827dd2dab930,e08a4a74d6cd8bcd,data\raw\dataset_B\EALPR Vechicles dataset\Vehicles\1643.jpg
dataset_B,1644.jpg,1644,.jpg,109457,720,960,3,0.75,691200,RGB,118.20884982638889,74.48739459277607,620.4341504452783,620.4341504452783,7.701621055603027,bcb46897e23a342f4a9df474a9fe94c6,b5deba7c82c0aa2a,data\raw\dataset_B\EALPR Vechicles dataset\Vehicles\1644.jpg
dataset_B,1645.jpg,1645,.jpg,111379,720,960,3,0.75,691200,RGB,120.71619068287038,70.8868159039186,1009.147839038781,1009.147839038781,7.777987480163574,56143aa6ed44fce01de17f063cf86545,ab08d33fc2d1caca,data\raw\dataset_B\EALPR Vechicles dataset\Vehicles\1645.jpg
dataset_B,1646.jpg,1646,.jpg,114416,720,960,3,0.75,691200,RGB,121.64390480324074,69.08332317866306,1129.2732312659411,1129.2732312659411,7.7112016677856445,97bce1da958fc8910586b3c356bb55e4,ff5fc0a882f0d494,data\raw\dataset_B\EALPR Vechicles dataset\Vehicles\1646.jpg
dataset_B,1647.jpg,1647,.jpg,200133,960,720,3,1.333333,691200,RGB,124.77489728009259,51.82957238167999,5158.4494762851855,5158.4494762851855,7.684653282165527,c669c31f4c411667fbb5bbb5f73e315f,a4c6a7dfc6038ae8,data\raw\dataset_B\EALPR Vechicles dataset\Vehicles\1647.jpg
dataset_B,1648.jpg,1648,.jpg,131571,960,720,3,1.333333,691200,RGB,128.30063512731482,61.98609059505729,1020.1731884647887,1020.1731884647887,7.470680236816406,cd0e186d39461798b3c9c0f0229e2231,d2d2d2d2704377d4,data\raw\dataset_B\EALPR Vechicles dataset\Vehicles\1648.jpg
dataset_B,1649.jpg,1649,.jpg,117227,720,960,3,0.75,691200,RGB,117.08875289351852,73.57882968165532,1035.3673885183055,1035.3673885183055,7.791107177734375,584df7ab01fc1fb19728b77df55938db,bd40c2afca92cad9,data\raw\dataset_B\EALPR Vechicles dataset\Vehicles\1649.jpg
dataset_B,1650.jpg,1650,.jpg,82524,720,960,3,0.75,691200,RGB,127.49022424768519,55.059122630809156,494.85441735114586,494.85441735114586,7.6834540367126465,9ee4a0ffd156fa7278ef7c526fd4412c,a9a9d9387c96164b,data\raw\dataset_B\EALPR Vechicles dataset\Vehicles\1650.jpg
dataset_B,1651.jpg,1651,.jpg,52420,960,718,3,1.337047,689280,RGB,106.66984389507893,64.32524540084245,155.67686735587432,155.67686735587432,7.74467658996582,52e5e3009e319ffa06759246b46c5eda,af2369853ad3946c,data\raw\dataset_B\EALPR Vechicles dataset\Vehicles\1651.jpg
dataset_B,1652.jpg,1652,.jpg,225925,1536,2048,3,0.75,3145728,RGB,93.81766891479492,59.249744563493564,126.709697354985,126.709697354985,7.697723865509033,8486ff66dad030f5e25b6d2f1b0b4adc,ef807e5ec185223e,data\raw\dataset_B\EALPR Vechicles dataset\Vehicles\1652.jpg
dataset_B,1653.jpg,1653,.jpg,170467,1080,1348,3,0.801187,1455840,RGB,148.07102840971535,75.68069462214703,350.61824629513853,350.61824629513853,7.613467216491699,b1609ccba2dfa3570f54f073bf274b15,aee150b36a6cb193,data\raw\dataset_B\EALPR Vechicles dataset\Vehicles\1653.jpg
dataset_B,1654.jpg,1654,.jpg,72899,720,960,3,0.75,691200,RGB,121.62362557870371,49.05657103527965,386.0129218701774,386.0129218701774,7.467538833618164,27d60e0e42e8c35275ea88f620c8e179,fcd6827982093bcb,data\raw\dataset_B\EALPR Vechicles dataset\Vehicles\1654.jpg
dataset_B,1655.jpg,1655,.jpg,290254,1536,2048,3,0.75,3145728,RGB,96.60431067148845,57.14038949378829,205.3373618854456,205.3373618854456,7.535400390625,c10f43c36da259626c57e0bf8250498a,bd58d42fda7428c2,data\raw\dataset_B\EALPR Vechicles dataset\Vehicles\1655.jpg
dataset_B,1656.jpg,1656,.jpg,107808,1024,768,3,1.333333,786432,RGB,134.73390579223633,56.17409470936712,1395.971014842986,1395.971014842986,7.6933722496032715,a5baa22c5b01a7a26b90f7b0f18da664,b4d8d934903b874f,data\raw\dataset_B\EALPR Vechicles dataset\Vehicles\1656.jpg
dataset_B,1657.jpg,1657,.jpg,162534,1080,1080,3,1.0,1166400,RGB,108.79691358024691,67.10613673776567,227.80135337647945,227.80135337647945,7.641117095947266,af3530930a7fc83e107ffdb183b2343c,fbd14385143ebd81,data\raw\dataset_B\EALPR Vechicles dataset\Vehicles\1657.jpg
dataset_B,1658.jpg,1658,.jpg,73182,720,960,3,0.75,691200,RGB,72.17342158564814,59.06080140522343,458.74147595641637,458.74147595641637,7.362542152404785,2feadc3190c14b520c75820e3bca966c,df5829a39d2c608f,data\raw\dataset_B\EALPR Vechicles dataset\Vehicles\1658.jpg
dataset_B,1659.jpg,1659,.jpg,145181,720,960,3,0.75,691200,RGB,132.56343171296297,63.172669076113905,2079.331932090318,2079.331932090318,7.755141258239746,6b343d27a164b01232dfef4369be0207,c6c629993576c68e,data\raw\dataset_B\EALPR Vechicles dataset\Vehicles\1659.jpg
dataset_B,1660.jpg,1660,.jpg,84559,720,960,3,0.75,691200,RGB,132.02485677083334,68.89676674198681,540.3270629810474,540.3270629810474,7.673113822937012,ae9ffab7bd86576377747ac7d0b1fb8c,bdadd5d02acaa125,data\raw\dataset_B\EALPR Vechicles dataset\Vehicles\1660.jpg
dataset_B,1661.jpg,1661,.jpg,83906,720,960,3,0.75,691200,RGB,129.9625708912037,65.82179442071754,527.8274432531098,527.8274432531098,7.691995620727539,62e54e06fce1329255f90e087d763cbe,a9a1d5966a87a5ca,data\raw\dataset_B\EALPR Vechicles dataset\Vehicles\1661.jpg
dataset_B,1662.jpg,1662,.jpg,239414,1080,1080,3,1.0,1166400,RGB,116.2842146776406,60.647519042260484,943.5358487177426,943.5358487177426,7.835823059082031,faff94330ab6d76695e1f39277e3ef13,c282ad2d17db7968,data\raw\dataset_B\EALPR Vechicles dataset\Vehicles\1662.jpg
dataset_B,1663.jpg,1663,.jpg,195798,1080,1080,3,1.0,1166400,RGB,109.61531035665296,63.939735543463215,813.8269878238299,813.8269878238299,7.809134483337402,c26df319949049dafc1c32bee74c37bf,cf8b7bce20298d51,data\raw\dataset_B\EALPR Vechicles dataset\Vehicles\1663.jpg
dataset_B,1664.jpg,1664,.jpg,231019,1080,1344,3,0.803571,1451520,RGB,117.73088142085538,58.41997133422698,599.0898449985372,599.0898449985372,7.668379306793213,98e050b1a0f8d3b0a821c19a00a844db,aad0f56f91b0ca31,data\raw\dataset_B\EALPR Vechicles dataset\Vehicles\1664.jpg
dataset_B,1665.jpg,1665,.jpg,169069,1080,1350,3,0.8,1458000,RGB,71.0427743484225,51.448374189145014,108.26738538871483,108.26738538871483,7.215575218200684,3303c22dbcf5aa3488656e28cada186e,fed05fc387a70848,data\raw\dataset_B\EALPR Vechicles dataset\Vehicles\1665.jpg
dataset_B,1666.jpg,1666,.jpg,175551,1007,755,3,1.333775,760285,RGB,91.62873264631027,55.92648079266765,843.7421523009365,843.7421523009365,7.652255058288574,56b56ffa251d1913eae7711a16cc5536,9ff3630311566c3c,data\raw\dataset_B\EALPR Vechicles dataset\Vehicles\1666.jpg
dataset_B,1667.jpg,1667,.jpg,150073,937,1171,3,0.800171,1097227,RGB,79.67919491591074,66.13519648388952,161.19595701196948,161.19595701196948,7.416885852813721,7b9946a0093444eacca32b03df93ada5,aa2be51f8b892ae4,data\raw\dataset_B\EALPR Vechicles dataset\Vehicles\1667.jpg
dataset_B,1668.jpg,1668,.jpg,185426,1080,1350,3,0.8,1458000,RGB,133.69916117969822,65.07167663628009,108.9567602658804,108.9567602658804,7.67500114440918,5cf400c2d781761b013200c746a3088b,e2e5e8ba95851c95,data\raw\dataset_B\EALPR Vechicles dataset\Vehicles\1668.jpg
dataset_B,1669.jpg,1669,.jpg,120334,628,628,3,1.0,394384,RGB,88.3696321351779,77.07952725784959,2300.0508525686823,2300.0508525686823,7.567612648010254,46a514c40a3e15f725d33e17a8b47a3b,eaf8c1caca8a96cc,data\raw\dataset_B\EALPR Vechicles dataset\Vehicles\1669.jpg
dataset_B,1670.jpg,1670,.jpg,142985,1080,1080,3,1.0,1166400,RGB,127.51972822359396,61.614684283066765,450.0264009303684,450.0264009303684,7.563179016113281,337f40fc0a7ba8fe2c41dbd894b45b14,e5c79e28a166d48d,data\raw\dataset_B\EALPR Vechicles dataset\Vehicles\1670.jpg
dataset_B,1671.jpg,1671,.jpg,108635,874,874,3,1.0,763876,RGB,127.68272730128975,46.56910260083346,519.6045505589741,519.6045505589741,7.338741779327393,f515e6957ff8a967d1c90d050bf17438,f4e7c594390b9358,data\raw\dataset_B\EALPR Vechicles dataset\Vehicles\1671.jpg
dataset_B,1672.jpg,1672,.jpg,60426,800,419,3,1.909308,335200,RGB,75.77508949880668,58.63811796326357,504.78684428432285,504.78684428432285,7.303617000579834,42b17fd45f5a80cd1e3f253087918dd6,bf60e073951d4a0f,data\raw\dataset_B\EALPR Vechicles dataset\Vehicles\1672.jpg
dataset_B,1673.jpg,1673,.jpg,146510,1080,1076,3,1.003717,1162080,RGB,102.60518552939557,64.98171765172684,163.22327713211143,163.22327713211143,7.758103370666504,83296bc91cfd0825450385b11431deea,eda4a00e877f89a5,data\raw\dataset_B\EALPR Vechicles dataset\Vehicles\1673.jpg
dataset_B,1674.jpg,1674,.jpg,106195,1040,1040,3,1.0,1081600,RGB,101.87407359467456,52.64435362272056,78.10882488812237,78.10882488812237,7.592530727386475,96e4fe60410953ae766df2c16888b4d2,b39d258686397175,data\raw\dataset_B\EALPR Vechicles dataset\Vehicles\1674.jpg
dataset_B,1675.jpg,1675,.jpg,76392,756,756,3,1.0,571536,RGB,117.98693345651017,67.68721679964057,1212.475167429987,1212.475167429987,7.932997703552246,d5d186f541c6ca427f387be2d6fc02f8,982eb364643f6f48,data\raw\dataset_B\EALPR Vechicles dataset\Vehicles\1675.jpg
dataset_B,1676.jpg,1676,.jpg,108787,756,568,3,1.330986,429408,RGB,68.56072779268202,50.73634330876976,1807.4988819686462,1807.4988819686462,7.3515119552612305,9acc3d4c152594b4b07658113c4b7874,b190fc59e468ca6e,data\raw\dataset_B\EALPR Vechicles dataset\Vehicles\1676.jpg
dataset_B,1677.jpg,1677,.jpg,84054,720,960,3,0.75,691200,RGB,131.95618344907408,66.87394524708999,514.6078894538953,514.6078894538953,7.662639617919922,bba177fc88ff682c63dbab9a3e797f13,bdadc5d13ada8121,data\raw\dataset_B\EALPR Vechicles dataset\Vehicles\1677.jpg
dataset_B,1678.jpg,1678,.jpg,179884,1080,1350,3,0.8,1458000,RGB,134.0543573388203,76.84488332091357,147.64494136665738,147.64494136665738,7.719539642333984,8bf79dbfe3f8588879c2c66d765fe2cd,a9be96f878c0618d,data\raw\dataset_B\EALPR Vechicles dataset\Vehicles\1678.jpg
dataset_B,1679.jpg,1679,.jpg,225758,1032,1290,3,0.8,1331280,RGB,81.33437744125953,53.263870125978876,405.7375846731473,405.7375846731473,7.526823997497559,01fdc781ec0afab85ecd623a762dcf97,b594fa96943ab03c,data\raw\dataset_B\EALPR Vechicles dataset\Vehicles\1679.jpg
dataset_B,1680.jpg,1680,.jpg,122352,1080,1080,3,1.0,1166400,RGB,129.68192386831277,58.463746625418835,327.96139103752813,327.96139103752813,7.623679161071777,11072277543a65071c8af371664dcb56,f3b42cc3433c7c23,data\raw\dataset_B\EALPR Vechicles dataset\Vehicles\1680.jpg
dataset_B,1681.jpg,1681,.jpg,63710,656,656,3,1.0,430336,RGB,60.57207623810232,56.02291308587179,385.2931332540419,385.2931332540419,6.415992736816406,95a7c1d9501b630e649ee5d0abf39fa2,923e72928f7c928d,data\raw\dataset_B\EALPR Vechicles dataset\Vehicles\1681.jpg
dataset_B,1682.jpg,1682,.jpg,143312,720,720,3,1.0,518400,RGB,87.14332368827161,58.96939976290704,3960.479933622383,3960.479933622383,7.632923126220703,73e77a386e770e80ca2b469b84dcbfa6,ec71e32ad431cb46,data\raw\dataset_B\EALPR Vechicles dataset\Vehicles\1682.jpg
dataset_B,1683.jpg,1683,.jpg,140171,1080,1350,3,0.8,1458000,RGB,90.13763305898492,63.21965024554082,91.94068316617978,91.94068316617978,7.539400100708008,954c1f6a361c471937e6f36acb4b3d95,fdfb7b989026c0c0,data\raw\dataset_B\EALPR Vechicles dataset\Vehicles\1683.jpg
dataset_B,1684.jpg,1684,.jpg,141362,1080,1350,3,0.8,1458000,RGB,96.36825308641976,68.26710074897865,103.55272356709351,103.55272356709351,7.428107738494873,78cd0df305638069b6438006ae3408be,8a257f8785572e64,data\raw\dataset_B\EALPR Vechicles dataset\Vehicles\1684.jpg
dataset_B,1685.jpg,1685,.jpg,253409,1032,1290,3,0.8,1331280,RGB,122.41661258337841,53.67679565483027,569.6991054535182,569.6991054535182,7.662350177764893,9548413c7f91706b1c6fc69a086f5a01,9f57c524c48527ea,data\raw\dataset_B\EALPR Vechicles dataset\Vehicles\1685.jpg
dataset_B,1686.jpg,1686,.jpg,157341,1032,1290,3,0.8,1331280,RGB,95.96083769004267,60.559135808954906,105.48973368166206,105.48973368166206,7.702786922454834,8744c6d206c4809e7f40c9171d4ce54d,9fbded619490ca82,data\raw\dataset_B\EALPR Vechicles dataset\Vehicles\1686.jpg
dataset_B,1687.jpg,1687,.jpg,253493,1080,1341,3,0.805369,1448280,RGB,113.55170754274036,85.83102730527474,927.2036394301936,927.2036394301936,7.691862106323242,d312b7fd17994d0ef8787e67ff02e911,848afe80727fe2d1,data\raw\dataset_B\EALPR Vechicles dataset\Vehicles\1687.jpg
dataset_B,1688.jpg,1688,.jpg,164801,1080,1080,3,1.0,1166400,RGB,112.22863683127572,64.50849088815478,505.98787693292564,505.98787693292564,7.66232967376709,4a7a0e1863a6402f830099061249766f,ad56d24dda49c945,data\raw\dataset_B\EALPR Vechicles dataset\Vehicles\1688.jpg
dataset_B,1689.jpg,1689,.jpg,125921,540,960,3,0.5625,518400,RGB,129.45040702160495,61.37788719627346,2931.322870023624,2931.322870023624,7.733382225036621,edde4da79a4d046acbb9053e6385513e,bd4fd22438d2922f,data\raw\dataset_B\EALPR Vechicles dataset\Vehicles\1689.jpg
dataset_B,1690.jpg,1690,.jpg,167502,1080,1080,3,1.0,1166400,RGB,87.19131430041152,50.25307272274145,818.2166769536711,818.2166769536711,7.386200904846191,8b8380b2bb9d20f25fdf84e74c3f8e41,b414c5e94acb7674,data\raw\dataset_B\EALPR Vechicles dataset\Vehicles\1690.jpg
dataset_B,1691.jpg,1691,.jpg,93938,878,459,3,1.912854,403002,RGB,82.77488201051112,74.76799163738167,1071.7759320154148,1071.7759320154148,7.503228664398193,69a0091f119823f845fda039ad7c117e,f443a13c533a963d,data\raw\dataset_B\EALPR Vechicles dataset\Vehicles\1691.jpg
dataset_B,1692.jpg,1692,.jpg,161996,1032,1290,3,0.8,1331280,RGB,86.76369734390963,46.63868390322015,97.57260148367749,97.57260148367749,7.395937919616699,17dac3e36edba8f07e2d9c788d84826c,fb3ba4648191d547,data\raw\dataset_B\EALPR Vechicles dataset\Vehicles\1692.jpg
dataset_B,1693.jpg,1693,.jpg,80011,720,960,3,0.75,691200,RGB,127.64376880787037,53.512821689381255,446.14503056090564,446.14503056090564,7.5890889167785645,25d1218d3d2c3f94be3e91ffa7d8b91d,d22d616b67878761,data\raw\dataset_B\EALPR Vechicles dataset\Vehicles\1693.jpg
dataset_B,1694.jpg,1694,.jpg,103109,668,668,3,1.0,446224,RGB,62.192125479579765,45.472864102116674,504.09130236756397,504.09130236756397,7.239521503448486,450f1df8c07d686e85014f1b11b121c7,bf40d00ad12dee57,data\raw\dataset_B\EALPR Vechicles dataset\Vehicles\1694.jpg
dataset_B,1695.jpg,1695,.jpg,57818,720,592,3,1.216216,426240,RGB,89.9215160472973,60.51155746154259,487.8441077415879,487.8441077415879,7.599050521850586,0d07f69623295a93fed0ffe50df3b29f,aed5c20a8c3ddc33,data\raw\dataset_B\EALPR Vechicles dataset\Vehicles\1695.jpg
dataset_B,1696.jpg,1696,.jpg,114893,662,662,3,1.0,438244,RGB,123.07790865362675,66.13660966589156,3695.5212500517237,3695.5212500517237,7.941593647003174,bb45bba45679a486329ad7850a1dc759,bbd5ea298498d236,data\raw\dataset_B\EALPR Vechicles dataset\Vehicles\1696.jpg
dataset_B,1697.jpg,1697,.jpg,234134,1080,1350,3,0.8,1458000,RGB,85.30435185185185,60.12795313217661,329.7761586995428,329.7761586995428,7.614912986755371,ffff0f52e799ec4abbedc55c396edf8a,d71230fdd2463d4a,data\raw\dataset_B\EALPR Vechicles dataset\Vehicles\1697.jpg
dataset_B,1698.jpg,1698,.jpg,166641,1080,1351,3,0.799408,1459080,RGB,133.98135126243935,64.2618157945981,258.1757210022373,258.1757210022373,7.806358337402344,9fcb95867a92c783b9b9791b773da12f,ffe9ecc884c4821e,data\raw\dataset_B\EALPR Vechicles dataset\Vehicles\1698.jpg
dataset_B,1699.jpg,1699,.jpg,204087,1080,1080,3,1.0,1166400,RGB,125.07592335390946,63.82341875919916,893.1980835349601,893.1980835349601,7.808143615722656,a81b41460229d957f8bf8ac85b3e0901,f8999b2c84768c73,data\raw\dataset_B\EALPR Vechicles dataset\Vehicles\1699.jpg
dataset_B,1700.jpg,1700,.jpg,109030,1080,1351,3,0.799408,1459080,RGB,50.08869904323272,29.4133295206481,67.8952539396282,67.8952539396282,6.210127830505371,27add93e65043df806d8f223e964377b,ec235312f49d4787,data\raw\dataset_B\EALPR Vechicles dataset\Vehicles\1700.jpg
dataset_B,1701.jpg,1701,.jpg,79690,827,619,3,1.336026,511913,RGB,80.36043624600273,49.46866355650259,396.0410049993783,396.0410049993783,6.976995944976807,a021b77b22269bf117414da9df002b1b,9bb8e68418995e67,data\raw\dataset_B\EALPR Vechicles dataset\Vehicles\1701.jpg
dataset_B,1702.jpg,1702,.jpg,65916,700,611,3,1.145663,427700,RGB,115.74910918868366,69.21325294844142,251.78983410514635,251.78983410514635,7.830763339996338,046951d657ac467e971eba5a1816bb64,9581696fc199cbc5,data\raw\dataset_B\EALPR Vechicles dataset\Vehicles\1702.jpg
dataset_B,1703.jpg,1703,.jpg,125272,1080,876,3,1.232877,946080,RGB,113.2493414933198,71.36712519744816,272.2521741167291,272.2521741167291,7.716455459594727,5e1e50d2e535a16f6824e2e97d8f4def,d1d3fb00932fc872,data\raw\dataset_B\EALPR Vechicles dataset\Vehicles\1703.jpg
dataset_B,1704.jpg,1704,.jpg,162216,1080,1350,3,0.8,1458000,RGB,114.27719272976681,78.92222548284165,122.15952639667432,122.15952639667432,7.319916725158691,af74922c93fef81b193abdbeaeef0c48,afa48057d476d2c3,data\raw\dataset_B\EALPR Vechicles dataset\Vehicles\1704.jpg
dataset_B,1705.jpg,1705,.jpg,131837,1080,1351,3,0.799408,1459080,RGB,76.92684431285467,43.44387822215219,154.92741431101553,154.92741431101553,7.147801399230957,6efacd1f0b4b83f62c48bf5157ca576c,c4428b7d94363d9b,data\raw\dataset_B\EALPR Vechicles dataset\Vehicles\1705.jpg
dataset_B,1706.jpg,1706,.jpg,139738,937,1171,3,0.800171,1097227,RGB,120.61431864144794,57.403794702645165,100.03099115372815,100.03099115372815,7.51884126663208,c9aca16005476f59720f3621e6b760ae,fc52cb6cb2a051c7,data\raw\dataset_B\EALPR Vechicles dataset\Vehicles\1706.jpg
dataset_B,1707.jpg,1707,.jpg,218922,1080,1080,3,1.0,1166400,RGB,98.10868998628258,56.641158373981156,1140.2146252822802,1140.2146252822802,7.610654830932617,7f06bc6d2a80ed0cdfd0e19df356ace9,ff4a8a0dcb339c12,data\raw\dataset_B\EALPR Vechicles dataset\Vehicles\1707.jpg
dataset_B,1708.jpg,1708,.jpg,328847,1080,1351,3,0.799408,1459080,RGB,116.77555445897414,70.07335354539698,1654.7646718491055,1654.7646718491055,7.906065940856934,0cf7448221d52adfb58db97d17b3a417,a06f658578c2fa95,data\raw\dataset_B\EALPR Vechicles dataset\Vehicles\1708.jpg
dataset_B,1709.jpg,1709,.jpg,153694,929,1162,3,0.799484,1079498,RGB,107.79033587834346,55.62934370462831,237.89382618742434,237.89382618742434,7.725778579711914,187302cd289bd7842de74b8f15357183,a884d06b63717eba,data\raw\dataset_B\EALPR Vechicles dataset\Vehicles\1709.jpg
dataset_B,1710.jpg,1710,.jpg,87431,1080,1080,3,1.0,1166400,RGB,27.55658436213992,38.382955284498706,323.89292855875584,323.89292855875584,4.987085342407227,152718f92073d15334b2cc03c03aa0be,e1853f7a52e0ab07,data\raw\dataset_B\EALPR Vechicles dataset\Vehicles\1710.jpg
dataset_B,1711.jpg,1711,.jpg,239010,1080,1351,3,0.799408,1459080,RGB,133.20303753049868,70.89702120577581,572.7573488962332,572.7573488962332,7.833438873291016,5c8f3e36ded461cc87417a7cd60c1d21,be9a882dd86446f3,data\raw\dataset_B\EALPR Vechicles dataset\Vehicles\1711.jpg
dataset_B,1712.jpg,1712,.jpg,115026,1040,1040,3,1.0,1081600,RGB,118.93329696745562,57.399958005505994,144.2227512317036,144.2227512317036,7.711214065551758,da3374f78549c318c260494f60b36196,e8a89c54deccd4b4,data\raw\dataset_B\EALPR Vechicles dataset\Vehicles\1712.jpg
dataset_B,1713.jpg,1713,.jpg,97337,900,711,3,1.265823,639900,RGB,132.60153305203937,79.52811783074593,868.0456799250795,868.0456799250795,7.744482517242432,5d79de3b8e97bd0a6066dd5d99f4ebe3,c6d7da3a83686983,data\raw\dataset_B\EALPR Vechicles dataset\Vehicles\1713.jpg
dataset_B,1714.jpg,1714,.jpg,184920,960,1200,3,0.8,1152000,RGB,102.19158680555556,63.34812778998237,357.99786394849235,357.99786394849235,7.780099868774414,a6c1d737f5040518a2a9fe3056958c28,d60fc9702e6d34b4,data\raw\dataset_B\EALPR Vechicles dataset\Vehicles\1714.jpg
dataset_B,1715.jpg,1715,.jpg,117954,909,681,3,1.334802,619029,RGB,136.76054433637196,66.39039883556153,669.003498863908,669.003498863908,7.812003135681152,76f895236fa47a70c27bb82771a4a4ef,8c17d74ef1c52827,data\raw\dataset_B\EALPR Vechicles dataset\Vehicles\1715.jpg
dataset_B,1716.jpg,1716,.jpg,178702,1080,1351,3,0.799408,1459080,RGB,112.71538023960304,65.19237197471402,383.1130388404504,383.1130388404504,7.73649787902832,8bbda9fe4931a21fe71752ace7876b13,deac2585057f6865,data\raw\dataset_B\EALPR Vechicles dataset\Vehicles\1716.jpg
dataset_B,1717.jpg,1717,.jpg,111532,1080,1080,3,1.0,1166400,RGB,72.32405178326475,46.3893499353454,76.03358793558384,76.03358793558384,6.784694194793701,33b8b21fa3e176b44911c6214aa6fc6c,862e56d24f32b13d,data\raw\dataset_B\EALPR Vechicles dataset\Vehicles\1717.jpg
dataset_B,1718.jpg,1718,.jpg,143489,702,702,3,1.0,492804,RGB,124.54284867817631,69.794362887692,10882.24441708746,10882.24441708746,7.958921432495117,e483a4b8202e02288f382fa8176e10d2,bb9bd2aa4dc404dc,data\raw\dataset_B\EALPR Vechicles dataset\Vehicles\1718.jpg
dataset_B,1719.jpg,1719,.jpg,128700,1032,1290,3,0.8,1331280,RGB,73.94910011417583,27.55802991890912,24.152780726062502,24.152780726062502,6.222206115722656,2fa9286ec9192592dcc6c951ff1d8783,d97f36d1cda63010,data\raw\dataset_B\EALPR Vechicles dataset\Vehicles\1719.jpg
dataset_B,1720.jpg,1720,.jpg,252856,1080,1340,3,0.80597,1447200,RGB,119.32366362631288,63.67829219099907,413.2165183050337,413.2165183050337,7.833259105682373,4f168abdc42fb405a6bb9b6d79026af1,bd82803db256cdad,data\raw\dataset_B\EALPR Vechicles dataset\Vehicles\1720.jpg
dataset_B,1721.jpg,1721,.jpg,42686,640,295,3,2.169492,188800,RGB,87.51720338983051,60.160718720147734,3247.903333164607,3247.903333164607,7.447631359100342,765c12e65ad770284818c6784f196cbe,fbc5da65039581d1,data\raw\dataset_B\EALPR Vechicles dataset\Vehicles\1721.jpg
dataset_B,1722.jpg,1722,.jpg,102239,1020,1020,3,1.0,1040400,RGB,123.20650038446752,66.87497023134149,204.4787921301636,204.4787921301636,7.455191612243652,806537a378431396c7321748bb03ff0d,e988f29472f91cd2,data\raw\dataset_B\EALPR Vechicles dataset\Vehicles\1722.jpg
dataset_B,1723.jpg,1723,.jpg,71573,720,960,3,0.75,691200,RGB,121.3739453125,45.952989215660914,565.3104469082031,565.3104469082031,7.493567943572998,693b18a6525108cf0eb4c9003bfaeeac,98d9a6a69299f1b1,data\raw\dataset_B\EALPR Vechicles dataset\Vehicles\1723.jpg
dataset_B,1724.jpg,1724,.jpg,257742,1080,1350,3,0.8,1458000,RGB,108.58019067215363,69.71064520611473,597.0792384668833,597.0792384668833,7.76024055480957,7c4baf6061767afbc6501b543d17771d,bf1a8875acc0758b,data\raw\dataset_B\EALPR Vechicles dataset\Vehicles\1724.jpg
dataset_B,1725.jpg,1725,.jpg,208467,1080,810,3,1.333333,874800,RGB,77.23734110653864,69.97767930611367,1776.6696564983995,1776.6696564983995,7.478165626525879,3b304028a2d5552e460a249a392c332f,e041bf1e9c2b093f,data\raw\dataset_B\EALPR Vechicles dataset\Vehicles\1725.jpg
dataset_B,1726.jpg,1726,.jpg,124566,900,1125,3,0.8,1012500,RGB,127.66398024691358,71.09850400301174,298.2034947039332,298.2034947039332,7.336943626403809,fc0ce8fe8ece35a46b0379e6f0f7682b,b1b0ce9f7e446261,data\raw\dataset_B\EALPR Vechicles dataset\Vehicles\1726.jpg
dataset_B,1727.jpg,1727,.jpg,216794,1388,640,3,2.16875,888320,RGB,110.37582065021614,50.27247817123759,1696.8742089117059,1696.8742089117059,7.592329502105713,581052d6d905a3ff64eb1f7dd8c0d171,f98766ec6c863948,data\raw\dataset_B\EALPR Vechicles dataset\Vehicles\1727.jpg
dataset_B,1728.jpg,1728,.jpg,96735,720,960,3,0.75,691200,RGB,82.28412181712963,50.87844411937445,927.0681061624891,927.0681061624891,7.296966552734375,1316bf1666807c9387ced45d8f6f3539,d6167626a033b567,data\raw\dataset_B\EALPR Vechicles dataset\Vehicles\1728.jpg
dataset_B,1729.jpg,1729,.jpg,54619,720,960,3,0.75,691200,RGB,127.55805700231481,70.23490584997501,373.95694406917244,373.95694406917244,7.605556488037109,ea4ea97488d8c1662e437a31d138c0aa,bf9590e86a715c43,data\raw\dataset_B\EALPR Vechicles dataset\Vehicles\1729.jpg
dataset_B,1730.jpg,1730,.jpg,204266,1388,640,3,2.16875,888320,RGB,117.92188738292508,61.365923250875824,997.5952495172176,997.5952495172176,7.6857218742370605,294ba25458f5a34d35901458f68c1515,bd97513ba181f330,data\raw\dataset_B\EALPR Vechicles dataset\Vehicles\1730.jpg
dataset_B,1731.jpg,1731,.jpg,219283,1388,640,3,2.16875,888320,RGB,118.7186948396974,52.73533452867889,1624.5664945820513,1624.5664945820513,7.563740253448486,546a638283e9ec3ae0668ea24602e79b,ef86a3d2c4cd26c8,data\raw\dataset_B\EALPR Vechicles dataset\Vehicles\1731.jpg
dataset_B,1732.jpg,1732,.jpg,78409,720,960,3,0.75,691200,RGB,80.13134403935184,63.84042528112062,1013.4166301805285,1013.4166301805285,7.389211177825928,c7a0042f7672a4738844fafe94148c50,ece6c343c6d85833,data\raw\dataset_B\EALPR Vechicles dataset\Vehicles\1732.jpg
dataset_B,1733.jpg,1733,.jpg,195681,1388,640,3,2.16875,888320,RGB,87.2861457582853,53.936709322546335,1076.7132777625566,1076.7132777625566,7.4423394203186035,70c1bafd237ab197a4a858e20b62e0fb,bcda72697e60036c,data\raw\dataset_B\EALPR Vechicles dataset\Vehicles\1733.jpg
dataset_B,1734.jpg,1734,.jpg,180995,1388,640,3,2.16875,888320,RGB,121.10253512247839,61.580707681096925,1127.4156729419851,1127.4156729419851,7.364819526672363,cb4360d5248e8d5cd87483a6625bfd08,e896bb99919531a6,data\raw\dataset_B\EALPR Vechicles dataset\Vehicles\1734.jpg
dataset_B,1735.jpg,1735,.jpg,31891,295,640,3,0.460938,188800,RGB,118.55777542372881,69.22889485135087,1411.4840811927418,1411.4840811927418,6.676809787750244,09530f5825fc3d7ba8ca9bd1d1c44020,a9a1c0ded2d33aa3,data\raw\dataset_B\EALPR Vechicles dataset\Vehicles\1735.jpg
dataset_B,1736.jpg,1736,.jpg,54481,612,816,3,0.75,499392,RGB,111.10765490836857,57.06079979565296,164.9019968117191,164.9019968117191,7.763833999633789,bccc4c5c5d50471a9d855af098f6ba28,bdb67e4e822a49e0,data\raw\dataset_B\EALPR Vechicles dataset\Vehicles\1736.jpg
dataset_B,1737.jpg,1737,.jpg,81408,960,720,3,1.333333,691200,RGB,85.41155815972222,43.23204999523951,486.3188291512761,486.3188291512761,7.3154401779174805,214fec336575058f1354860815dcc799,a624d8d8d0b43d5f,data\raw\dataset_B\EALPR Vechicles dataset\Vehicles\1737.jpg
dataset_B,1738.jpg,1738,.jpg,127753,720,960,3,0.75,691200,RGB,121.55536168981482,49.68623192432618,1217.295302710461,1217.295302710461,7.278474807739258,2376616aedd43a3a36e97e0a671e0e11,ccccc6e878d3c389,data\raw\dataset_B\EALPR Vechicles dataset\Vehicles\1738.jpg
dataset_B,1739.jpg,1739,.jpg,154186,1080,876,3,1.232877,946080,RGB,74.35840732284797,50.38939273148622,539.6218455903298,539.6218455903298,7.362701892852783,5c55df173f33f37d5739f044c905923c,d787f0b484f836a8,data\raw\dataset_B\EALPR Vechicles dataset\Vehicles\1739.jpg
dataset_B,1740.jpg,1740,.jpg,74994,720,960,3,0.75,691200,RGB,110.37552662037037,76.36158616377223,656.1962628813295,656.1962628813295,7.108194828033447,8cb27a6efc8cc2c9f21562076c48e15f,ffa2a09f828ad545,data\raw\dataset_B\EALPR Vechicles dataset\Vehicles\1740.jpg
dataset_B,1741.jpg,1741,.jpg,142574,994,994,3,1.0,988036,RGB,92.72216093340728,61.869870116541136,300.267490919715,300.267490919715,7.701360702514648,48d01d9e21cb0560c8e35c66bb1c3be4,95425d2fcc94963b,data\raw\dataset_B\EALPR Vechicles dataset\Vehicles\1741.jpg
dataset_B,1742.jpg,1742,.jpg,80688,960,432,3,2.222222,414720,RGB,118.77552324459876,47.02370674753433,1082.568855211339,1082.568855211339,7.501519680023193,9123e2cadd6765c819ec1e5681a3231b,e362614cf2f3330d,data\raw\dataset_B\EALPR Vechicles dataset\Vehicles\1742.jpg
dataset_B,1743.jpg,1743,.jpg,78372,960,432,3,2.222222,414720,RGB,111.2258559992284,47.27011337214021,861.5605211696964,861.5605211696964,7.482394218444824,b4827553aef7b339f06c48872d8e1e53,c64767cc62261b79,data\raw\dataset_B\EALPR Vechicles dataset\Vehicles\1743.jpg
dataset_B,1744.jpg,1744,.jpg,111451,743,743,3,1.0,552049,RGB,89.98129876152298,60.366701400076565,391.1456878692378,391.1456878692378,7.668041706085205,31d4fb05508338722baeee584b797bb9,ab8b0e9fc26c74e0,data\raw\dataset_B\EALPR Vechicles dataset\Vehicles\1744.jpg
dataset_B,1745.jpg,1745,.jpg,97013,720,960,3,0.75,691200,RGB,119.08370081018519,66.25809388421723,789.1397047304926,789.1397047304926,7.7011260986328125,88c04fa9134409378e485bfd485e6157,b09a02903f7f3c6d,data\raw\dataset_B\EALPR Vechicles dataset\Vehicles\1745.jpg
dataset_B,1746.jpg,1746,.jpg,51210,540,960,3,0.5625,518400,RGB,71.15776234567902,61.813875182313495,251.3020523050358,251.3020523050358,6.357697486877441,15b0206df69b38c88cf8688382c1a5f8,d1092a6e27d57af0,data\raw\dataset_B\EALPR Vechicles dataset\Vehicles\1746.jpg
dataset_B,1747.jpg,1747,.jpg,89491,720,960,3,0.75,691200,RGB,82.04285011574073,58.6560750982178,325.43373521909155,325.43373521909155,7.502213001251221,a615257f9b75a23ab9f546b4712cbbf6,b5f74a8a83858b2b,data\raw\dataset_B\EALPR Vechicles dataset\Vehicles\1747.jpg
dataset_B,1748.jpg,1748,.jpg,105454,720,960,3,0.75,691200,RGB,120.10941550925926,65.96263994507885,400.2365376200923,400.2365376200923,7.7936177253723145,80e56ec23308150e3710dc5f564875d5,abe1953f90b4ca32,data\raw\dataset_B\EALPR Vechicles dataset\Vehicles\1748.jpg
dataset_B,1749.jpg,1749,.jpg,208545,960,960,3,1.0,921600,RGB,118.22527018229167,65.9814878525717,3567.6661955922395,3567.6661955922395,7.756590843200684,e781c9636d5d587e076c9263a85d88c9,94173b6a8a9cdc93,data\raw\dataset_B\EALPR Vechicles dataset\Vehicles\1749.jpg
dataset_B,1750.jpg,1750,.jpg,87981,720,960,3,0.75,691200,RGB,119.16321469907408,70.15554713927531,530.6716608655555,530.6716608655555,7.621198654174805,4b17e202cdc32d4959e083f6e7ae63d8,81197ce8c6e466de,data\raw\dataset_B\EALPR Vechicles dataset\Vehicles\1750.jpg
dataset_B,1751.jpg,1751,.jpg,111012,720,960,3,0.75,691200,RGB,110.06017505787037,56.75478996216892,416.8480415797272,416.8480415797272,7.670045852661133,ef3b93ef41e871ea79882c6d41ebdcbd,bdd1d82ea6b5c980,data\raw\dataset_B\EALPR Vechicles dataset\Vehicles\1751.jpg
dataset_B,1752.jpg,1752,.jpg,96237,720,960,3,0.75,691200,RGB,135.1283767361111,53.524526258492315,1006.3570182276409,1006.3570182276409,7.599181175231934,03c6f7bd3cd809efd0123a049a629d52,ea8cb4d38f6d8468,data\raw\dataset_B\EALPR Vechicles dataset\Vehicles\1752.jpg
dataset_B,1753.jpg,1753,.jpg,106398,720,960,3,0.75,691200,RGB,129.13389612268517,54.957669040396844,827.9645615240885,827.9645615240885,7.163329124450684,1a3c4d6e4b70ce77c6940f15cf0f0f74,fe7c81c10fdf1c80,data\raw\dataset_B\EALPR Vechicles dataset\Vehicles\1753.jpg
dataset_B,1754.jpg,1754,.jpg,260726,1032,1290,3,0.8,1331280,RGB,127.89982498046993,70.65674969978274,498.90493547729756,498.90493547729756,7.843001365661621,f00daf3581844414731250ca5d3473a6,ac0ec7ab23c3f468,data\raw\dataset_B\EALPR Vechicles dataset\Vehicles\1754.jpg
dataset_B,1755.jpg,1755,.jpg,94928,960,720,3,1.333333,691200,RGB,131.02658420138889,48.39021907627763,352.7982809509278,352.7982809509278,7.515110015869141,99d7afca7a78e849f9b8d7fab8699644,b898a178ca297b97,data\raw\dataset_B\EALPR Vechicles dataset\Vehicles\1755.jpg
dataset_B,1756.jpg,1756,.jpg,112625,960,720,3,1.333333,691200,RGB,142.12717447916665,59.42851474785186,646.9382882640697,646.9382882640697,7.750509738922119,e8ca77e94f40ea64389694233cc2eef4,ec85143c37ccc3f2,data\raw\dataset_B\EALPR Vechicles dataset\Vehicles\1756.jpg
dataset_B,1757.jpg,1757,.jpg,160930,720,960,3,0.75,691200,RGB,122.54409722222222,53.860625095178065,3762.3660169377813,3762.3660169377813,7.130797863006592,0ec7e757812e57982350462fe407444c,92953d28ced77470,data\raw\dataset_B\EALPR Vechicles dataset\Vehicles\1757.jpg
dataset_B,1758.jpg,1758,.jpg,46644,525,700,3,0.75,367500,RGB,119.93136598639455,54.506994866458896,1181.287118250144,1181.287118250144,7.517827033996582,c08611ee70e084f0365f432383e0c328,a0a07a7f3de9e0c2,data\raw\dataset_B\EALPR Vechicles dataset\Vehicles\1758.jpg
dataset_B,1759.jpg,1759,.jpg,73226,720,960,3,0.75,691200,RGB,128.47911024305554,56.1744504782621,394.5769902132241,394.5769902132241,7.630558967590332,9410d1697f958eb4f1b924b4e5948516,e005af3d957428eb,data\raw\dataset_B\EALPR Vechicles dataset\Vehicles\1759.jpg
dataset_B,1760.jpg,1760,.jpg,107897,834,626,3,1.332268,522084,RGB,129.20241378781958,58.93271923642495,829.1203512703198,829.1203512703198,7.507018566131592,23fcbddeaf4d35b70b1c12f5685f8cbd,a486addd4e68c22f,data\raw\dataset_B\EALPR Vechicles dataset\Vehicles\1760.jpg
dataset_B,1761.jpg,1761,.jpg,172405,1080,1080,3,1.0,1166400,RGB,113.10795353223594,52.2555142748808,414.9043910782665,414.9043910782665,7.454685211181641,837a803dc76db771495ca1750de740c7,ef4ac22f84b2abc2,data\raw\dataset_B\EALPR Vechicles dataset\Vehicles\1761.jpg
dataset_B,1762.jpg,1762,.jpg,161562,931,931,3,1.0,866761,RGB,86.41788105371607,67.6758182782807,546.4110886525839,546.4110886525839,7.6235127449035645,8457541fd93cd723d11ffdd350e10e6c,df51701b899193cb,data\raw\dataset_B\EALPR Vechicles dataset\Vehicles\1762.jpg
dataset_B,1763.jpg,1763,.jpg,72026,960,444,3,2.162162,426240,RGB,125.22545748873874,66.32432744009533,1142.6740136947724,1142.6740136947724,7.707090377807617,1d86d919760dcd03c09907ef92c07700,f84fd5cc63663092,data\raw\dataset_B\EALPR Vechicles dataset\Vehicles\1763.jpg
dataset_B,1764.jpg,1764,.jpg,55579,540,960,3,0.5625,518400,RGB,133.26506944444444,68.0228858132501,459.445067321995,459.445067321995,7.402318477630615,7c547642a449481018e8ce9ab92ddaba,e9a9d105d03a65d7,data\raw\dataset_B\EALPR Vechicles dataset\Vehicles\1764.jpg
dataset_B,1765.jpg,1765,.jpg,189218,937,1171,3,0.800171,1097227,RGB,54.3242483096023,44.33431479980258,491.18504739648654,491.18504739648654,7.057707786560059,2a31160c3c7ea796e47f310a435806d5,92972d81c7716787,data\raw\dataset_B\EALPR Vechicles dataset\Vehicles\1765.jpg
dataset_B,1766.jpg,1766,.jpg,77551,432,960,3,0.45,414720,RGB,130.91176697530864,49.09928437877102,1004.0142695665818,1004.0142695665818,7.301400184631348,4212a0fd9358b6da16b34c4512ba2dcb,ccc4c5085ad5e59f,data\raw\dataset_B\EALPR Vechicles dataset\Vehicles\1766.jpg
dataset_B,1767.jpg,1767,.jpg,127532,1080,807,3,1.33829,871560,RGB,77.46360089953646,60.92327677446722,454.91742262179247,454.91742262179247,7.017246246337891,a1b6b6b63854e84b721f67eb24c117b3,e356941a8fe57918,data\raw\dataset_B\EALPR Vechicles dataset\Vehicles\1767.jpg
dataset_B,1768.jpg,1768,.jpg,114913,539,960,3,0.561458,517440,RGB,120.61282660791589,57.41655077395964,1502.804156935048,1502.804156935048,7.7303571701049805,b638b372ffa8abaff7650bcae5af4c11,dbd8bd2497c22714,data\raw\dataset_B\EALPR Vechicles dataset\Vehicles\1768.jpg
dataset_B,1769.jpg,1769,.jpg,104638,720,960,3,0.75,691200,RGB,109.73665219907407,65.53927339273594,814.2585658430856,814.2585658430856,7.589069366455078,4439fa940a0576dc82de99f30968b5f0,fed78160256a9d92,data\raw\dataset_B\EALPR Vechicles dataset\Vehicles\1769.jpg
dataset_B,1770.jpg,1770,.jpg,78613,432,960,3,0.45,414720,RGB,145.0161747685185,33.8740484176447,814.2744593518639,814.2744593518639,6.855442047119141,efb9d50deda18aba48d04314aac5bf76,9f1f7b2b12b0e0a8,data\raw\dataset_B\EALPR Vechicles dataset\Vehicles\1770.jpg
dataset_B,1771.jpg,1771,.jpg,131809,960,720,3,1.333333,691200,RGB,121.7562427662037,52.07560964345363,1614.1409444851345,1614.1409444851345,7.608546257019043,17b98f530ee2f0f4ef831e6f23ea224d,fd9c1604def4d038,data\raw\dataset_B\EALPR Vechicles dataset\Vehicles\1771.jpg
dataset_B,1772.jpg,1772,.jpg,134302,960,720,3,1.333333,691200,RGB,124.36371672453704,51.303887746774556,1727.5212730556827,1727.5212730556827,7.593902587890625,b7b082e205c8082496c7bc740abfee56,fd9d1e24dc308339,data\raw\dataset_B\EALPR Vechicles dataset\Vehicles\1772.jpg
dataset_B,1773.jpg,1773,.jpg,130339,960,720,3,1.333333,691200,RGB,120.53831741898148,57.304872179644576,1762.9565353447788,1762.9565353447788,7.6751556396484375,50ed3ef502f6442b3a8d36fac9dfda38,a886297ad6da9a66,data\raw\dataset_B\EALPR Vechicles dataset\Vehicles\1773.jpg
dataset_B,1774.jpg,1774,.jpg,159032,1080,864,3,1.25,933120,RGB,59.321085176611795,49.42192885306382,1017.86421855234,1017.86421855234,7.137784481048584,15a66bf5312c8466ef5a66ff71e56fad,a4c5cb62d2accdb1,data\raw\dataset_B\EALPR Vechicles dataset\Vehicles\1774.jpg
dataset_B,1775.jpg,1775,.jpg,97764,960,539,3,1.781076,517440,RGB,96.18109539270253,57.40312020618892,1168.8001062947244,1168.8001062947244,7.490124702453613,0a54137c654e989cb44f0283e79d9bc5,c1e32c53db2c329e,data\raw\dataset_B\EALPR Vechicles dataset\Vehicles\1775.jpg
dataset_B,1776.jpg,1776,.jpg,71540,528,960,3,0.55,506880,RGB,109.62409840593435,65.06546252312567,1242.5821149355918,1242.5821149355918,7.517682075500488,4183d7de4bb4e9711f6fbe5d605ef82c,9450da2ad1d53d3b,data\raw\dataset_B\EALPR Vechicles dataset\Vehicles\1776.jpg
dataset_B,1777.jpg,1777,.jpg,95080,720,960,3,0.75,691200,RGB,106.63095775462963,58.26088402684643,500.8486038714352,500.8486038714352,7.457920074462891,382decd6698e909fece4dff0b56db0a5,d0c12f5fd0206d7e,data\raw\dataset_B\EALPR Vechicles dataset\Vehicles\1777.jpg
dataset_B,1778.jpg,1778,.jpg,72990,568,568,3,1.0,322624,RGB,73.19956357865503,55.68703030985922,604.5577650164754,604.5577650164754,7.130962371826172,107bcda2e39a6c71be6df277140e04b7,a032f3a55dd2f24c,data\raw\dataset_B\EALPR Vechicles dataset\Vehicles\1778.jpg
dataset_B,1779.jpg,1779,.jpg,87243,720,960,3,0.75,691200,RGB,129.0951533564815,48.199023664192026,948.1079612900722,948.1079612900722,7.43720817565918,fde98f1cc05f57596b7abb088a618f1b,ef05a52f64224f95,data\raw\dataset_B\EALPR Vechicles dataset\Vehicles\1779.jpg
dataset_B,1780.jpg,1780,.jpg,44070,612,816,3,0.75,499392,RGB,104.68553961617327,65.61920593255627,602.2448257061203,602.2448257061203,7.723959922790527,2c48a564847b3994e39393ae6aa4d522,a8af2dc5f52c3c81,data\raw\dataset_B\EALPR Vechicles dataset\Vehicles\1780.jpg
dataset_B,1781.jpg,1781,.jpg,41633,612,816,3,0.75,499392,RGB,112.70705778226323,71.6283343869263,634.2316513327727,634.2316513327727,7.646108150482178,b165c5db81bb85e0704bb19d08dbf51d,f0b11d93923d9933,data\raw\dataset_B\EALPR Vechicles dataset\Vehicles\1781.jpg
dataset_B,1782.jpg,1782,.jpg,141478,825,825,3,1.0,680625,RGB,120.79165913682277,74.73158536400588,944.0762780158443,944.0762780158443,7.649702072143555,ad47a5b825014e8c71bcb840b4c3eff6,bed4c79fe8201147,data\raw\dataset_B\EALPR Vechicles dataset\Vehicles\1782.jpg
dataset_B,1783.jpg,1783,.jpg,198008,1032,1289,3,0.800621,1330248,RGB,87.81974188271661,59.36530044569475,228.56080299522446,228.56080299522446,7.4489898681640625,6726b3918d2b69bb65c8c403058be33a,bf54900b83776cf0,data\raw\dataset_B\EALPR Vechicles dataset\Vehicles\1783.jpg
dataset_B,1784.jpg,1784,.jpg,85476,720,960,3,0.75,691200,RGB,103.97026765046296,54.57158776788727,95.15292968724673,95.15292968724673,7.553285598754883,3d5f478b941338b693e9f8710db73c0d,a91f0859f578aa87,data\raw\dataset_B\EALPR Vechicles dataset\Vehicles\1784.jpg
dataset_B,1785.jpg,1785,.jpg,91894,720,960,3,0.75,691200,RGB,101.83099681712963,49.39047496730456,173.62807857908817,173.62807857908817,7.398338317871094,700139a20244825bfacbbdaf745b47db,d91d1509c9f5785c,data\raw\dataset_B\EALPR Vechicles dataset\Vehicles\1785.jpg
dataset_B,1786.jpg,1786,.jpg,69357,960,720,3,1.333333,691200,RGB,94.15201822916667,64.43462451020027,612.2704968224796,612.2704968224796,7.726847171783447,9378ed0d7c378f17458c6e19159ed0ba,dccc7870669a9595,data\raw\dataset_B\EALPR Vechicles dataset\Vehicles\1786.jpg
dataset_B,1787.jpg,1787,.jpg,85330,540,960,3,0.5625,518400,RGB,158.37580825617283,57.30207640128252,901.190437600287,901.190437600287,7.419957160949707,34e9022029e2f2799c7ac83f305f5f63,f4f6c3c2f8cd2124,data\raw\dataset_B\EALPR Vechicles dataset\Vehicles\1787.jpg
dataset_B,1788.jpg,1788,.jpg,218823,1080,909,3,1.188119,981720,RGB,104.91183331296092,63.367440778054956,1436.0751123180053,1436.0751123180053,7.801065921783447,5289b7b93bb3f760ce118301a0a1f92f,e847077c82e9c573,data\raw\dataset_B\EALPR Vechicles dataset\Vehicles\1788.jpg
dataset_B,1789.jpg,1789,.jpg,80525,540,960,3,0.5625,518400,RGB,153.94007523148147,60.42735236660258,904.7697160731939,904.7697160731939,6.825014114379883,bda0f60952549bdf2ae62e91bf97b5c0,e4c6d6da9a9a1a29,data\raw\dataset_B\EALPR Vechicles dataset\Vehicles\1789.jpg
dataset_B,1790.jpg,1790,.jpg,149062,720,959,3,0.750782,690480,RGB,132.10662148070907,57.382403544472176,1502.444491933326,1502.444491933326,7.750678062438965,67c0bf4d330c36e40f8aa6546f455029,fda2aa5d72489525,data\raw\dataset_B\EALPR Vechicles dataset\Vehicles\1790.jpg
dataset_B,1791.jpg,1791,.jpg,41673,480,640,3,0.75,307200,RGB,109.51634765625,70.50733685555332,985.9656792263031,985.9656792263031,7.803722381591797,07fa2559de355a1031463643c5e4cca3,d4162e3dc358b569,data\raw\dataset_B\EALPR Vechicles dataset\Vehicles\1791.jpg
dataset_B,1792.jpg,1792,.jpg,83515,540,960,3,0.5625,518400,RGB,122.70114969135803,53.73703782325293,1286.6228866997578,1286.6228866997578,7.5048747062683105,b08c36698f79012c9d96f8df9a03c7c5,88989793937f7c21,data\raw\dataset_B\EALPR Vechicles dataset\Vehicles\1792.jpg
dataset_B,1793.jpg,1793,.jpg,54480,720,523,3,1.376673,376560,RGB,119.65758179307414,60.612501235889404,1048.364167801666,1048.364167801666,7.723636150360107,a37a741696fa4ea97e8b9e07d5e8f177,b692a789d9ce304e,data\raw\dataset_B\EALPR Vechicles dataset\Vehicles\1793.jpg
dataset_B,1794.jpg,1794,.jpg,89381,720,960,3,0.75,691200,RGB,127.7497337962963,62.23302653690421,666.852021314362,666.852021314362,7.841971397399902,364ce41e39558e12965499d11a324c91,ea83e37ac7d10e12,data\raw\dataset_B\EALPR Vechicles dataset\Vehicles\1794.jpg
dataset_B,1795.jpg,1795,.jpg,198903,640,1388,3,0.461095,888320,RGB,116.8261977665706,47.07236725332524,1006.7611705338564,1006.7611705338564,7.380610466003418,c18fb2daa0bafeb14e0d6be1c75c014b,fae1a17db0f07a80,data\raw\dataset_B\EALPR Vechicles dataset\Vehicles\1795.jpg
dataset_B,1796.jpg,1796,.jpg,55867,720,960,3,0.75,691200,RGB,54.64087962962963,45.02903772653934,202.68876678187158,202.68876678187158,7.070849418640137,15c8356fbfc8d6604f28570e00f55466,e1e11e1a7a7d6161,data\raw\dataset_B\EALPR Vechicles dataset\Vehicles\1796.jpg
dataset_B,1797.jpg,1797,.jpg,202403,1388,640,3,2.16875,888320,RGB,113.60323306916426,52.55177672653616,1448.7205275754586,1448.7205275754586,7.583530426025391,98d20b4091e621dd1f3c07f0b5d3439c,a4c025b5a9cedace,data\raw\dataset_B\EALPR Vechicles dataset\Vehicles\1797.jpg
dataset_B,1798.jpg,1798,.jpg,70130,709,752,3,0.942819,533168,RGB,122.7250510158149,60.12901997949653,769.40066557246,769.40066557246,7.76713752746582,5519545f0486428a701312b627831f6b,f1d05ac3c59a6c39,data\raw\dataset_B\EALPR Vechicles dataset\Vehicles\1798.jpg
dataset_B,1799.jpg,1799,.jpg,178268,640,1388,3,0.461095,888320,RGB,122.55930745677233,60.95677382557933,1225.503214800476,1225.503214800476,7.625668048858643,2f8a94260223794180c09cf0f4b5c0e7,c0d89aa6b727613d,data\raw\dataset_B\EALPR Vechicles dataset\Vehicles\1799.jpg
dataset_B,1800.jpg,1800,.jpg,114765,960,855,3,1.122807,820800,RGB,128.15660209551658,64.30723197822938,739.4405421874764,739.4405421874764,7.5980119705200195,5aac999139ed159c87f802cb3ce08a72,d1a423dbc2d7219e,data\raw\dataset_B\EALPR Vechicles dataset\Vehicles\1800.jpg
dataset_B,1801.jpg,1801,.jpg,44160,727,700,3,1.038571,508900,RGB,115.96433876989586,62.197905554246994,411.1100076032319,411.1100076032319,7.564065933227539,4bca669f676c8670a5639542de5e69e3,b8f179e480869fca,data\raw\dataset_B\EALPR Vechicles dataset\Vehicles\1801.jpg
dataset_B,1802.jpg,1802,.jpg,129350,960,720,3,1.333333,691200,RGB,124.47002748842593,62.10083078673892,1344.3387090285291,1344.3387090285291,7.674357891082764,2a325a0c90e29cf4fab370f71c2e8ec7,e88dc51b5962d1f1,data\raw\dataset_B\EALPR Vechicles dataset\Vehicles\1802.jpg
dataset_B,1803.jpg,1803,.jpg,55624,960,720,3,1.333333,691200,RGB,69.65096064814814,46.76787364061137,194.19033297545298,194.19033297545298,7.232030391693115,5ae1a1ba31cf090c4b4fac27555d64bc,feaf0b0cca3031cb,data\raw\dataset_B\EALPR Vechicles dataset\Vehicles\1803.jpg
dataset_B,1804.jpg,1804,.jpg,123330,720,960,3,0.75,691200,RGB,113.90455729166666,83.93380441628557,2707.8880227618097,2707.8880227618097,7.471926689147949,ed1beaf8ac42dd25fbba59623cd13605,ae958b2e80d5ce33,data\raw\dataset_B\EALPR Vechicles dataset\Vehicles\1804.jpg
dataset_B,1805.jpg,1805,.jpg,58412,443,960,3,0.461458,425280,RGB,138.1123847817908,68.93925052743064,1129.850662768748,1129.850662768748,7.256277084350586,8f1e8c0f46edeb7907314b01f18a8d55,af50803fd52b2bd4,data\raw\dataset_B\EALPR Vechicles dataset\Vehicles\1805.jpg
dataset_B,1806.jpg,1806,.jpg,140709,720,960,3,0.75,691200,RGB,129.27736979166667,57.32026681614166,1943.6683479794076,1943.6683479794076,7.738847255706787,d8aad4fba82a5b243b698feaae77a79f,fd80a03e92b81f37,data\raw\dataset_B\EALPR Vechicles dataset\Vehicles\1806.jpg
dataset_B,1807.jpg,1807,.jpg,114965,720,960,3,0.75,691200,RGB,120.95111545138889,60.38154924364297,774.4113770550993,774.4113770550993,7.7021074295043945,06605e92f1a58b01d896bc33a551a4f9,ff078078a0409fdf,data\raw\dataset_B\EALPR Vechicles dataset\Vehicles\1807.jpg
dataset_B,1808.jpg,1808,.jpg,85129,960,443,3,2.167043,425280,RGB,101.28293594808126,60.406013217715035,1311.485322323807,1311.485322323807,7.513972759246826,5eb31df02912afd7474c0a486061c38b,bd5aaf91342bc512,data\raw\dataset_B\EALPR Vechicles dataset\Vehicles\1808.jpg
dataset_B,1809.jpg,1809,.jpg,79675,960,720,3,1.333333,691200,RGB,118.04745804398148,58.90435529954381,741.4885795106215,741.4885795106215,7.618142127990723,a8d622000c020a139746e4716280a370,87c664cf8e856723,data\raw\dataset_B\EALPR Vechicles dataset\Vehicles\1809.jpg
dataset_B,1810.jpg,1810,.jpg,212876,1388,640,3,2.16875,888320,RGB,118.90326233789625,55.978663702964035,1904.4478653758613,1904.4478653758613,7.620431423187256,18b65eb700da629a2000dfbc3ae40d0d,a4c0a4bd78cef8ac,data\raw\dataset_B\EALPR Vechicles dataset\Vehicles\1810.jpg
dataset_B,1811.jpg,1811,.jpg,79709,432,960,3,0.45,414720,RGB,96.16080005787038,49.07108347024765,1099.3609084810903,1099.3609084810903,7.139706611633301,07c7aff8cd906a40019ace72bf4d04c1,92d2b73dac80a13f,data\raw\dataset_B\EALPR Vechicles dataset\Vehicles\1811.jpg
dataset_B,1812.jpg,1812,.jpg,139649,720,960,3,0.75,691200,RGB,147.03559751157408,63.859440387659525,1851.2144236748754,1851.2144236748754,7.425022602081299,07cca8f890b290932db073919b9adc55,fd40c2b8afb03d83,data\raw\dataset_B\EALPR Vechicles dataset\Vehicles\1812.jpg
dataset_B,1813.jpg,1813,.jpg,136061,720,960,3,0.75,691200,RGB,141.55095341435185,62.08005073200613,1534.6004726942087,1534.6004726942087,7.6975812911987305,40c6a9dfc1b0796a86509847e615eceb,ff82a03db4a2c3c5,data\raw\dataset_B\EALPR Vechicles dataset\Vehicles\1813.jpg
dataset_B,1814.jpg,1814,.jpg,111194,960,960,3,1.0,921600,RGB,129.21246853298612,59.86658979335083,719.4330706892779,719.4330706892779,7.805971145629883,264a99c68c2492505c30108548c64a1a,fb079678e1c11707,data\raw\dataset_B\EALPR Vechicles dataset\Vehicles\1814.jpg
dataset_B,1815.jpg,1815,.jpg,66852,720,960,3,0.75,691200,RGB,120.35822048611111,62.15652539009434,904.5473721506545,904.5473721506545,7.55221700668335,49713900f35fcf7c063b242f52799df4,a0743fd1596a6a6c,data\raw\dataset_B\EALPR Vechicles dataset\Vehicles\1815.jpg
dataset_B,1816.jpg,1816,.jpg,140612,720,960,3,0.75,691200,RGB,117.5994458912037,65.18279226000539,1693.8419157635724,1693.8419157635724,7.779288291931152,52b4695a1521131c3de2b22860451db4,c095ff3cf0d88561,data\raw\dataset_B\EALPR Vechicles dataset\Vehicles\1816.jpg
dataset_B,1817.jpg,1817,.jpg,140612,720,960,3,0.75,691200,RGB,117.5994458912037,65.18279226000539,1693.8419157635724,1693.8419157635724,7.779288291931152,52b4695a1521131c3de2b22860451db4,c095ff3cf0d88561,data\raw\dataset_B\EALPR Vechicles dataset\Vehicles\1817.jpg
dataset_B,1818.jpg,1818,.jpg,44171,665,700,3,0.95,465500,RGB,110.57209237379162,70.88197972500365,501.4691547497453,501.4691547497453,7.6294941902160645,403760b7fc75553ed081d095febef918,eba8e41dd596d80a,data\raw\dataset_B\EALPR Vechicles dataset\Vehicles\1818.jpg
dataset_B,1819.jpg,1819,.jpg,106481,720,960,3,0.75,691200,RGB,125.68791232638888,69.83451594032587,842.4828514998551,842.4828514998551,7.631481170654297,8f7201d814e3cb0530823ab6c8a39da9,efcc842ee62acd05,data\raw\dataset_B\EALPR Vechicles dataset\Vehicles\1819.jpg
dataset_B,1820.jpg,1820,.jpg,97990,720,960,3,0.75,691200,RGB,128.528359375,72.74619857403341,1075.031117508029,1075.031117508029,7.25075626373291,59a948e01d924242d02d530adf74a700,aa80ac95f55f9370,data\raw\dataset_B\EALPR Vechicles dataset\Vehicles\1820.jpg
dataset_B,1821.jpg,1821,.jpg,109334,720,960,3,0.75,691200,RGB,153.20990885416666,59.979580431765505,688.1646772872339,688.1646772872339,7.257253646850586,39dd2689511ef3fbb84f2d68bf090777,e0709cfab6b5708c,data\raw\dataset_B\EALPR Vechicles dataset\Vehicles\1821.jpg
dataset_B,1822.jpg,1822,.jpg,136905,720,960,3,0.75,691200,RGB,141.20679976851852,46.23797441321605,1677.627721218062,1677.627721218062,7.435590744018555,28476b86adbafd851433688bb118cc9f,af2e903c3787c3c1,data\raw\dataset_B\EALPR Vechicles dataset\Vehicles\1822.jpg
dataset_B,1823.jpg,1823,.jpg,123521,720,960,3,0.75,691200,RGB,100.99129774305555,64.61424697701969,1408.4280946571635,1408.4280946571635,7.632698059082031,b1a845311d77f10b2db189e79ed3b999,96963a85a579a1ae,data\raw\dataset_B\EALPR Vechicles dataset\Vehicles\1823.jpg
dataset_B,1824.jpg,1824,.jpg,97278,720,960,3,0.75,691200,RGB,142.23228153935185,62.92919445618648,915.1249609313692,915.1249609313692,7.587099075317383,bf90fa99d54ef5dd3f4e71bacacf7c3d,aedc8dc35a3c3483,data\raw\dataset_B\EALPR Vechicles dataset\Vehicles\1824.jpg
dataset_B,1825.jpg,1825,.jpg,45715,960,1280,3,0.75,1228800,RGB,88.04896809895833,53.828739092193985,36.94192565535903,36.94192565535903,7.315143585205078,32334289a31c1215cd4096cb0285ac76,a01ecd65dc614767,data\raw\dataset_B\EALPR Vechicles dataset\Vehicles\1825.jpg
dataset_B,1826.jpg,1826,.jpg,172315,927,1158,3,0.800518,1073466,RGB,69.05981279332555,62.94161827624819,263.44734616460806,263.44734616460806,7.359585762023926,b81d19ece57f68bb99eb7c49bdd84b39,af5bc31dd83838b0,data\raw\dataset_B\EALPR Vechicles dataset\Vehicles\1826.jpg
dataset_B,1827.jpg,1827,.jpg,74722,960,720,3,1.333333,691200,RGB,109.10049623842593,53.04099068683375,365.7299420705536,365.7299420705536,7.657820701599121,ac5dd5294c197b591ef1e5d081e8c618,de8a686f9ec46468,data\raw\dataset_B\EALPR Vechicles dataset\Vehicles\1827.jpg
dataset_B,1828.jpg,1828,.jpg,103522,720,960,3,0.75,691200,RGB,128.9832740162037,64.00803754993416,1070.1058480506845,1070.1058480506845,7.758440017700195,a9065b77c9d344907e9deff6f76a0c4b,b052d23f0e1a3f8b,data\raw\dataset_B\EALPR Vechicles dataset\Vehicles\1828.jpg
dataset_B,1829.jpg,1829,.jpg,72769,720,960,3,0.75,691200,RGB,116.74895688657408,69.86815611306716,458.67561948548405,458.67561948548405,7.484099388122559,40eedce49d13065f7c70cb11d66aa068,c9c1c3cbfb323099,data\raw\dataset_B\EALPR Vechicles dataset\Vehicles\1829.jpg
dataset_B,1830.jpg,1830,.jpg,115535,720,960,3,0.75,691200,RGB,92.65716145833333,71.54787388491665,913.7599160686729,913.7599160686729,7.653048515319824,066ba1bc1f963159dbc1b2132c9d10b2,c6c73f3a8063275c,data\raw\dataset_B\EALPR Vechicles dataset\Vehicles\1830.jpg
dataset_B,1831.jpg,1831,.jpg,21303,528,960,3,0.55,506880,RGB,128.2021602746212,39.53762785503563,34.764415599490995,34.764415599490995,6.885275363922119,5687222aeb29506169416945a5be1ad8,be14946bcbc1714b,data\raw\dataset_B\EALPR Vechicles dataset\Vehicles\1831.jpg
dataset_B,1832.jpg,1832,.jpg,91409,960,960,3,1.0,921600,RGB,127.28772135416666,80.72666557049591,1374.1709401589276,1374.1709401589276,6.8651347160339355,49170d5d7dc820e7c5c2492ece457baa,fadec1c59d293130,data\raw\dataset_B\EALPR Vechicles dataset\Vehicles\1832.jpg
dataset_B,1833.jpg,1833,.jpg,67048,960,1280,3,0.75,1228800,RGB,86.73295166015625,66.84038664055142,150.74504398520722,150.74504398520722,7.359665870666504,95847762c120e3c0cbb8bbc9d6ffe905,ba64d018a7df4ba4,data\raw\dataset_B\EALPR Vechicles dataset\Vehicles\1833.jpg
dataset_B,1834.jpg,1834,.jpg,44677,540,960,3,0.5625,518400,RGB,73.14167824074075,40.44256315975066,234.72404088754513,234.72404088754513,7.20719051361084,002f088242cf1940056cb7008e9e0bd0,e1a5bc7841477aca,data\raw\dataset_B\EALPR Vechicles dataset\Vehicles\1834.jpg
dataset_B,1835.jpg,1835,.jpg,106690,960,960,3,1.0,921600,RGB,110.04091688368055,70.98724265572265,458.36289140065503,458.36289140065503,7.640658378601074,7f50993935e0802d83a5cb2007e8ad20,e8c1e3fb883a9f20,data\raw\dataset_B\EALPR Vechicles dataset\Vehicles\1835.jpg
dataset_B,1836.jpg,1836,.jpg,184536,1080,1196,3,0.90301,1291680,RGB,173.4633206366902,75.20381980352629,568.1983373647221,568.1983373647221,7.216649055480957,5b71d67ba86177d2563de92511535a19,ecc697298678cd86,data\raw\dataset_B\EALPR Vechicles dataset\Vehicles\1836.jpg
dataset_B,1837.jpg,1837,.jpg,72945,724,960,3,0.754167,695040,RGB,125.52510071362799,60.53688278838796,294.05005086790055,294.05005086790055,7.7040910720825195,95c91f511eda9fa7c34811830b8ea0e7,d785c16bdeb42059,data\raw\dataset_B\EALPR Vechicles dataset\Vehicles\1837.jpg
dataset_B,1838.jpg,1838,.jpg,79367,960,792,3,1.212121,760320,RGB,82.69871106902357,69.16380761418642,254.18162211778878,254.18162211778878,7.455394268035889,0284f10abc0e1af63251610fa146d96a,da84271b6557986e,data\raw\dataset_B\EALPR Vechicles dataset\Vehicles\1838.jpg
dataset_B,1839.jpg,1839,.jpg,60139,720,960,3,0.75,691200,RGB,95.3313136574074,50.4028304281858,223.70546817088604,223.70546817088604,7.478627681732178,b75718578d04ae07b9b769b185692eed,949c68690f8d1d7e,data\raw\dataset_B\EALPR Vechicles dataset\Vehicles\1839.jpg
dataset_B,1840.jpg,1840,.jpg,84363,720,960,3,0.75,691200,RGB,132.96244212962964,66.09966224320388,673.9683529547966,673.9683529547966,7.626255035400391,09b5943e009181c3c33efebf49b64a9b,cb41c1af8f852c9b,data\raw\dataset_B\EALPR Vechicles dataset\Vehicles\1840.jpg
dataset_B,1841.jpg,1841,.jpg,73608,960,792,3,1.212121,760320,RGB,93.08882838804713,55.72120880013992,539.0536839016568,539.0536839016568,7.463695526123047,5e801d2b552c97c290117984fe6acfcc,ebb0b9111ac2b78b,data\raw\dataset_B\EALPR Vechicles dataset\Vehicles\1841.jpg
dataset_B,1842.jpg,1842,.jpg,64976,432,960,3,0.45,414720,RGB,138.38125482253088,51.123109256438916,780.5647365389016,780.5647365389016,7.290897369384766,5358fad4b33bca9b44143d9450192061,ba9d85872acee161,data\raw\dataset_B\EALPR Vechicles dataset\Vehicles\1842.jpg
dataset_B,1843.jpg,1843,.jpg,70397,720,960,3,0.75,691200,RGB,82.94932725694444,49.65633576297244,621.3325187927477,621.3325187927477,7.358127593994141,a828623ce4550f819995271c74181f11,bbd0856ee88193da,data\raw\dataset_B\EALPR Vechicles dataset\Vehicles\1843.jpg
dataset_B,1844.jpg,1844,.jpg,94925,924,960,3,0.9625,887040,RGB,110.35327268217893,46.90549925289645,454.2109592482345,454.2109592482345,7.507662773132324,de3df04a5232de4392da68ea308c71bd,bad25f51a901e88f,data\raw\dataset_B\EALPR Vechicles dataset\Vehicles\1844.jpg
dataset_B,1845.jpg,1845,.jpg,125687,960,720,3,1.333333,691200,RGB,109.62496672453703,50.679551537889985,1184.2554656923814,1184.2554656923814,7.586173057556152,ce3e4d7df46aae88f93f64d34d0831ec,8ab4b5989e9c9571,data\raw\dataset_B\EALPR Vechicles dataset\Vehicles\1845.jpg
dataset_B,1846.jpg,1846,.jpg,38038,720,960,3,0.75,691200,RGB,61.17095341435185,53.557209409503045,109.63970194749034,109.63970194749034,7.011064529418945,16f87fd80891a7ee1fb8e8f3481fc5c1,c2253cced478c769,data\raw\dataset_B\EALPR Vechicles dataset\Vehicles\1846.jpg
dataset_B,1847.jpg,1847,.jpg,110100,720,960,3,0.75,691200,RGB,125.59240162037037,64.15517930739264,1346.6342753170813,1346.6342753170813,7.629189491271973,799bda46926ff1f0f3e1478f6f6713d5,fa1781797bc52138,data\raw\dataset_B\EALPR Vechicles dataset\Vehicles\1847.jpg
dataset_B,1848.jpg,1848,.jpg,84638,719,960,3,0.748958,690240,RGB,121.23824611729253,66.42983059149947,570.2174682809393,570.2174682809393,7.798914909362793,d153728b4063587f973c84a4d7eb53c4,afc2a8ad954ada70,data\raw\dataset_B\EALPR Vechicles dataset\Vehicles\1848.jpg
dataset_B,1849.jpg,1849,.jpg,90239,960,720,3,1.333333,691200,RGB,121.87377025462963,59.68831515410402,1253.1190009833253,1253.1190009833253,7.779048442840576,937287c85366b2ac3a17b816293834a9,b9812e9e799e8638,data\raw\dataset_B\EALPR Vechicles dataset\Vehicles\1849.jpg
dataset_B,1850.jpg,1850,.jpg,100759,960,960,3,1.0,921600,RGB,121.04554361979167,77.17096423332141,1244.9312982784681,1244.9312982784681,6.980623245239258,2969ad4ab19aa632955f8042dbb0d0f6,f8d1c7098baa9a56,data\raw\dataset_B\EALPR Vechicles dataset\Vehicles\1850.jpg
dataset_B,1851.jpg,1851,.jpg,57118,720,960,3,0.75,691200,RGB,70.12157986111112,41.207824800865836,165.57589117356292,165.57589117356292,7.234669208526611,3ad53cf7c8a33263d66a0923eefc2973,e1d4c17d8d321f0b,data\raw\dataset_B\EALPR Vechicles dataset\Vehicles\1851.jpg
dataset_B,1852.jpg,1852,.jpg,57118,720,960,3,0.75,691200,RGB,70.12157986111112,41.207824800865836,165.57589117356292,165.57589117356292,7.234669208526611,3ad53cf7c8a33263d66a0923eefc2973,e1d4c17d8d321f0b,data\raw\dataset_B\EALPR Vechicles dataset\Vehicles\1852.jpg
dataset_B,1853.jpg,1853,.jpg,29198,528,960,3,0.55,506880,RGB,121.8553069760101,50.5819095811015,106.09419557694207,106.09419557694207,7.373856544494629,6dd70cfb714963df3d2446b950572452,a2e0ee2a92d52d3b,data\raw\dataset_B\EALPR Vechicles dataset\Vehicles\1853.jpg
dataset_B,1854.jpg,1854,.jpg,52762,720,960,3,0.75,691200,RGB,89.39130642361111,59.29513110096415,451.5413628357603,451.5413628357603,7.5348968505859375,0475dbfde2c777ba7430651920c1ba64,cbc9e323852d2667,data\raw\dataset_B\EALPR Vechicles dataset\Vehicles\1854.jpg
dataset_B,1855.jpg,1855,.jpg,71094,432,960,3,0.45,414720,RGB,133.2369960455247,51.23765696013105,819.0324793205849,819.0324793205849,7.2681193351745605,c1a9c83ff96d5b43ebe8495c92f53035,d2d291e9f8ce8585,data\raw\dataset_B\EALPR Vechicles dataset\Vehicles\1855.jpg
dataset_B,1856.jpg,1856,.jpg,85191,720,960,3,0.75,691200,RGB,107.24037181712963,54.50488632880467,1012.6965878212256,1012.6965878212256,7.42556095123291,c9f9fc69cee87cc89490ca11a225a036,df205bf72404ba59,data\raw\dataset_B\EALPR Vechicles dataset\Vehicles\1856.jpg
dataset_B,1857.jpg,1857,.jpg,172503,720,960,3,0.75,691200,RGB,142.63166666666666,58.02401466542555,914.3211116439256,914.3211116439256,7.401839733123779,019ca567bc69e13d0d643fe1857597a6,a19ede60218fcfe0,data\raw\dataset_B\EALPR Vechicles dataset\Vehicles\1857.jpg
dataset_B,1858.jpg,1858,.jpg,65874,960,720,3,1.333333,691200,RGB,136.28596064814815,56.231970955375814,626.6709443546164,626.6709443546164,7.581479549407959,7987684e0f678ff90a4587bad4769356,f9d0b899b492262f,data\raw\dataset_B\EALPR Vechicles dataset\Vehicles\1858.jpg
dataset_B,1859.jpg,1859,.jpg,86180,719,960,3,0.748958,690240,RGB,119.6226341562355,66.89594501690449,501.0335229112201,501.0335229112201,7.721657752990723,73c9f378b1b6beaf92bc8dc2eb1c8e9c,a845d54adfe76680,data\raw\dataset_B\EALPR Vechicles dataset\Vehicles\1859.jpg
dataset_B,1860.jpg,1860,.jpg,112342,960,720,3,1.333333,691200,RGB,110.40729600694445,58.60566304581082,1950.5850406153465,1950.5850406153465,7.7762837409973145,5e9dfa7101c7f4311b03fdbc2d108002,b991a12db638fa31,data\raw\dataset_B\EALPR Vechicles dataset\Vehicles\1860.jpg
dataset_B,1861.jpg,1861,.jpg,56471,720,960,3,0.75,691200,RGB,103.11162615740741,78.56212616086582,686.9431814476903,686.9431814476903,7.276946067810059,7b597a062d0261d2f43333ec0756507d,a5898e2f7b520aad,data\raw\dataset_B\EALPR Vechicles dataset\Vehicles\1861.jpg
dataset_B,1862.jpg,1862,.jpg,73397,960,720,3,1.333333,691200,RGB,116.60793836805556,60.31747279732403,427.70976593861315,427.70976593861315,7.688726902008057,0a2ad4944d37448074c5c97c86882dc8,f90e86337263998e,data\raw\dataset_B\EALPR Vechicles dataset\Vehicles\1862.jpg
dataset_B,1863.jpg,1863,.jpg,55769,960,779,3,1.232349,747840,RGB,94.98803353658536,71.3075024881214,238.47965629448126,238.47965629448126,7.553615093231201,7d7ca3393c250d32ac86458caa00c1a0,fa81d4abb8a99496,data\raw\dataset_B\EALPR Vechicles dataset\Vehicles\1863.jpg
dataset_B,1864.jpg,1864,.jpg,75202,934,700,3,1.334286,653800,RGB,120.70216579993883,60.28668468882408,780.538187150509,780.538187150509,7.702322483062744,7b07361b1cd6f7b17af3f86c1eca7283,ab6a986d923cc33c,data\raw\dataset_B\EALPR Vechicles dataset\Vehicles\1864.jpg
dataset_B,1865.jpg,1865,.jpg,117916,960,720,3,1.333333,691200,RGB,123.63116319444444,72.7140025721251,1054.46871590586,1054.46871590586,7.656588554382324,c459a442733b679748370394e9b52001,a5ad7d3585812b2b,data\raw\dataset_B\EALPR Vechicles dataset\Vehicles\1865.jpg
dataset_B,1866.jpg,1866,.jpg,35000,525,700,3,0.75,367500,RGB,100.32220408163265,72.4734409680834,287.3734925108316,287.3734925108316,7.597372531890869,95ee1f7eaf0d81c77bae9c7e04fa0b68,add8d0a99a17c3b1,data\raw\dataset_B\EALPR Vechicles dataset\Vehicles\1866.jpg
dataset_B,1867.jpg,1867,.jpg,108466,720,960,3,0.75,691200,RGB,138.6354195601852,72.58250474374698,986.5863811405553,986.5863811405553,7.4658098220825195,336d70e45dc59d8a4dc3b5f208c7ec0b,f5a5a992d2693507,data\raw\dataset_B\EALPR Vechicles dataset\Vehicles\1867.jpg
dataset_B,1868.jpg,1868,.jpg,97093,718,960,3,0.747917,689280,RGB,114.70896152506964,65.20231514086143,3079.193932547708,3079.193932547708,7.53779411315918,d374a21bfae343d984ba5aae963c4a69,888ea5b1967678d6,data\raw\dataset_B\EALPR Vechicles dataset\Vehicles\1868.jpg
dataset_B,1869.jpg,1869,.jpg,45030,540,960,3,0.5625,518400,RGB,80.23705825617284,37.7877083218816,180.48399491058893,180.48399491058893,7.200018405914307,39dbdb18c86c9a5197e8bb5d03cdf1e3,a2a5bc7805477ada,data\raw\dataset_B\EALPR Vechicles dataset\Vehicles\1869.jpg
dataset_B,1870.jpg,1870,.jpg,74951,720,960,3,0.75,691200,RGB,115.47029079861112,85.06490240642304,504.95642503735576,504.95642503735576,7.53249979019165,996a9634861a13c500674a8a95c30400,bd45c58d8fc94ab0,data\raw\dataset_B\EALPR Vechicles dataset\Vehicles\1870.jpg
dataset_B,1871.jpg,1871,.jpg,53020,720,960,3,0.75,691200,RGB,87.92419849537038,52.22682797438645,156.82235881503175,156.82235881503175,7.443792343139648,cd09004e67912746eebaee04c70d4785,c0403f1ec4c8dfd7,data\raw\dataset_B\EALPR Vechicles dataset\Vehicles\1871.jpg
dataset_B,1872.jpg,1872,.jpg,49362,720,960,3,0.75,691200,RGB,49.51242621527778,50.68401446079742,425.7751432033774,425.7751432033774,6.488913059234619,f8b17a7c762a07851e0f7c0e5ac231f3,c5ad6f8591383ad2,data\raw\dataset_B\EALPR Vechicles dataset\Vehicles\1872.jpg
dataset_B,1873.jpg,1873,.jpg,139614,960,960,3,1.0,921600,RGB,123.79356336805556,58.18887497086814,850.2572847352158,850.2572847352158,7.370023727416992,8467ddaa44eae9f9592dbf7221e49379,84387cdbc7417c3c,data\raw\dataset_B\EALPR Vechicles dataset\Vehicles\1873.jpg
dataset_B,1874.jpg,1874,.jpg,70068,704,960,3,0.733333,675840,RGB,103.84629646070076,58.93324353421429,588.9962630835972,588.9962630835972,7.520049571990967,b5b7ec9e3b9fab8459a012fffd8bafc2,fa91852e9ec958c3,data\raw\dataset_B\EALPR Vechicles dataset\Vehicles\1874.jpg
dataset_B,1875.jpg,1875,.jpg,126390,720,960,3,0.75,691200,RGB,126.45765335648149,62.881488929961094,1017.636444916431,1017.636444916431,7.775566101074219,cef19a78444b42bc05608125329ae4aa,aec1b0ce456cd62b,data\raw\dataset_B\EALPR Vechicles dataset\Vehicles\1875.jpg
dataset_B,1876.jpg,1876,.jpg,75570,720,960,3,0.75,691200,RGB,132.57184606481482,75.2563605320323,1036.580203066056,1036.580203066056,7.279074192047119,296beb1dbcf79da15b3381fa92ab6f06,a79fdf610218f194,data\raw\dataset_B\EALPR Vechicles dataset\Vehicles\1876.jpg
dataset_B,1877.jpg,1877,.jpg,85326,720,960,3,0.75,691200,RGB,101.06813512731482,51.93561260019628,878.7963619598765,878.7963619598765,7.370799541473389,c025ec5d1df5d9138a64c82708cafa60,c989c6cec69c5cb1,data\raw\dataset_B\EALPR Vechicles dataset\Vehicles\1877.jpg
dataset_B,1878.jpg,1878,.jpg,93074,960,720,3,1.333333,691200,RGB,131.48644965277776,60.60958623125719,691.8563254627934,691.8563254627934,7.568148136138916,d2050e0830296bc12e4261b6c69bb399,b6969bea654c44e4,data\raw\dataset_B\EALPR Vechicles dataset\Vehicles\1878.jpg
dataset_B,1879.jpg,1879,.jpg,59032,750,837,3,0.896057,627750,RGB,114.16206133014735,58.48794029762958,275.0527682889994,275.0527682889994,7.683743000030518,783e68ef0774904559e87d87cae6862c,b7d6222b977cd060,data\raw\dataset_B\EALPR Vechicles dataset\Vehicles\1879.jpg
dataset_B,1880.jpg,1880,.jpg,53363,720,960,3,0.75,691200,RGB,95.6474291087963,49.13797495182532,244.79484902654994,244.79484902654994,7.312763214111328,0b0950596dd18e88afa351143df2dafd,b907806e7c7193cd,data\raw\dataset_B\EALPR Vechicles dataset\Vehicles\1880.jpg
dataset_B,1881.jpg,1881,.jpg,82674,720,960,3,0.75,691200,RGB,97.36385561342593,49.6645532036113,1033.6999376096603,1033.6999376096603,7.403960227966309,a1f76c91f9cd65a19a3754f7d0e4abbc,87d7f93161c03c8e,data\raw\dataset_B\EALPR Vechicles dataset\Vehicles\1881.jpg
dataset_B,1882.jpg,1882,.jpg,61801,635,624,3,1.017628,396240,RGB,99.24109630526954,70.81438906990047,45.498699351986346,45.498699351986346,7.8568830490112305,fc01a259491f2de5d1e99a1886916b81,add4e44223a3d96b,data\raw\dataset_B\EALPR Vechicles dataset\Vehicles\1882.jpg
dataset_B,1883.jpg,1883,.jpg,117175,715,960,3,0.744792,686400,RGB,131.16690705128204,60.55564374727557,1084.5580450404032,1084.5580450404032,7.6514482498168945,ca7edf5f5974f8c75c5d749f4b4882fa,8b6a642b2c939bd6,data\raw\dataset_B\EALPR Vechicles dataset\Vehicles\1883.jpg
dataset_B,1884.jpg,1884,.jpg,75116,704,960,3,0.733333,675840,RGB,105.58411902225379,64.03178268267521,648.5366018470763,648.5366018470763,7.656475067138672,d65428c77c6334e224e5369542ec81bc,9e11955b976c2e16,data\raw\dataset_B\EALPR Vechicles dataset\Vehicles\1884.jpg
dataset_B,1885.jpg,1885,.jpg,78191,960,960,3,1.0,921600,RGB,137.09924913194445,60.06549673015007,647.9604161538018,647.9604161538018,7.433731555938721,f0dd79ddd22a4fc4fefad76c630287f1,f8ddc76394909896,data\raw\dataset_B\EALPR Vechicles dataset\Vehicles\1885.jpg
dataset_B,1886.jpg,1886,.jpg,57526,960,720,3,1.333333,691200,RGB,156.5327951388889,58.37226794155682,535.7067418219401,535.7067418219401,7.440889835357666,c0a486a13d257f2ea935770f6dadc49d,b5575f3deb622002,data\raw\dataset_B\EALPR Vechicles dataset\Vehicles\1886.jpg
dataset_B,1887.jpg,1887,.jpg,76330,720,960,3,0.75,691200,RGB,150.3506640625,59.13120430061999,389.4967794957855,389.4967794957855,7.6611809730529785,c3bb3df2a271dbfb5c2f53735c3633a5,eec4c43b93319b31,data\raw\dataset_B\EALPR Vechicles dataset\Vehicles\1887.jpg
dataset_B,1888.jpg,1888,.jpg,83478,960,960,3,1.0,921600,RGB,115.37620225694444,66.09419810121854,629.5454939317067,629.5454939317067,7.704981803894043,9804520e215b56c6624bdc9b226891f4,af80901e9fd7da60,data\raw\dataset_B\EALPR Vechicles dataset\Vehicles\1888.jpg
dataset_B,1889.jpg,1889,.jpg,68540,960,960,3,1.0,921600,RGB,100.88876519097222,52.901317459681835,213.04583942475023,213.04583942475023,7.529121398925781,cb22e1787e2ba166d2380364898cb852,9b33cf29927405c7,data\raw\dataset_B\EALPR Vechicles dataset\Vehicles\1889.jpg
dataset_B,1890.jpg,1890,.jpg,74429,960,720,3,1.333333,691200,RGB,122.13964699074074,57.66111243314823,740.2329347705795,740.2329347705795,7.553537368774414,3af32e6d8d3a14a75a1a59e56cbdadbe,c59f79c4dc53d220,data\raw\dataset_B\EALPR Vechicles dataset\Vehicles\1890.jpg
dataset_B,1891.jpg,1891,.jpg,100670,960,540,3,1.777778,518400,RGB,138.92084104938272,56.65250710950607,992.8556245338071,992.8556245338071,7.590323448181152,85f1a4fa36002c73754f236ab3d88f1a,ad0bd27ef8f04261,data\raw\dataset_B\EALPR Vechicles dataset\Vehicles\1891.jpg
dataset_B,1892.jpg,1892,.jpg,28449,420,700,3,0.6,294000,RGB,112.88468367346938,59.88105243096579,383.15639795584013,383.15639795584013,7.653024673461914,4db980f3f2b77af9d9c4611b373e55ab,f4e87836b078c9e8,data\raw\dataset_B\EALPR Vechicles dataset\Vehicles\1892.jpg
dataset_B,1893.jpg,1893,.jpg,52595,444,960,3,0.4625,426240,RGB,144.04625563063064,49.93706704852747,395.225757666841,395.225757666841,7.141032695770264,6037fefb20fc2c7c2badbdcf1fcc0dce,9f9591a88eca6a6c,data\raw\dataset_B\EALPR Vechicles dataset\Vehicles\1893.jpg
dataset_B,1894.jpg,1894,.jpg,88509,960,720,3,1.333333,691200,RGB,126.21541666666667,68.46806757862667,710.1386442259717,710.1386442259717,7.772494316101074,67ca21911a567844c65d348576a4fdb3,ed81350eb2998f96,data\raw\dataset_B\EALPR Vechicles dataset\Vehicles\1894.jpg
dataset_B,1895.jpg,1895,.jpg,65612,540,960,3,0.5625,518400,RGB,140.03039158950617,58.01242919353249,568.3678690471512,568.3678690471512,7.279341697692871,c4631b006789e51196f88262c272be58,f3c4ec3b92a42b92,data\raw\dataset_B\EALPR Vechicles dataset\Vehicles\1895.jpg
dataset_B,1896.jpg,1896,.jpg,79156,960,720,3,1.333333,691200,RGB,102.05936921296296,55.57603923234261,629.5047292900745,629.5047292900745,7.436634063720703,c8ef2701c7c15cd745b6e4a0b31204c3,8e10b37ec172d754,data\raw\dataset_B\EALPR Vechicles dataset\Vehicles\1896.jpg
dataset_B,1897.jpg,1897,.jpg,91551,960,540,3,1.777778,518400,RGB,136.40882716049381,71.55371243430085,919.4774934999987,919.4774934999987,7.774878025054932,642c3486937b659e30e6b4944f97e68d,b0f16c0df368c34e,data\raw\dataset_B\EALPR Vechicles dataset\Vehicles\1897.jpg
dataset_B,1898.jpg,1898,.jpg,103277,848,905,3,0.937017,767440,RGB,116.13871833628687,61.380316369970565,510.40597825721227,510.40597825721227,7.725520133972168,0a73aeb5d2876c88ac5a086c9914e95c,bd19c02b45d5658f,data\raw\dataset_B\EALPR Vechicles dataset\Vehicles\1898.jpg
dataset_B,1899.jpg,1899,.jpg,59128,720,960,3,0.75,691200,RGB,94.52149594907408,51.35488649784537,300.0832782533978,300.0832782533978,7.4206390380859375,f47d336212e95cca374fedd55673c711,ee464a6aa17e9349,data\raw\dataset_B\EALPR Vechicles dataset\Vehicles\1899.jpg
dataset_B,1900.jpg,1900,.jpg,124887,720,960,3,0.75,691200,RGB,114.02795862268519,61.29847447249968,1517.356459424297,1517.356459424297,7.843876361846924,98c1dcf3e030c4ec7d295228d4509c12,a2c2d0354bc9fd5a,data\raw\dataset_B\EALPR Vechicles dataset\Vehicles\1900.jpg
dataset_B,1901.jpg,1901,.jpg,64920,720,960,3,0.75,691200,RGB,114.4564988425926,47.991416242871246,232.57979590285603,232.57979590285603,7.0567946434021,117996aa3dc1eddafc86a2f8f879b5dd,bb1296ba39a1a5a9,data\raw\dataset_B\EALPR Vechicles dataset\Vehicles\1901.jpg
dataset_B,1902.jpg,1902,.jpg,84170,720,960,3,0.75,691200,RGB,140.54093460648147,58.78677837920032,582.7181529178803,582.7181529178803,7.5705342292785645,35c2db4039d1145aab1609bd40ecb7df,df04c06ba9a53d1d,data\raw\dataset_B\EALPR Vechicles dataset\Vehicles\1902.jpg
dataset_B,1903.jpg,1903,.jpg,45251,720,522,3,1.37931,375840,RGB,136.2356587909749,55.31238317112351,1555.0791303568485,1555.0791303568485,7.732071876525879,8aa69e8ada09a2a9b78c98268b95d821,c1cf6ac0e5cee289,data\raw\dataset_B\EALPR Vechicles dataset\Vehicles\1903.jpg
dataset_B,1904.jpg,1904,.jpg,98844,720,960,3,0.75,691200,RGB,135.4099291087963,53.48478948355596,1284.7217794185917,1284.7217794185917,7.635601043701172,5acb1e23b351a9fe767c99af108bb553,f595aa07842e2de5,data\raw\dataset_B\EALPR Vechicles dataset\Vehicles\1904.jpg
dataset_B,1905.jpg,1905,.jpg,70895,960,720,3,1.333333,691200,RGB,124.72706307870371,60.48743873747943,623.781780953362,623.781780953362,7.613550662994385,e74acf0ecfe13fabd49d0c256079b04c,b5ca9ae182bff880,data\raw\dataset_B\EALPR Vechicles dataset\Vehicles\1905.jpg
dataset_B,1906.jpg,1906,.jpg,86831,720,960,3,0.75,691200,RGB,100.9889988425926,68.84410369761697,797.1519333947454,797.1519333947454,7.650382041931152,629721adb110b945116e6d6ea767adcc,9c94ba2b9dd1870b,data\raw\dataset_B\EALPR Vechicles dataset\Vehicles\1906.jpg
dataset_B,1907.jpg,1907,.jpg,80893,720,960,3,0.75,691200,RGB,97.96893229166666,48.908226351204426,603.3026024027506,603.3026024027506,7.316911697387695,6cabad34b995554e5c153a781780f3a8,fd14941bbd2d502d,data\raw\dataset_B\EALPR Vechicles dataset\Vehicles\1907.jpg
dataset_B,1908.jpg,1908,.jpg,100002,960,718,3,1.337047,689280,RGB,127.36750377205199,64.24745032583589,1170.9687478581475,1170.9687478581475,7.776946067810059,e2b67de0197685e7d709d63ec902a2a7,e1debe6158aaa093,data\raw\dataset_B\EALPR Vechicles dataset\Vehicles\1908.jpg
dataset_B,1909.jpg,1909,.jpg,52747,960,598,3,1.605351,574080,RGB,149.46821348940915,50.57718801390271,567.8241444325286,567.8241444325286,7.132840156555176,94b01adc86e23c99baa600a86d91acd1,f08a8e35cb362c5e,data\raw\dataset_B\EALPR Vechicles dataset\Vehicles\1909.jpg
dataset_B,1910.jpg,1910,.jpg,96402,720,960,3,0.75,691200,RGB,131.70588252314815,65.16707784487781,2078.9814931854626,2078.9814931854626,7.571263313293457,f82fbb0105e95f774d987ce8003f399c,83add69d682735e0,data\raw\dataset_B\EALPR Vechicles dataset\Vehicles\1910.jpg
dataset_B,1911.jpg,1911,.jpg,71894,960,720,3,1.333333,691200,RGB,114.47594618055555,59.61405783304117,540.9452157921476,540.9452157921476,7.494964122772217,bbeb4dec6220598aa2ee8afe4fbab1a5,fd89072f90f37023,data\raw\dataset_B\EALPR Vechicles dataset\Vehicles\1911.jpg
dataset_B,1912.jpg,1912,.jpg,102929,720,960,3,0.75,691200,RGB,111.24135416666667,57.43376854759115,1222.8605297302247,1222.8605297302247,7.70615291595459,b8a9d29969943225210501a41726d507,eed66970e3e38c20,data\raw\dataset_B\EALPR Vechicles dataset\Vehicles\1912.jpg
dataset_B,1913.jpg,1913,.jpg,73262,467,960,3,0.486458,448320,RGB,124.59283324411135,61.891846410920365,749.3600774241122,749.3600774241122,6.829987049102783,37ade0b0a8b894d5002c12f2b05566da,ac84d4b8b283ab7b,data\raw\dataset_B\EALPR Vechicles dataset\Vehicles\1913.jpg
dataset_B,1914.jpg,1914,.jpg,93411,444,960,3,0.4625,426240,RGB,156.54540868993993,61.91337927466515,1799.9811524396546,1799.9811524396546,7.492494583129883,e70d09c67fa08ff6b98d70ff6839853e,fb4f84f07ac2c40b,data\raw\dataset_B\EALPR Vechicles dataset\Vehicles\1914.jpg
dataset_B,1915.jpg,1915,.jpg,130058,934,700,3,1.334286,653800,RGB,118.70513765677578,62.36956058858005,2599.304217321759,2599.304217321759,7.6788201332092285,e2b93f9d2a7c5b4faf0c6ecdffc7ff59,b686a692b43cc36d,data\raw\dataset_B\EALPR Vechicles dataset\Vehicles\1915.jpg
dataset_B,1916.jpg,1916,.jpg,81728,444,960,3,0.4625,426240,RGB,140.59191535285285,64.64672519040842,1518.778425231256,1518.778425231256,7.197031021118164,34ab3cb62c61abb3f375689a16d9737b,aa2b87d75aca8361,data\raw\dataset_B\EALPR Vechicles dataset\Vehicles\1916.jpg
dataset_B,1917.jpg,1917,.jpg,139277,720,960,3,0.75,691200,RGB,124.78523726851851,48.332066071765055,2029.6594761505671,2029.6594761505671,7.511007308959961,cb6f5551ae74a076e15ce0b4cfa70a30,ba56466cc5ad2a36,data\raw\dataset_B\EALPR Vechicles dataset\Vehicles\1917.jpg
dataset_B,1918.jpg,1918,.jpg,63529,960,444,3,2.162162,426240,RGB,133.71657047672673,45.074069790305636,472.78117997510253,472.78117997510253,7.3739166259765625,362c200ed03a040927917aaa21015a97,bdc910c9647cecf0,data\raw\dataset_B\EALPR Vechicles dataset\Vehicles\1918.jpg
dataset_B,1919.jpg,1919,.jpg,99920,960,720,3,1.333333,691200,RGB,99.08852430555555,56.86336115871775,1702.996386471426,1702.996386471426,7.6900434494018555,13b9eed0fd80da6c58d484c75e50b461,ec84c45ec96b67c1,data\raw\dataset_B\EALPR Vechicles dataset\Vehicles\1919.jpg
dataset_B,1920.jpg,1920,.jpg,96156,720,960,3,0.75,691200,RGB,108.18026186342593,52.429043193501606,511.47963183351783,511.47963183351783,7.578373908996582,13cc1e27806ee4c875f6f1a36ffb7124,9e9e2fe1e2229836,data\raw\dataset_B\EALPR Vechicles dataset\Vehicles\1920.jpg
dataset_B,1921.jpg,1921,.jpg,113953,720,960,3,0.75,691200,RGB,130.12881944444445,54.87628686793453,2403.671556889536,2403.671556889536,7.673915863037109,3d550dbc42312b772514fbc6b86c144b,e810947ef4f8d269,data\raw\dataset_B\EALPR Vechicles dataset\Vehicles\1921.jpg
dataset_B,1922.jpg,1922,.jpg,68276,720,960,3,0.75,691200,RGB,117.87362413194444,66.80426834426568,596.3700615559143,596.3700615559143,7.6545867919921875,45bc95936ee55b2eb6dcd881f4940247,a1e5fe7986823b22,data\raw\dataset_B\EALPR Vechicles dataset\Vehicles\1922.jpg
dataset_B,1923.jpg,1923,.jpg,116508,720,960,3,0.75,691200,RGB,104.39704571759259,53.243387065028784,1697.4635810456432,1697.4635810456432,7.691587448120117,79256e4df3fadf5bc52c9a429c74d774,fc807cd4a00bfd5c,data\raw\dataset_B\EALPR Vechicles dataset\Vehicles\1923.jpg
dataset_B,1924.jpg,1924,.jpg,48745,960,673,3,1.426449,646080,RGB,122.51917254829124,81.74034029760108,367.60621520256325,367.60621520256325,7.625700950622559,545683f1fba5c4f24fe30e6261f09a29,baa58b8bd658d823,data\raw\dataset_B\EALPR Vechicles dataset\Vehicles\1924.jpg
dataset_B,1925.jpg,1925,.jpg,98620,960,720,3,1.333333,691200,RGB,128.15154658564813,55.07973834512198,1245.5844717858815,1245.5844717858815,7.684323310852051,2dfa27b6547fb189a025c0283ed369d0,f3e46653989c9853,data\raw\dataset_B\EALPR Vechicles dataset\Vehicles\1925.jpg
dataset_B,1926.jpg,1926,.jpg,70180,960,720,3,1.333333,691200,RGB,106.83138020833333,50.19426957485182,394.0384518523018,394.0384518523018,7.524237155914307,38aebb1c2a8d8c1ca17146112afc6365,a0d22fe4accfa2cc,data\raw\dataset_B\EALPR Vechicles dataset\Vehicles\1926.jpg
dataset_B,1927.jpg,1927,.jpg,68066,960,720,3,1.333333,691200,RGB,117.63244791666666,66.67947740041132,428.3499985301641,428.3499985301641,7.72932243347168,1d930be04cbd367c8c457ba594b54029,f896aad0871a9769,data\raw\dataset_B\EALPR Vechicles dataset\Vehicles\1927.jpg
dataset_B,1928.jpg,1928,.jpg,64089,467,960,3,0.486458,448320,RGB,136.42094039971448,61.67544444488392,838.9880128232362,838.9880128232362,7.243684768676758,43bbb1164c501015c2faaf17b8d9da84,cbc9a18796967878,data\raw\dataset_B\EALPR Vechicles dataset\Vehicles\1928.jpg
dataset_B,1929.jpg,1929,.jpg,59603,720,960,3,0.75,691200,RGB,109.83241319444444,51.27849810950304,178.85023416599014,178.85023416599014,6.94820499420166,ae249cd790f5fc2e388c762c0a03d50b,e86ac6e668e8d436,data\raw\dataset_B\EALPR Vechicles dataset\Vehicles\1929.jpg
dataset_B,1930.jpg,1930,.jpg,63084,720,960,3,0.75,691200,RGB,134.63971354166668,61.11394367484409,378.2609779079526,378.2609779079526,7.39508581161499,f18fecff20b05f345f947c7f46a44179,f90981974ad2f3e8,data\raw\dataset_B\EALPR Vechicles dataset\Vehicles\1930.jpg
dataset_B,1931.jpg,1931,.jpg,153656,960,720,3,1.333333,691200,RGB,124.95906539351851,60.42709548157577,3196.7868316719378,3196.7868316719378,7.7691969871521,f63c8e183331f755433980f42e8b1159,ec8578d2c36ce598,data\raw\dataset_B\EALPR Vechicles dataset\Vehicles\1931.jpg
dataset_B,1932.jpg,1932,.jpg,173509,720,960,3,0.75,691200,RGB,144.39115885416666,50.01624365443109,2531.9862729789493,2531.9862729789493,7.484915256500244,b383fb748e65cad6af5480f396ff0efb,f979f1232e48782c,data\raw\dataset_B\EALPR Vechicles dataset\Vehicles\1932.jpg
dataset_B,1933.jpg,1933,.jpg,131785,720,960,3,0.75,691200,RGB,123.81642071759259,62.67091424204778,2257.555423255598,2257.555423255598,7.863966941833496,9728a5f53b107f69aa7df49b459ba589,95e4d65ea58638c9,data\raw\dataset_B\EALPR Vechicles dataset\Vehicles\1933.jpg
dataset_B,1934.jpg,1934,.jpg,116340,960,720,3,1.333333,691200,RGB,101.4824927662037,55.777457428195596,1043.9366287529315,1043.9366287529315,7.626593589782715,13b6661b4016ae7262e53e989fd70569,ebe0f07de262c226,data\raw\dataset_B\EALPR Vechicles dataset\Vehicles\1934.jpg
dataset_B,1935.jpg,1935,.jpg,36714,525,700,3,0.75,367500,RGB,92.73260408163266,56.43597977982269,323.68462988498493,323.68462988498493,7.631581783294678,29be16695faf5c7fadbe342f5d17e8df,c5c52c0f836bc93b,data\raw\dataset_B\EALPR Vechicles dataset\Vehicles\1935.jpg
dataset_B,1936.jpg,1936,.jpg,84618,960,960,3,1.0,921600,RGB,121.91716362847222,60.364641502216415,435.9534071451069,435.9534071451069,7.511736869812012,bb7114ae7960244a9077bc7b02281a1d,b9999774f2f22206,data\raw\dataset_B\EALPR Vechicles dataset\Vehicles\1936.jpg
dataset_B,1937.jpg,1937,.jpg,73744,720,960,3,0.75,691200,RGB,121.70921440972222,73.46673208306616,874.5311092220771,874.5311092220771,7.576796531677246,52fed083214ed42fd33d127a43c71ca0,cbc3f9d8d86c2423,data\raw\dataset_B\EALPR Vechicles dataset\Vehicles\1937.jpg
dataset_B,1938.jpg,1938,.jpg,176830,720,960,3,0.75,691200,RGB,145.1548046875,51.842538129960545,2790.1262618419923,2790.1262618419923,7.550951957702637,9ca576b8e74c50f2e06ff0d41576353f,f070e36f4ed8288e,data\raw\dataset_B\EALPR Vechicles dataset\Vehicles\1938.jpg
dataset_B,1939.jpg,1939,.jpg,136300,720,960,3,0.75,691200,RGB,141.97595341435186,49.75752486657035,1283.7018593572839,1283.7018593572839,7.553374767303467,189b50a5abb4e15be8bd2affef26b755,f911d0e0e5769a99,data\raw\dataset_B\EALPR Vechicles dataset\Vehicles\1939.jpg
dataset_B,1940.jpg,1940,.jpg,140079,720,960,3,0.75,691200,RGB,118.17867042824074,57.8980205263628,1756.0138268602896,1756.0138268602896,7.748912334442139,6bdb01fece7255b44393a606246363f5,b9d0d229f03e5ae4,data\raw\dataset_B\EALPR Vechicles dataset\Vehicles\1940.jpg
dataset_B,1941.jpg,1941,.jpg,72674,960,720,3,1.333333,691200,RGB,147.60333767361112,65.28856693011554,561.6514664204161,561.6514664204161,7.480542182922363,992e0bf30be74b68b9f3782e82bcfc15,9a95e60f956a9b21,data\raw\dataset_B\EALPR Vechicles dataset\Vehicles\1941.jpg
dataset_B,1942.jpg,1942,.jpg,66782,467,960,3,0.486458,448320,RGB,112.05569682369736,74.38857277306015,1299.1759736189629,1299.1759736189629,7.131778717041016,634b689a9b7fd54c03b7c1b3e8ea1e1b,dfdf9794c024a4a2,data\raw\dataset_B\EALPR Vechicles dataset\Vehicles\1942.jpg
dataset_B,1943.jpg,1943,.jpg,116523,934,700,3,1.334286,653800,RGB,107.55941725298257,61.58178963996992,2122.4938038355035,2122.4938038355035,7.802303314208984,872f23e1cd07ccc7ed7e40779bcc12a8,95d35a91a09a97b9,data\raw\dataset_B\EALPR Vechicles dataset\Vehicles\1943.jpg
dataset_B,1944.jpg,1944,.jpg,83856,444,960,3,0.4625,426240,RGB,129.34424737237237,59.787851565013845,1321.2149768127447,1321.2149768127447,7.477014541625977,8c0592cec7e2a30c6977df0c8ee61024,af5ec0696ad4950d,data\raw\dataset_B\EALPR Vechicles dataset\Vehicles\1944.jpg
dataset_B,1945.jpg,1945,.jpg,61552,668,960,3,0.695833,641280,RGB,164.36916479540918,59.275627667219624,304.75145021123507,304.75145021123507,7.3887481689453125,3d78924d0bdf8230c84917dba70dae81,f615c56e3a92e18c,data\raw\dataset_B\EALPR Vechicles dataset\Vehicles\1945.jpg
dataset_B,1946.jpg,1946,.jpg,95092,960,540,3,1.777778,518400,RGB,136.92849922839505,60.57925867252338,1002.7891816995633,1002.7891816995633,7.723268985748291,b8bfe2468288cc2ed0ee6bee41d61279,ac87cdfef04c038c,data\raw\dataset_B\EALPR Vechicles dataset\Vehicles\1946.jpg
dataset_B,1947.jpg,1947,.jpg,51671,720,960,3,0.75,691200,RGB,129.2111226851852,54.006273952994334,236.64111972974402,236.64111972974402,7.537988662719727,886ed67f7fdcbe494906e7f17361ded6,a212d66c6d19b1ed,data\raw\dataset_B\EALPR Vechicles dataset\Vehicles\1947.jpg
dataset_B,1948.jpg,1948,.jpg,40902,720,960,3,0.75,691200,RGB,104.35170283564815,67.09648979311456,66.88616462231336,66.88616462231336,7.409680366516113,18ba1d0b59e8d455e149af4b6a7569a6,bcf495442a6b1f4a,data\raw\dataset_B\EALPR Vechicles dataset\Vehicles\1948.jpg
dataset_B,1949.jpg,1949,.jpg,115315,960,467,3,2.055675,448320,RGB,93.79733672376874,51.657978429399584,2594.7945772501103,2594.7945772501103,7.632652759552002,23f72efea002f606e6826b2098362a0f,a5e6e69a96985866,data\raw\dataset_B\EALPR Vechicles dataset\Vehicles\1949.jpg
dataset_B,1950.jpg,1950,.jpg,79997,720,960,3,0.75,691200,RGB,103.65448640046296,62.90777266270542,871.6963613945834,871.6963613945834,7.543407440185547,4c736bba85486f867c44e1b893a42aca,c9c9cae64c68e571,data\raw\dataset_B\EALPR Vechicles dataset\Vehicles\1950.jpg
dataset_B,1951.jpg,1951,.jpg,80185,960,720,3,1.333333,691200,RGB,120.39605613425925,66.82668179235355,622.2795890922055,622.2795890922055,7.680656909942627,42f15556d38604918d17c869a3e35193,bd94872fc90d0796,data\raw\dataset_B\EALPR Vechicles dataset\Vehicles\1951.jpg
dataset_B,1952.jpg,1952,.jpg,168443,720,960,3,0.75,691200,RGB,142.2575419560185,60.46151952397355,3785.088781285156,3785.088781285156,7.6216721534729,96b193b5b59f3e7c47699f1b8c2bc1e1,989ac72d8f86ace8,data\raw\dataset_B\EALPR Vechicles dataset\Vehicles\1952.jpg
dataset_B,1953.jpg,1953,.jpg,77213,960,720,3,1.333333,691200,RGB,143.78317853009258,56.44188727021624,419.50978273543785,419.50978273543785,7.725708961486816,ad69cc269f7b0353893353a436b82bf7,f8d2922d89a4eed8,data\raw\dataset_B\EALPR Vechicles dataset\Vehicles\1953.jpg
dataset_B,1954.jpg,1954,.jpg,63818,960,432,3,2.222222,414720,RGB,125.67442370756173,53.32463653214491,558.0052847897042,558.0052847897042,7.633864402770996,7ab8d43496978b7990aab8d126e2d650,f0c19d6c89d7dc82,data\raw\dataset_B\EALPR Vechicles dataset\Vehicles\1954.jpg
dataset_B,1955.jpg,1955,.jpg,116340,960,720,3,1.333333,691200,RGB,101.4824927662037,55.777457428195596,1043.9366287529315,1043.9366287529315,7.626593589782715,de490794b7470719ea3131bc46d6e562,ebe0f07de262c226,data\raw\dataset_B\EALPR Vechicles dataset\Vehicles\1955.jpg
dataset_B,1956.jpg,1956,.jpg,37263,720,526,3,1.368821,378720,RGB,138.07175221799747,50.75629164178871,663.0334076306651,663.0334076306651,7.603177547454834,a0d4f0560016aa2cf04ba69081dff56c,fcc8ec0038ffb04d,data\raw\dataset_B\EALPR Vechicles dataset\Vehicles\1956.jpg
dataset_B,1957.jpg,1957,.jpg,82888,960,540,3,1.777778,518400,RGB,149.34537229938272,65.02362286191854,756.6949990051148,756.6949990051148,7.794016361236572,c8bea36b09175f4f03d51a5452f8c562,b3f5d15a0c321735,data\raw\dataset_B\EALPR Vechicles dataset\Vehicles\1957.jpg
dataset_B,1958.jpg,1958,.jpg,94231,854,960,3,0.889583,819840,RGB,129.2541788641686,80.17772836842691,408.5230142425031,408.5230142425031,7.707302570343018,6adb3c3e4fc7e720cb110aae93e86f52,ddc58d2eb69414b4,data\raw\dataset_B\EALPR Vechicles dataset\Vehicles\1958.jpg
dataset_B,1959.jpg,1959,.jpg,69962,720,960,3,0.75,691200,RGB,120.36217158564814,63.632822314165516,431.55299379095806,431.55299379095806,7.747584819793701,f966e2b0e084f2e7a3ca7fd57050636a,8452afa9d23dcad2,data\raw\dataset_B\EALPR Vechicles dataset\Vehicles\1959.jpg
dataset_B,1960.jpg,1960,.jpg,69483,960,720,3,1.333333,691200,RGB,99.57617476851851,54.955636770018046,701.3277874067309,701.3277874067309,7.519957065582275,69403639018777db7c7021d358401bcc,cc0c2dccca43df72,data\raw\dataset_B\EALPR Vechicles dataset\Vehicles\1960.jpg
dataset_B,1961.jpg,1961,.jpg,80531,719,960,3,0.748958,690240,RGB,141.05829276773295,58.26895448877702,155.68456442930918,155.68456442930918,7.4946818351745605,4e30ae94092deeabf2fb7d7cdcd827d3,ef84c13bd07a96d0,data\raw\dataset_B\EALPR Vechicles dataset\Vehicles\1961.jpg
dataset_B,1962.jpg,1962,.jpg,136300,720,960,3,0.75,691200,RGB,141.97595341435186,49.75752486657035,1283.7018593572839,1283.7018593572839,7.553374767303467,6d84e9ff4e2bd1f39d831b3a1d4a6893,f911d0e0e5769a99,data\raw\dataset_B\EALPR Vechicles dataset\Vehicles\1962.jpg
dataset_B,1963.jpg,1963,.jpg,66329,960,720,3,1.333333,691200,RGB,135.9707175925926,53.158796484664926,386.0599545623068,386.0599545623068,7.59810733795166,49d990987f78ee68b5af1963d969873b,965a68c6856674de,data\raw\dataset_B\EALPR Vechicles dataset\Vehicles\1963.jpg
dataset_B,1964.jpg,1964,.jpg,81784,960,802,3,1.197007,769920,RGB,110.85731894222776,85.41438429622399,554.3254756386839,554.3254756386839,7.673640727996826,d673496fa4a23ca14db4fdae01752397,ebe18516d4f6461a,data\raw\dataset_B\EALPR Vechicles dataset\Vehicles\1964.jpg
dataset_B,1965.jpeg,1965,.jpeg,11690,345,460,3,0.75,158700,RGB,118.72057971014493,50.051744578902785,630.1948650682194,630.1948650682194,7.458789825439453,1dc6f1564e6b05d3beb3dd59d40d75dd,ae2b50812f7cc33d,data\raw\dataset_B\EALPR Vechicles dataset\Vehicles\1965.jpeg
dataset_B,1966.jpeg,1966,.jpeg,22992,615,461,3,1.334056,283515,RGB,74.99549935629508,55.575493651608376,610.0761013773619,610.0761013773619,7.397847652435303,b1178feacf7e93596f2e748296713aa0,de352c9acf245a70,data\raw\dataset_B\EALPR Vechicles dataset\Vehicles\1966.jpeg
dataset_B,1967.jpg,1967,.jpg,153157,800,1000,3,0.8,800000,RGB,90.1781975,56.41727382328035,310.048357457975,310.048357457975,7.564532279968262,865bfe3f9d6e2ef98c5df896833f6e64,e5f9ba07972e80a1,data\raw\dataset_B\EALPR Vechicles dataset\Vehicles\1967.jpg
dataset_B,1968.jpg,1968,.jpg,102900,750,562,3,1.33452,421500,RGB,137.31083748517202,64.33917687818733,2251.579916093509,2251.579916093509,7.790134906768799,4a69e84088936c552b1897a42980977b,bfdbc03839c80e8b,data\raw\dataset_B\EALPR Vechicles dataset\Vehicles\1968.jpg
dataset_B,1969.jpg,1969,.jpg,119285,799,997,3,0.801404,796603,RGB,159.67090759135982,75.71785142184807,560.5881825737878,560.5881825737878,7.549849033355713,741c79aba3b1dcfa028d2bb89249346a,a3c1dc7f11841f69,data\raw\dataset_B\EALPR Vechicles dataset\Vehicles\1969.jpg
dataset_B,1970.jpg,1970,.jpg,117273,937,1171,3,0.800171,1097227,RGB,107.668400431269,54.12935813995761,305.61539532418976,305.61539532418976,7.496255397796631,90520d2333bc26a7055c0cd94b98dfae,fdebe3c10c8ca2a8,data\raw\dataset_B\EALPR Vechicles dataset\Vehicles\1970.jpg
dataset_B,1971.jpg,1971,.jpg,119282,750,750,3,1.0,562500,RGB,123.93924977777777,57.10415662696689,1548.7084799674185,1548.7084799674185,7.538247108459473,1751dc20a37d46c355999821210f0a36,a505c3d37dcda832,data\raw\dataset_B\EALPR Vechicles dataset\Vehicles\1971.jpg
dataset_B,1972.jpg,1972,.jpg,126655,764,956,3,0.799163,730384,RGB,86.88380769567789,60.3966433182629,352.4615229787013,352.4615229787013,7.564157962799072,d2ee60fa8c05e4b8c33788182bd5b9fc,c8946f6e9c686d91,data\raw\dataset_B\EALPR Vechicles dataset\Vehicles\1972.jpg
dataset_B,1973.jpg,1973,.jpg,56588,640,479,3,1.336117,306560,RGB,103.0064881263048,72.75864655693302,623.4170004144839,623.4170004144839,7.610663414001465,61f177c5a03af629163a3834490c777b,bfd092aacb352326,data\raw\dataset_B\EALPR Vechicles dataset\Vehicles\1973.jpg
dataset_B,1974.jpg,1974,.jpg,54769,1080,608,3,1.776316,656640,RGB,117.81643518518518,62.085228392417825,179.4907001179316,179.4907001179316,7.687935829162598,887963f2c5cfbfb2665355b29527060c,95df627584e8a561,data\raw\dataset_B\EALPR Vechicles dataset\Vehicles\1974.jpg
dataset_B,1975.jpg,1975,.jpg,61219,750,562,3,1.33452,421500,RGB,42.39567259786477,38.93770031814923,688.0099259962035,688.0099259962035,6.537280559539795,e390b76828624466dfc5ed88ee906aaa,950d6aaa196736d6,data\raw\dataset_B\EALPR Vechicles dataset\Vehicles\1975.jpg
dataset_B,1976.jpg,1976,.jpg,193532,937,1171,3,0.800171,1097227,RGB,139.9332954803336,64.03403974956788,1107.3670776414265,1107.3670776414265,7.752236366271973,4e767a0595f5fbf0223a69060572c0e2,c6c66fe34ac02cdc,data\raw\dataset_B\EALPR Vechicles dataset\Vehicles\1976.jpg
dataset_B,1977.jpg,1977,.jpg,56927,640,480,3,1.333333,307200,RGB,96.10067708333334,60.29506155116043,1733.8792023083897,1733.8792023083897,7.576323509216309,fe669ca46b7e414d3da53fe5140ff975,93907c30f6dc8b93,data\raw\dataset_B\EALPR Vechicles dataset\Vehicles\1977.jpg
dataset_B,1978.jpg,1978,.jpg,80437,800,1000,3,0.8,800000,RGB,80.99057375,52.2012328627956,168.41368422999375,168.41368422999375,7.3762407302856445,8ace0066a1d0d9e3d789bc4d26e6c852,fda4951b065a7925,data\raw\dataset_B\EALPR Vechicles dataset\Vehicles\1978.jpg
dataset_B,1979.jpg,1979,.jpg,65700,750,562,3,1.33452,421500,RGB,86.27437722419928,63.715457215612865,1016.6729352934516,1016.6729352934516,7.391963481903076,6ce22d5ccd0d902018988fa106c72230,bf978e9a50707921,data\raw\dataset_B\EALPR Vechicles dataset\Vehicles\1979.jpg
dataset_B,1980.jpg,1980,.jpg,75759,795,993,3,0.800604,789435,RGB,111.54747129276001,58.78377804773726,85.28751439031478,85.28751439031478,7.558444499969482,fb3ff5b7e514c74a5cea68effb1dd7d4,a9a175d894867ab9,data\raw\dataset_B\EALPR Vechicles dataset\Vehicles\1980.jpg
dataset_B,1981.jpg,1981,.jpg,68816,1080,808,3,1.336634,872640,RGB,147.15108979647965,67.99625376154636,122.27515584133322,122.27515584133322,7.5599141120910645,3bffd607114d90e6637fe79005637698,f2e07adc8435f035,data\raw\dataset_B\EALPR Vechicles dataset\Vehicles\1981.jpg
dataset_B,1982.jpg,1982,.jpg,113977,800,1000,3,0.8,800000,RGB,73.0884725,48.75372842272418,177.63892945240002,177.63892945240002,7.300130844116211,4a6c08d4e9c8b246a36c87ecc53f5592,e303c27f0f282f65,data\raw\dataset_B\EALPR Vechicles dataset\Vehicles\1982.jpg
dataset_B,1983.jpg,1983,.jpg,150836,937,1171,3,0.800171,1097227,RGB,117.18452061423935,55.235496385278076,310.5755463432125,310.5755463432125,7.72987699508667,eec82726c27f0587d477f243aeed8f09,cf43c209a5e38e8f,data\raw\dataset_B\EALPR Vechicles dataset\Vehicles\1983.jpg
dataset_B,1984.jpg,1984,.jpg,257238,937,1171,3,0.800171,1097227,RGB,123.8000158581588,61.02069496414451,1812.8292555973806,1812.8292555973806,7.817656517028809,5d405e1b61f8f31736590efd0f1a066f,bf11c00b5e8c69eb,data\raw\dataset_B\EALPR Vechicles dataset\Vehicles\1984.jpg
dataset_B,1985.jpg,1985,.jpg,54973,640,480,3,1.333333,307200,RGB,96.27715494791667,54.63169874762739,587.0250695256551,587.0250695256551,7.402046203613281,2dfab30814fb2498dd769ec6668387ce,e0c6c2b2b9f2d2d2,data\raw\dataset_B\EALPR Vechicles dataset\Vehicles\1985.jpg
dataset_B,1986.jpg,1986,.jpg,65911,640,449,3,1.42539,287360,RGB,113.29781806792873,63.983241261107075,916.6058750200253,916.6058750200253,7.87183952331543,660c625aa0c2bba6334510e9884e702b,e10183aa1ae7d9db,data\raw\dataset_B\EALPR Vechicles dataset\Vehicles\1986.jpg
dataset_B,1987.jpg,1987,.jpg,179095,937,1171,3,0.800171,1097227,RGB,119.09613507505739,63.5247231700059,406.75335954685244,406.75335954685244,7.758327484130859,2cb0481c6bfa13765e88910415da473e,be9de504d4d912d2,data\raw\dataset_B\EALPR Vechicles dataset\Vehicles\1987.jpg
dataset_B,1988.jpg,1988,.jpg,55107,640,480,3,1.333333,307200,RGB,106.39923502604167,54.397725160800825,2078.7104289537115,2078.7104289537115,7.433623313903809,01618604553a377b2ece5dd2edb6b542,bfaf2ebad8686080,data\raw\dataset_B\EALPR Vechicles dataset\Vehicles\1988.jpg
dataset_B,1989.jpg,1989,.jpg,113248,937,1171,3,0.800171,1097227,RGB,75.27375647883255,64.618060535501,110.8025166825905,110.8025166825905,7.010638236999512,b18ad277f0b1a109d818a538f48b42d1,cfdcf0f18b0a2474,data\raw\dataset_B\EALPR Vechicles dataset\Vehicles\1989.jpg
dataset_B,1990.jpg,1990,.jpg,63623,750,561,3,1.336898,420750,RGB,84.59366369578134,52.49979512298904,665.6056090195387,665.6056090195387,7.390390872955322,08e4d22cd1aa6591e684d44fcd1e0731,a8b454b28a88ef77,data\raw\dataset_B\EALPR Vechicles dataset\Vehicles\1990.jpg
dataset_B,1991.jpg,1991,.jpg,31758,1080,720,3,1.5,777600,RGB,26.880209619341564,45.944531419901665,173.24365225890256,173.24365225890256,4.789320945739746,9f8b5f84e1178361d33b74bc40f079bf,c26b3d9231cc673c,data\raw\dataset_B\EALPR Vechicles dataset\Vehicles\1991.jpg
dataset_B,1992.jpg,1992,.jpg,76247,720,720,3,1.0,518400,RGB,135.73019097222223,64.55415677691124,176.1707918714754,176.1707918714754,7.633284091949463,bf5465d2623a7643c9a0ceb1623d809c,adc0da688e74c73c,data\raw\dataset_B\EALPR Vechicles dataset\Vehicles\1992.jpg
dataset_B,1993.jpg,1993,.jpg,104941,640,570,3,1.122807,364800,RGB,105.12345942982456,79.76946449677672,3274.3709319763952,3274.3709319763952,7.710504055023193,f44816ab2da603f3329a6cd437f301ef,e6863fd7a432db00,data\raw\dataset_B\EALPR Vechicles dataset\Vehicles\1993.jpg
dataset_B,1994.jpg,1994,.jpg,49291,640,480,3,1.333333,307200,RGB,104.41382486979167,57.753397004103576,791.9188037019412,791.9188037019412,7.711409568786621,05c0090a9b916e83701970003ad1ad30,eaa8bd8496c7865a,data\raw\dataset_B\EALPR Vechicles dataset\Vehicles\1994.jpg
dataset_B,1995.jpg,1995,.jpg,54854,640,479,3,1.336117,306560,RGB,76.55220185281837,64.70748287242152,414.30133812568806,414.30133812568806,7.504141807556152,013a97489ca5be2577a034d6a4b19e55,97286b9770ee2193,data\raw\dataset_B\EALPR Vechicles dataset\Vehicles\1995.jpg
dataset_B,1996.jpg,1996,.jpg,66611,695,363,3,1.914601,252285,RGB,98.03675208593455,66.7964863578043,2263.865718057622,2263.865718057622,7.78929328918457,e670067786d8e16e808a191a192d6e7f,866e798f7c10e724,data\raw\dataset_B\EALPR Vechicles dataset\Vehicles\1996.jpg
dataset_B,1997.jpg,1997,.jpg,42253,640,640,3,1.0,409600,RGB,141.85436767578125,74.80328972072384,317.42589836835265,317.42589836835265,7.678845405578613,0545818a64b8f3a832c3683dda50e0db,872129fb2f47d0a9,data\raw\dataset_B\EALPR Vechicles dataset\Vehicles\1997.jpg
dataset_B,1998.jpg,1998,.jpg,142627,750,562,3,1.33452,421500,RGB,107.21851245551602,62.898036211837315,6956.027331104588,6956.027331104588,7.848694801330566,d921c2f66b46330ee314a2b431efd366,f078d95c74a45c66,data\raw\dataset_B\EALPR Vechicles dataset\Vehicles\1998.jpg
dataset_B,1999.jpg,1999,.jpg,50038,640,480,3,1.333333,307200,RGB,103.51292317708334,65.50921339798505,550.2605097854508,550.2605097854508,7.771079063415527,d03fa28b24f379dd2c25b6b6ddaf411a,8456fa288527dade,data\raw\dataset_B\EALPR Vechicles dataset\Vehicles\1999.jpg
dataset_B,2000.jpg,2000,.jpg,36055,1080,720,3,1.5,777600,RGB,58.328420781893,60.91277668142415,84.22237743484224,84.22237743484224,6.662446022033691,447d48108efd723b2f5a0a5d164abf0b,91667e916159b696,data\raw\dataset_B\EALPR Vechicles dataset\Vehicles\2000.jpg
dataset_B,2001.jpg,2001,.jpg,128423,937,1171,3,0.800171,1097227,RGB,102.02608667121753,48.724655262754666,196.29861637555658,196.29861637555658,6.881047248840332,ec4e5dba46fcb0e50e87c3a1563698b8,aaa2a1d5f2ccd5d0,data\raw\dataset_B\EALPR Vechicles dataset\Vehicles\2001.jpg
dataset_B,2002.jpg,2002,.jpg,90318,640,640,3,1.0,409600,RGB,147.9096533203125,61.98494943627924,1024.567146219611,1024.567146219611,7.5925374031066895,dce7bea9cc9749279d78ddc8f043e76d,ea6b85157c9e9550,data\raw\dataset_B\EALPR Vechicles dataset\Vehicles\2002.jpg
dataset_B,2003.jpg,2003,.jpg,110438,750,750,3,1.0,562500,RGB,102.15583111111111,67.13994302614277,1057.449775869759,1057.449775869759,7.647219181060791,cc127e77a96d7d54b3732009d3556ad5,e081834f3f27237e,data\raw\dataset_B\EALPR Vechicles dataset\Vehicles\2003.jpg
dataset_B,2004.jpg,2004,.jpg,104824,937,1171,3,0.800171,1097227,RGB,50.632688586773746,37.94027655983464,133.6668863249531,133.6668863249531,6.933722972869873,7af288f5ca56f459730d3dc71b39c299,affe6840932f6c11,data\raw\dataset_B\EALPR Vechicles dataset\Vehicles\2004.jpg
dataset_B,2005.jpg,2005,.jpg,83286,937,1171,3,0.800171,1097227,RGB,131.3947396482223,57.192483930090894,54.5460246371829,54.5460246371829,7.0599164962768555,79a7f87228c64b3ec8535c1fe50d47e6,ebc1943a9466cb69,data\raw\dataset_B\EALPR Vechicles dataset\Vehicles\2005.jpg
dataset_B,2006.jpg,2006,.jpg,97255,800,1000,3,0.8,800000,RGB,142.820625,65.0459368032268,150.97551952734378,150.97551952734378,7.359013080596924,545eed78fdaccd53e6c6e17fa83c425a,fed1c02abb2114fa,data\raw\dataset_B\EALPR Vechicles dataset\Vehicles\2006.jpg
dataset_B,2007.jpg,2007,.jpg,119261,750,750,3,1.0,562500,RGB,129.43146133333335,65.7094002763181,1301.8811256424267,1301.8811256424267,7.710997581481934,6fdcff812f2712a6adad2b52a7c5a2b1,9819bde1c36e70c3,data\raw\dataset_B\EALPR Vechicles dataset\Vehicles\2007.jpg
dataset_B,2008.jpg,2008,.jpg,123559,1080,1350,3,0.8,1458000,RGB,74.64508299039781,51.488853751712774,142.59151674514382,142.59151674514382,7.201998710632324,0fe339859fe4974405a46fddc5fefe6a,fd7993801de54646,data\raw\dataset_B\EALPR Vechicles dataset\Vehicles\2008.jpg
dataset_B,2009.jpg,2009,.jpg,119141,800,1000,3,0.8,800000,RGB,107.165615,70.87505773663803,226.00751384169374,226.00751384169374,7.856656074523926,0c5c2b62304b3d9ed0a91eb0f22283a0,ffe5a08a808d7f60,data\raw\dataset_B\EALPR Vechicles dataset\Vehicles\2009.jpg
dataset_B,2010.jpg,2010,.jpg,132673,937,1171,3,0.800171,1097227,RGB,78.5196035095746,50.89718805818473,295.71526917370994,295.71526917370994,7.201066493988037,5226e3957099969c5944e18c5fa4f6aa,af7f8160f1d501c3,data\raw\dataset_B\EALPR Vechicles dataset\Vehicles\2010.jpg
dataset_B,2011.jpg,2011,.jpg,84214,937,1171,3,0.800171,1097227,RGB,69.57034506077594,34.39006035637403,41.10924618598471,41.10924618598471,6.179625988006592,3f573b4d75b220bdcbe40df7a0c6f5a0,bca90b56d4764b89,data\raw\dataset_B\EALPR Vechicles dataset\Vehicles\2011.jpg
dataset_B,2012.jpg,2012,.jpg,59363,750,664,3,1.129518,498000,RGB,60.10613253012048,54.20724092607718,298.5947670246609,298.5947670246609,7.079370021820068,05e2f70baea45d789ccad8f5723c45e4,efe014c5e1f0d625,data\raw\dataset_B\EALPR Vechicles dataset\Vehicles\2012.jpg
dataset_B,2013.jpg,2013,.jpg,150674,937,1171,3,0.800171,1097227,RGB,82.15006466300957,58.5305822632805,251.0945483291003,251.0945483291003,7.362809658050537,5672520d5d7c23f728f8483fc9f01dbf,bf63c05dc5a262e4,data\raw\dataset_B\EALPR Vechicles dataset\Vehicles\2013.jpg
dataset_B,2014.jpg,2014,.jpg,108922,750,562,3,1.33452,421500,RGB,128.56550652431793,69.10544655304834,3641.906995977654,3641.906995977654,7.8553056716918945,6d417c2da1e3b6777f085baf1252dd96,ffcfd01314162725,data\raw\dataset_B\EALPR Vechicles dataset\Vehicles\2014.jpg
dataset_B,2015.jpg,2015,.jpg,100892,1024,765,3,1.338562,783360,RGB,80.94686989379085,53.81512383632902,542.6390109485374,542.6390109485374,7.326253890991211,37ad757bd573eb71b4b3d2ca1a21b551,aa73943c9c2e27c5,data\raw\dataset_B\EALPR Vechicles dataset\Vehicles\2015.jpg
dataset_B,2016.jpg,2016,.jpg,103164,800,1000,3,0.8,800000,RGB,108.4413975,64.93450897440431,194.31536036674373,194.31536036674373,7.299371719360352,d8d591c91f8d6166d05231a262ac4a8d,f7d1e9d6d6288806,data\raw\dataset_B\EALPR Vechicles dataset\Vehicles\2016.jpg
dataset_B,2017.jpg,2017,.jpg,125216,937,1171,3,0.800171,1097227,RGB,124.14656037447128,75.41309816314072,300.75267678814026,300.75267678814026,7.9218854904174805,4caf4449c61012107feebb848ea587c3,842f7ef0d059a17a,data\raw\dataset_B\EALPR Vechicles dataset\Vehicles\2017.jpg
dataset_B,2018.jpg,2018,.jpg,65536,852,1065,3,0.8,907380,RGB,109.02425665101721,60.26613993003826,390.2515826317564,390.2515826317564,7.616037368774414,512267b39a5c380030b3629f31fae297,,data\raw\dataset_B\EALPR Vechicles dataset\Vehicles\2018.jpg
dataset_B,2019.jpg,2019,.jpg,273443,1080,1275,3,0.847059,1377000,RGB,90.00772476397967,67.02045991398323,992.2971680032271,992.2971680032271,7.684833526611328,f651e6730e74fec237a2946e60074dad,ab55dc4ba534b464,data\raw\dataset_B\EALPR Vechicles dataset\Vehicles\2019.jpg
dataset_B,2020.jpg,2020,.jpg,156180,933,1160,3,0.80431,1082280,RGB,123.26860424289463,70.23344976379713,289.2517763476551,289.2517763476551,7.87879753112793,811fe0d62e73369b1c716abfe81960b9,f574aa08d55e02f5,data\raw\dataset_B\EALPR Vechicles dataset\Vehicles\2020.jpg
dataset_B,2021.jpg,2021,.jpg,173887,800,1000,3,0.8,800000,RGB,97.297105,59.17373989886878,703.3269939023438,703.3269939023438,7.600955963134766,0bfb3fa347e067207ff8e0a2a5e966f0,d425eb14d06b9ae5,data\raw\dataset_B\EALPR Vechicles dataset\Vehicles\2021.jpg
dataset_B,2022.jpg,2022,.jpg,26427,960,720,3,1.333333,691200,RGB,48.43968605324074,49.26625104325938,159.0334461781359,159.0334461781359,6.3502197265625,6cd83cb84bded7555c326402d8b132ea,a832574da3b8cc57,data\raw\dataset_B\EALPR Vechicles dataset\Vehicles\2022.jpg
dataset_B,2023.jpg,2023,.jpg,73778,1080,1080,3,1.0,1166400,RGB,105.22646604938272,65.97021132083466,232.65943550333472,232.65943550333472,7.718552112579346,f9ac0e6f639e555aa67c29f83f7275e6,f5d4b4eac0c0a43f,data\raw\dataset_B\EALPR Vechicles dataset\Vehicles\2023.jpg
dataset_B,2024.jpg,2024,.jpg,47666,750,737,3,1.017639,552750,RGB,47.374729986431475,37.46910961521187,117.88750430154559,117.88750430154559,6.808070182800293,1087f080029f12976059fd68608f7012,aa8ac38fcf119c9c,data\raw\dataset_B\EALPR Vechicles dataset\Vehicles\2024.jpg
dataset_B,2025.jpg,2025,.jpg,63632,960,796,3,1.20603,764160,RGB,104.51521409128978,76.09492514175689,79.57626280775511,79.57626280775511,7.614045143127441,61b9b33ef48792d505356408503e7608,fb9496aef8304645,data\raw\dataset_B\EALPR Vechicles dataset\Vehicles\2025.jpg
dataset_B,2026.jpg,2026,.jpg,60080,960,720,3,1.333333,691200,RGB,141.03440972222222,77.65568071740778,230.30505169588986,230.30505169588986,7.603545188903809,d43c63a2d3c2ffbe5622ebe3c7a52cba,f5f12a939e0af068,data\raw\dataset_B\EALPR Vechicles dataset\Vehicles\2026.jpg
dataset_B,2027.jpg,2027,.jpg,84936,960,540,3,1.777778,518400,RGB,92.27061342592593,70.47101478629004,2087.972273352957,2087.972273352957,7.680013656616211,dda7e21ac63cfafa19241b7e498d4fd2,a995870b98db9bc2,data\raw\dataset_B\EALPR Vechicles dataset\Vehicles\2027.jpg
dataset_B,2028.jpg,2028,.jpg,118689,960,960,3,1.0,921600,RGB,123.33440212673611,84.95474242758976,646.4245638551312,646.4245638551312,7.760322570800781,b86562ef66b0982aecf9a605437bb587,ebd0d47ad07fc600,data\raw\dataset_B\EALPR Vechicles dataset\Vehicles\2028.jpg
dataset_B,2029.jpg,2029,.jpg,93348,720,960,3,0.75,691200,RGB,90.08075810185186,54.07371466430411,1001.6056740233623,1001.6056740233623,7.385142803192139,c7896f8ee2747efded8446b01b588539,bf55e63b80a52358,data\raw\dataset_B\EALPR Vechicles dataset\Vehicles\2029.jpg
dataset_B,2030.jpg,2030,.jpg,44771,960,540,3,1.777778,518400,RGB,88.48861111111111,53.36596619491365,315.1832865863983,315.1832865863983,7.370029449462891,5fadba082dfd72d41dd68ff6be0220ed,f474110bcb90f63e,data\raw\dataset_B\EALPR Vechicles dataset\Vehicles\2030.jpg
dataset_B,2031.jpg,2031,.jpg,80056,900,1125,3,0.8,1012500,RGB,69.60030123456791,70.31172000655103,444.4281738196065,444.4281738196065,7.052598476409912,24dbeb79bcf5db233a4709ab2e51ee9f,ef8534943cb9d125,data\raw\dataset_B\EALPR Vechicles dataset\Vehicles\2031.jpg
dataset_B,2032.jpg,2032,.jpg,33618,540,960,3,0.5625,518400,RGB,64.4161824845679,74.00503121510589,49.314887736244486,49.314887736244486,6.533723831176758,3f5b5ce065c527b376374d602cf982c7,b6550baad5752ac4,data\raw\dataset_B\EALPR Vechicles dataset\Vehicles\2032.jpg
dataset_B,2033.jpg,2033,.jpg,104640,720,960,3,0.75,691200,RGB,116.19713541666667,61.581493243353556,905.4010196864228,905.4010196864228,7.696338653564453,5e861eeb263923a0cfbe3485bbc15577,be1f3b2a92951525,data\raw\dataset_B\EALPR Vechicles dataset\Vehicles\2033.jpg
dataset_B,2034.jpg,2034,.jpg,37271,960,539,3,1.781076,517440,RGB,59.6153930890538,59.70341088388244,98.02713535015167,98.02713535015167,6.924357891082764,76a97c4b51655d70b09dfc874da3789c,c93c3ccd3c09b734,data\raw\dataset_B\EALPR Vechicles dataset\Vehicles\2034.jpg
dataset_B,2035.jpg,2035,.jpg,28590,540,960,3,0.5625,518400,RGB,36.246635802469136,35.155620581000434,77.21492666031999,77.21492666031999,6.207386016845703,ebd22a8dcfee6258d5bcb733960c7516,c5c71a38b93c1e87,data\raw\dataset_B\EALPR Vechicles dataset\Vehicles\2035.jpg
dataset_B,2036.jpg,2036,.jpg,69776,640,635,3,1.007874,406400,RGB,112.82676673228346,71.8312290210595,1287.3570093218093,1287.3570093218093,7.857353210449219,d723b526134767079d892ebeac3594fb,a0b0ba7e85d1d58d,data\raw\dataset_B\EALPR Vechicles dataset\Vehicles\2036.jpg
dataset_B,2037.jpg,2037,.jpg,66686,960,540,3,1.777778,518400,RGB,126.60271604938272,57.77901862609542,1690.1944810204793,1690.1944810204793,7.708409786224365,9225675ae1c2dd8ada8066e3b9e307ef,a387c5642377658d,data\raw\dataset_B\EALPR Vechicles dataset\Vehicles\2037.jpg
dataset_B,2038.jpg,2038,.jpg,47944,1080,808,3,1.336634,872640,RGB,55.99676728089476,37.999336066356314,61.663007417736026,61.663007417736026,6.649499416351318,5bea4192af0157c3b5e4d092d2dde61f,fcd0d93df0b0902b,data\raw\dataset_B\EALPR Vechicles dataset\Vehicles\2038.jpg
dataset_B,2039.jpg,2039,.jpg,49008,960,720,3,1.333333,691200,RGB,65.60922598379629,58.95133561443821,112.19395520068929,112.19395520068929,7.155019760131836,36076c8615058483aa9d04f223ba8130,91f36a9ab925964a,data\raw\dataset_B\EALPR Vechicles dataset\Vehicles\2039.jpg
dataset_B,2040.jpg,2040,.jpg,85739,960,540,3,1.777778,518400,RGB,95.32893711419753,62.21325425691872,2263.3234351633014,2263.3234351633014,7.768357753753662,91fa2a0b410f215913ceae7f990df220,abc03c5b65659b0e,data\raw\dataset_B\EALPR Vechicles dataset\Vehicles\2040.jpg
dataset_B,2041.jpg,2041,.jpg,59501,960,668,3,1.437126,641280,RGB,134.6281078468064,51.90796065799543,223.27812403752318,223.27812403752318,7.445562839508057,09d64e67e7aaab5f1d18f8ec63d4bee6,e99d946bc7d41292,data\raw\dataset_B\EALPR Vechicles dataset\Vehicles\2041.jpg
dataset_B,2042.jpg,2042,.jpg,30003,543,960,3,0.565625,521280,RGB,159.75311732658074,74.54669813374804,21.68767457072645,21.68767457072645,6.530829906463623,6184e5d5d4a006d52713b37c6e0a76d5,fbf484c70ae879a0,data\raw\dataset_B\EALPR Vechicles dataset\Vehicles\2042.jpg
dataset_B,2043.jpg,2043,.jpg,36507,960,540,3,1.777778,518400,RGB,76.3693499228395,46.5446769310849,58.090280895618406,58.090280895618406,7.228837966918945,4e124d6bf660f1535bf8c4e5337e9e46,d612316fcdd0b236,data\raw\dataset_B\EALPR Vechicles dataset\Vehicles\2043.jpg
dataset_B,2044.jpg,2044,.jpg,44907,720,540,3,1.333333,388800,RGB,132.26940843621398,49.44293918182978,427.7351091993977,427.7351091993977,7.311045169830322,dce8f1c605ba644005111ad039eccd18,ebfa3a5d172e0068,data\raw\dataset_B\EALPR Vechicles dataset\Vehicles\2044.jpg
dataset_B,2045.jpg,2045,.jpg,29551,350,466,3,0.751073,163100,RGB,86.1892826486818,72.37142566232706,2347.13469294569,2347.13469294569,7.5990309715271,38bf48b2a2bc72554878f16a91a88fde,ede5a59598d86270,data\raw\dataset_B\EALPR Vechicles dataset\Vehicles\2045.jpg
dataset_B,2046.jpg,2046,.jpg,62758,720,540,3,1.333333,388800,RGB,95.67955761316873,54.98551826563151,1109.9688849910074,1109.9688849910074,7.670402526855469,4bee0bb294c268a72495d05e7c6e1c12,bd4f52088ff73424,data\raw\dataset_B\EALPR Vechicles dataset\Vehicles\2046.jpg
dataset_B,2047.jpg,2047,.jpg,38386,540,537,3,1.005587,289980,RGB,88.7290537278433,61.5377177536887,596.8900193390288,596.8900193390288,7.578225135803223,d024bbf4662d83b52914fbd462fb945b,818b075979269fd9,data\raw\dataset_B\EALPR Vechicles dataset\Vehicles\2047.jpg
dataset_B,2048.jpg,2048,.jpg,40884,960,720,3,1.333333,691200,RGB,131.53394820601852,50.16199710937344,30.267009572690274,30.267009572690274,7.4849772453308105,ee64b3ace003a988ac7860235bca686e,90d9d83b39193f34,data\raw\dataset_B\EALPR Vechicles dataset\Vehicles\2048.jpg
dataset_B,2049.jpg,2049,.jpg,37696,720,480,3,1.5,345600,RGB,134.55625868055554,52.696878316143334,457.25313684078674,457.25313684078674,7.457887649536133,81c64efee6b8604959cdb10afb7621b3,dcc2e0809d67e87e,data\raw\dataset_B\EALPR Vechicles dataset\Vehicles\2049.jpg
dataset_B,2050.jpg,2050,.jpg,60912,960,720,3,1.333333,691200,RGB,145.8854007523148,61.097128594641134,196.23027484667534,196.23027484667534,7.002574920654297,6ba675179a13dc8d3677d46e26772963,ad15903bcf7a9243,data\raw\dataset_B\EALPR Vechicles dataset\Vehicles\2050.jpg
dataset_B,2051.jpg,2051,.jpg,90427,960,720,3,1.333333,691200,RGB,96.32073350694445,69.18098899224962,570.3664662653836,570.3664662653836,7.497391223907471,d27cc2ae5b6245702069a7944101366e,836b678c5bde6c02,data\raw\dataset_B\EALPR Vechicles dataset\Vehicles\2051.jpg
dataset_B,2052.jpg,2052,.jpg,27448,720,540,3,1.333333,388800,RGB,91.60289351851851,56.42169374508146,141.02854160183043,141.02854160183043,6.755671501159668,fbcff1bd65b1c04f7c9f2644fdb06d06,de2fe12e8e582370,data\raw\dataset_B\EALPR Vechicles dataset\Vehicles\2052.jpg
dataset_B,2053.jpg,2053,.jpg,152328,900,1125,3,0.8,1012500,RGB,123.3456,75.88515038553368,1484.0854962288245,1484.0854962288245,7.597575664520264,a0e72752135d77fa578cc82252be1dde,ea959e9423c3963c,data\raw\dataset_B\EALPR Vechicles dataset\Vehicles\2053.jpg
dataset_B,2054.jpg,2054,.jpg,32174,640,960,3,0.666667,614400,RGB,49.027032877604164,67.73730945694342,162.62916308322485,162.62916308322485,5.344363212585449,d4f30eabcf9ede6f09c3d0a652f8405f,bdac445242c8beaf,data\raw\dataset_B\EALPR Vechicles dataset\Vehicles\2054.jpg
dataset_B,2055.jpg,2055,.jpg,49212,960,677,3,1.418021,649920,RGB,60.33167620630231,70.56517379625483,122.9407248643438,122.9407248643438,6.71287727355957,cea6de624af8e1dcdf1fc4d1c640f8b3,d23f35d03591698e,data\raw\dataset_B\EALPR Vechicles dataset\Vehicles\2055.jpg
dataset_B,2056.jpg,2056,.jpg,44907,720,540,3,1.333333,388800,RGB,132.26940843621398,49.44293918182978,427.7351091993977,427.7351091993977,7.311045169830322,bc4ba340c191ba28f23698892464011f,ebfa3a5d172e0068,data\raw\dataset_B\EALPR Vechicles dataset\Vehicles\2056.jpg
dataset_B,2057.jpg,2057,.jpg,46162,720,505,3,1.425743,363600,RGB,62.435354785478545,49.0533543661552,456.4164808686073,456.4164808686073,7.06646728515625,fa2280de6d3fa9f0aa48db0cb3ee9c53,cac0d75b9a27a899,data\raw\dataset_B\EALPR Vechicles dataset\Vehicles\2057.jpg
dataset_B,2058.jpg,2058,.jpg,51494,750,740,3,1.013514,555000,RGB,115.7526054054054,60.56837719994887,679.9968558297509,679.9968558297509,7.565773010253906,bca6ec8897ca93f706d53f1077289858,b6a1818f96f4ae83,data\raw\dataset_B\EALPR Vechicles dataset\Vehicles\2058.jpg
dataset_B,2059.jpg,2059,.jpg,27699,480,480,3,1.0,230400,RGB,76.35572048611111,56.277923233638575,300.51519450531003,300.51519450531003,6.858129501342773,f2ca24a7beb2c0e1b4e32f414b1544c7,9393b23c92cb9336,data\raw\dataset_B\EALPR Vechicles dataset\Vehicles\2059.jpg
dataset_B,2060.jpg,2060,.jpg,58420,750,562,3,1.33452,421500,RGB,103.62160854092527,65.66981904247154,615.5526524313353,615.5526524313353,7.688412666320801,dc4ae8337254382aed7bf35172bb7fc3,b073cb2cccd770a8,data\raw\dataset_B\EALPR Vechicles dataset\Vehicles\2060.jpg
dataset_B,2061.jpg,2061,.jpg,32912,720,540,3,1.333333,388800,RGB,143.26096450617283,71.28686019972805,223.88699002469744,223.88699002469744,6.827491760253906,1836974a1c2673cd27cf7597b98737d5,a6d02f56b0c8af65,data\raw\dataset_B\EALPR Vechicles dataset\Vehicles\2061.jpg
dataset_B,2062.jpg,2062,.jpg,45923,640,611,3,1.047463,391040,RGB,126.78128580196399,63.274161372275145,184.01457204258344,184.01457204258344,7.4744110107421875,5a9a35e0547d48f0e5fe642e4ae5ec78,9bfd6cd0834ad074,data\raw\dataset_B\EALPR Vechicles dataset\Vehicles\2062.jpg
dataset_B,2063.jpg,2063,.jpg,39641,432,720,3,0.6,311040,RGB,104.85074909979424,80.53577427793415,772.6798128857922,772.6798128857922,7.470599174499512,3175f4f71bac83d1fdd930f40f9b42bd,a480c9f97f331707,data\raw\dataset_B\EALPR Vechicles dataset\Vehicles\2063.jpg
dataset_B,2064.jpg,2064,.jpg,39427,852,480,3,1.775,408960,RGB,129.74106269561815,72.28924852935972,169.61445360849675,169.61445360849675,7.377358436584473,f1901c0c2066d47aaec600fe585a40d1,e5cdb0b2b764684a,data\raw\dataset_B\EALPR Vechicles dataset\Vehicles\2064.jpg
dataset_B,2065.jpg,2065,.jpg,75124,701,722,3,0.970914,506122,RGB,80.43570917683878,60.0890402235692,837.3274921839569,837.3274921839569,7.342914581298828,e789a9e5e5827628ec4f8a1885769bb0,8d4da967d34b89a4,data\raw\dataset_B\EALPR Vechicles dataset\Vehicles\2065.jpg
dataset_B,2066.jpg,2066,.jpg,52604,640,628,3,1.019108,401920,RGB,87.48728851512739,61.771385592908906,277.8613098159326,277.8613098159326,7.345650672912598,73cc719e81ebedb3adf0ec3266ca0a12,db8369704178cf1e,data\raw\dataset_B\EALPR Vechicles dataset\Vehicles\2066.jpg
dataset_B,2067.jpg,2067,.jpg,38570,640,640,3,1.0,409600,RGB,36.9085595703125,35.905126287564336,236.51998153447508,236.51998153447508,5.620135307312012,5819fab245739e2c7d77eb71a18098de,8877730cd5338c6b,data\raw\dataset_B\EALPR Vechicles dataset\Vehicles\2067.jpg
dataset_B,2068.jpg,2068,.jpg,56197,960,720,3,1.333333,691200,RGB,123.38322337962963,80.03974031260283,74.3809993807548,74.3809993807548,7.5021796226501465,5ec653c61e9df4c74e8d032d93065aaf,aa90dbcc74328ece,data\raw\dataset_B\EALPR Vechicles dataset\Vehicles\2068.jpg
dataset_B,2069.jpg,2069,.jpg,104025,750,738,3,1.01626,553500,RGB,143.7050569105691,70.64352951554163,1183.1229767443606,1183.1229767443606,7.38043212890625,2c8454a01cc51b5dbf3139d38506e8a6,da968f73a7259890,data\raw\dataset_B\EALPR Vechicles dataset\Vehicles\2069.jpg
dataset_B,2070.jpg,2070,.jpg,23866,476,464,3,1.025862,220864,RGB,110.37112431179368,68.55427236293262,610.0238015724266,610.0238015724266,7.646273612976074,d63741cd0bd9712775a45deafa097aee,8f61798791d16363,data\raw\dataset_B\EALPR Vechicles dataset\Vehicles\2070.jpg
dataset_B,2071.jpg,2071,.jpg,40860,720,960,3,0.75,691200,RGB,63.6498119212963,64.1975040097924,19.482071754026478,19.482071754026478,7.020357608795166,448be6039e2c8d5227204e1d8743d3a3,d1f92e27971c28c9,data\raw\dataset_B\EALPR Vechicles dataset\Vehicles\2071.jpg
dataset_B,2072.jpg,2072,.jpg,72235,960,720,3,1.333333,691200,RGB,113.12014756944444,60.26811281912807,317.2442241318105,317.2442241318105,7.593156337738037,ef6c71ba53855c77c98f7c8e7242794a,eac5d57dc0c08b8b,data\raw\dataset_B\EALPR Vechicles dataset\Vehicles\2072.jpg
dataset_B,2073.jpg,2073,.jpg,75124,701,722,3,0.970914,506122,RGB,80.43570917683878,60.0890402235692,837.3274921839569,837.3274921839569,7.342914581298828,954f13404fbf53cfb624eca1d1a5aa05,8d4da967d34b89a4,data\raw\dataset_B\EALPR Vechicles dataset\Vehicles\2073.jpg
dataset_B,2074.jpg,2074,.jpg,27699,480,480,3,1.0,230400,RGB,76.35572048611111,56.277923233638575,300.51519450531003,300.51519450531003,6.858129501342773,abf8fa41f7e3d556f8fd2c1f7abbbfd2,9393b23c92cb9336,data\raw\dataset_B\EALPR Vechicles dataset\Vehicles\2074.jpg
dataset_B,2075.jpg,2075,.jpg,76059,640,629,3,1.017488,402560,RGB,97.51370230524643,41.24714918902146,2492.22138953972,2492.22138953972,7.028783321380615,33b39a5623c5053835925312c9257551,aad13168f4c2aa5f,data\raw\dataset_B\EALPR Vechicles dataset\Vehicles\2075.jpg
dataset_B,2076.jpg,2076,.jpg,114549,937,1170,3,0.800855,1096290,RGB,88.06757792190022,61.6648135571125,244.24800869081156,244.24800869081156,7.65496301651001,46b5fcad641c520fd20fdd2852184e28,bfd28849446f5674,data\raw\dataset_B\EALPR Vechicles dataset\Vehicles\2076.jpg
dataset_B,2077.jpg,2077,.jpg,39297,960,596,3,1.610738,572160,RGB,42.64420441834452,47.53261019245265,108.2663535408615,108.2663535408615,6.74117374420166,95be6be4f79c7d4a5d9f6a430a5ec264,c0283fd2f06f9ee0,data\raw\dataset_B\EALPR Vechicles dataset\Vehicles\2077.jpg
dataset_B,2078.jpg,2078,.jpg,115506,720,960,3,0.75,691200,RGB,117.28368055555555,60.80263932555487,1104.7176054212593,1104.7176054212593,7.695769309997559,c268b0581d0eff00cce4d97e7c060148,eb1184e2129b9f3b,data\raw\dataset_B\EALPR Vechicles dataset\Vehicles\2078.jpg
dataset_B,2079.jpg,2079,.jpg,85076,960,720,3,1.333333,691200,RGB,120.6085546875,62.44940244521224,533.8750062119473,533.8750062119473,7.6951680183410645,8d725717fc5b60601b1a978158140f08,bc89692ab4ad52ba,data\raw\dataset_B\EALPR Vechicles dataset\Vehicles\2079.jpg
dataset_B,2080.jpg,2080,.jpg,52435,750,745,3,1.006711,558750,RGB,91.09441252796421,65.68305715507258,122.75651687478022,122.75651687478022,7.583676815032959,8ff9de20556fbcccca8dfd027ef11358,8f8f8f9692f05152,data\raw\dataset_B\EALPR Vechicles dataset\Vehicles\2080.jpg
dataset_B,2081.jpg,2081,.jpg,67737,960,540,3,1.777778,518400,RGB,121.20956018518518,44.19712524648494,736.1582485356437,736.1582485356437,7.289021968841553,502c3f217a3520fb69511b4afc01a1e5,ad03d2fc88b3716c,data\raw\dataset_B\EALPR Vechicles dataset\Vehicles\2081.jpg
dataset_B,2082.jpg,2082,.jpg,146713,900,1125,3,0.8,1012500,RGB,123.84134814814814,70.47611139592719,1016.3059114064768,1016.3059114064768,7.935940265655518,56da8ba992d9ac79a432458517c8b20b,a610d9ad029f5ff0,data\raw\dataset_B\EALPR Vechicles dataset\Vehicles\2082.jpg
dataset_B,2083.jpg,2083,.jpg,87420,960,868,3,1.105991,833280,RGB,118.72696572580645,80.36790207686126,491.78894747125423,491.78894747125423,7.69383430480957,fa1369f4382fd70b1b0c96872f7e0ebd,e9beb3811f2628e8,data\raw\dataset_B\EALPR Vechicles dataset\Vehicles\2083.jpg
dataset_B,2084.jpg,2084,.jpg,113039,720,960,3,0.75,691200,RGB,117.48131221064814,60.758611246319184,1298.9239018959893,1298.9239018959893,7.696669101715088,14140c708de33a57dd61a2adc4918b8f,eb1184e2129b9f3b,data\raw\dataset_B\EALPR Vechicles dataset\Vehicles\2084.jpg
dataset_B,2085.jpg,2085,.jpg,109171,960,540,3,1.777778,518400,RGB,118.87358603395062,60.01629480239988,4668.973746591003,4668.973746591003,7.789852142333984,85a053f0845332bba519e838ebe3b4cf,ed7432e2c58a2727,data\raw\dataset_B\EALPR Vechicles dataset\Vehicles\2085.jpg
dataset_B,2086.jpg,2086,.jpg,38470,640,640,3,1.0,409600,RGB,101.6453173828125,48.261133410775045,146.81849786800743,146.81849786800743,7.41459321975708,8e0b0323561f4cb3262ba6896a7a253d,e86a80423ede9de5,data\raw\dataset_B\EALPR Vechicles dataset\Vehicles\2086.jpg
dataset_B,2087.jpg,2087,.jpg,44454,960,720,3,1.333333,691200,RGB,29.63517795138889,29.361322605017346,50.958765595227575,50.958765595227575,5.565219402313232,f04b6856aa8fa3528731978958a53aef,92b1259e9ea1b2cb,data\raw\dataset_B\EALPR Vechicles dataset\Vehicles\2087.jpg
